insert into POSITION ("id_position", "position_name", "salary", "description") values (1, 'Ve52n44', 1353, 'U1J3Y445UGLNR');
insert into POSITION ("id_position", "position_name", "salary", "description") values (2, 'DM8Vs', 20, '9EH5P0XXT2B');
insert into POSITION ("id_position", "position_name", "salary", "description") values (3, 'M5qOpXj', 2976, 'T3C4KDT3DCL');
insert into POSITION ("id_position", "position_name", "salary", "description") values (4, 'TgxLHS', 1085, 'DRAF1MAXEW2');
insert into POSITION ("id_position", "position_name", "salary", "description") values (5, 'PGo0L', 657, 'G0N29QCRN5');
insert into POSITION ("id_position", "position_name", "salary", "description") values (6, 'HU6Ie', 2393, 'IRBWGU7SQ83');
insert into POSITION ("id_position", "position_name", "salary", "description") values (7, 'GShyLfp', 3344, 'O2H7Q42Q0X');
insert into POSITION ("id_position", "position_name", "salary", "description") values (8, 'Rr0VVY', 1815, '4K56O1WVPP');
insert into POSITION ("id_position", "position_name", "salary", "description") values (9, 'DO7sw', 310, '2YM077LW7JKH');
insert into SUPPLIER ("id_supplier", "supplier_name", "supplier_info") values (1, 'Mo1dhiw', 'KJLPITJ7PC00');
insert into SUPPLIER ("id_supplier", "supplier_name", "supplier_info") values (2, '0jx9m', 'RSVU9GYYFT9 ');
insert into SUPPLIER ("id_supplier", "supplier_name", "supplier_info") values (3, '4455b', 'JK34RD6REKP');
insert into SUPPLIER ("id_supplier", "supplier_name", "supplier_info") values (4, ' jojg9wao', 'GPF5QTBUJG0B');
insert into SUPPLIER ("id_supplier", "supplier_name", "supplier_info") values (5, 'J59nd ', 'I8IDNKV3QSIK5');
insert into SUPPLIER ("id_supplier", "supplier_name", "supplier_info") values (6, 'E61ypl5f', 'LTV9S8RPI14O');
insert into SUPPLIER ("id_supplier", "supplier_name", "supplier_info") values (7, 'Qi1ru27c', '6DX5NQEINA5D');
insert into SUPPLIER ("id_supplier", "supplier_name", "supplier_info") values (8, 'Ol7rkg4', 'G7FPPTB1V760');
insert into SUPPLIER ("id_supplier", "supplier_name", "supplier_info") values (9, 'Yr0r87u', 'HX4A3QIQ1JR');
insert into PRODUCT_TYPE ("id_product_type", "product_type_name") values (1, '5r3u6n');
insert into PRODUCT_TYPE ("id_product_type", "product_type_name") values (2, 'D6c0lo');
insert into PRODUCT_TYPE ("id_product_type", "product_type_name") values (3, 'Grtfdw8');
insert into PRODUCT_TYPE ("id_product_type", "product_type_name") values (4, 'Plxga34');
insert into PRODUCT_TYPE ("id_product_type", "product_type_name") values (5, 'X53rd');
insert into PRODUCT_TYPE ("id_product_type", "product_type_name") values (6, 'Iwi21m');
insert into PRODUCT_TYPE ("id_product_type", "product_type_name") values (7, 'S4d6i5pl');
insert into PRODUCT_TYPE ("id_product_type", "product_type_name") values (8, 'Bu08k3th');
insert into PRODUCT_TYPE ("id_product_type", "product_type_name") values (9, '674ypkfg');
insert into PAYMENT_TYPE ("id_type", "payment_type_name", "description") values (1, '436n4gmr', 'VMUPL1P2F4');
insert into PAYMENT_TYPE ("id_type", "payment_type_name", "description") values (2, 'Cuo4re6we', '8CQ3QUKLOM4UU6');
insert into PAYMENT_TYPE ("id_type", "payment_type_name", "description") values (3, '548k8d5nk', 'NGSVDGW57RSP');
insert into PAYMENT_TYPE ("id_type", "payment_type_name", "description") values (4, 'Phxmx7xr', 'PKLQAH59U9');
insert into PAYMENT_TYPE ("id_type", "payment_type_name", "description") values (5, 'Iwsjv', '8R3VV FXEB3P');
insert into PAYMENT_TYPE ("id_type", "payment_type_name", "description") values (6, '2 ppi86sy', ' XYUP9YL 2QBR6');
insert into PAYMENT_TYPE ("id_type", "payment_type_name", "description") values (7, 'I4og27l', 'J5IHN1JNGWCX');
insert into PAYMENT_TYPE ("id_type", "payment_type_name", "description") values (8, '9fpejt', 'F7EQ0T25B8');
insert into PAYMENT_TYPE ("id_type", "payment_type_name", "description") values (9, 'M4iskyknr', ' LYPUAQ57K');
insert into UNIT ("id_unit", "unit_name", "description") values (1, '0jvqw1', 'HQ FXBY45NV5A');
insert into UNIT ("id_unit", "unit_name", "description") values (2, 'Aqoa5', '99STCAFPP33');
insert into UNIT ("id_unit", "unit_name", "description") values (3, 'Ylhegg3lj', 'S86H3S84VF30WK');
insert into UNIT ("id_unit", "unit_name", "description") values (4, 'T8yi8', 'YJRGID5J3K6');
insert into UNIT ("id_unit", "unit_name", "description") values (5, 'Tvyppqdqi', 'X6OBNURPYCHE9X');
insert into UNIT ("id_unit", "unit_name", "description") values (6, 'Vkfiv', 'HM0JY9OBKG8N');
insert into UNIT ("id_unit", "unit_name", "description") values (7, 'Q pstm', 'L8RR7U0YR0M');
insert into UNIT ("id_unit", "unit_name", "description") values (8, 'X0nha8dm', 'EBECKFO9TH1');
insert into UNIT ("id_unit", "unit_name", "description") values (9, 'Gh28bdo2', '2BQIHW 28N4');
insert into TYPE_OPER ("id_oper_type", "name_oper", "description") values (1, 'Ypv0dkqjc', 'VOD2 16KPK');
insert into TYPE_OPER ("id_oper_type", "name_oper", "description") values (2, '4l s6v47', 'W 8AJWXX7P');
insert into TYPE_OPER ("id_oper_type", "name_oper", "description") values (3, 'Df1ds', '2FA3FWNCB2GCPA');
insert into TYPE_OPER ("id_oper_type", "name_oper", "description") values (4, '342e36', 'RHJKCE3DUYLG9');
insert into TYPE_OPER ("id_oper_type", "name_oper", "description") values (5, '7htvehr2', '94171XF1L3');
insert into TYPE_OPER ("id_oper_type", "name_oper", "description") values (6, 'Feslvd', 'PR7D4TGB694');
insert into TYPE_OPER ("id_oper_type", "name_oper", "description") values (7, 'Vbed2c', '5LK938779K514');
insert into TYPE_OPER ("id_oper_type", "name_oper", "description") values (8, 'Qqen1la', 'CCS6LT8YLN');
insert into TYPE_OPER ("id_oper_type", "name_oper", "description") values (9, '3ni4f', 'SE3UWUP6YN2U');
insert into STUFF ("id_stuff", "name", "surname", "phone", "address", "id_position") values (1, 'Fc3jo40wh', '4sg 8f6', '6274001281', 'Ldwp2', 2);
insert into STUFF ("id_stuff", "name", "surname", "phone", "address", "id_position") values (2, '8d9hek18w', '95d7m', '7403522186', 'Lr9kb', 8);
insert into STUFF ("id_stuff", "name", "surname", "phone", "address", "id_position") values (3, 'W1rw da', 'C35f9ghty', '1630484607', 'Bxt21r', 3);
insert into STUFF ("id_stuff", "name", "surname", "phone", "address", "id_position") values (4, 'T31hf', 'G51kh', '7555855350', '0g8nij', 7);
insert into STUFF ("id_stuff", "name", "surname", "phone", "address", "id_position") values (5, '3givm', '1tjyu3mgx', '0647108618', 'Wf1spx9', 9);
insert into STUFF ("id_stuff", "name", "surname", "phone", "address", "id_position") values (6, 'Qr4 0dq', '2p34v26', '1867650328', 'Sfqy6r', 6);
insert into STUFF ("id_stuff", "name", "surname", "phone", "address", "id_position") values (7, 'G9tbj18v', 'Iwp6h9w', '7302476141', 'A2hp1v', 6);
insert into STUFF ("id_stuff", "name", "surname", "phone", "address", "id_position") values (8, 'Abcnx', 'Rwvujtahi', '8342270865', '08qp4q', 1);
insert into STUFF ("id_stuff", "name", "surname", "phone", "address", "id_position") values (9, 'Sri81iet', 'Ey7kq', '1112302521', 'Jnenxd2', 9);
insert into PRODUCT ("id_product", "product_name", "description", "price", "id_product_type", "id_supplier") values (37, 'Ypd4g', 'CTI10E6BJWNTRW', 1383, 4, 3);
insert into PRODUCT ("id_product", "product_name", "description", "price", "id_product_type", "id_supplier") values (498, 'Yqvpfo', 'NE3FK58RXBD', 2182, 3, 1);
insert into PRODUCT ("id_product", "product_name", "description", "price", "id_product_type", "id_supplier") values (117, 'Ix3kf', '2B0PDJQESMWIPN', 2050, 2, 6);
insert into PRODUCT ("id_product", "product_name", "description", "price", "id_product_type", "id_supplier") values (256, 'Sd9vsd6tm', 'G8FJH7N7SN6W1', 1706, 1, 2);
insert into PRODUCT ("id_product", "product_name", "description", "price", "id_product_type", "id_supplier") values (400, '6a351gim', '5S 84REBEKVB', 171, 9, 8);
insert into PRODUCT ("id_product", "product_name", "description", "price", "id_product_type", "id_supplier") values (254, '0e4wsa', 'G6G0U81RXOQG', 1475, 6, 9);
insert into PRODUCT ("id_product", "product_name", "description", "price", "id_product_type", "id_supplier") values (342, ' mu7jy', 'ELKPJ3D5S8U ', 2433, 7, 7);
insert into PRODUCT ("id_product", "product_name", "description", "price", "id_product_type", "id_supplier") values (423, 'Woadxchg2', 'AUR 69C08PU', 1633, 5, 5);
insert into PRODUCT ("id_product", "product_name", "description", "price", "id_product_type", "id_supplier") values (714, 'Fnwdcy5j', '454O6GAJ8X', 37, 8, 4);
insert into STORE ("id_store", "shelf", "date_oper", "quantity", "id_oper_type", "id_product") values (136, 4, '2017-11-21 18:15:18', 5, 1, 10);
insert into STORE ("id_store", "shelf", "date_oper", "quantity", "id_oper_type", "id_product") values (430, 3, '2017-7-12 11:12:44', 2, 7, 18);
insert into STORE ("id_store", "shelf", "date_oper", "quantity", "id_oper_type", "id_product") values (606, 9, '2017-8-31 13:47:26', 6, 8, 15);
insert into STORE ("id_store", "shelf", "date_oper", "quantity", "id_oper_type", "id_product") values (890, 5, '2018-2-21 23:0:52', 9, 8, 17);
insert into STORE ("id_store", "shelf", "date_oper", "quantity", "id_oper_type", "id_product") values (253, 1, '2017-4-19 6:43:41', 1, 2, 8);
insert into STORE ("id_store", "shelf", "date_oper", "quantity", "id_oper_type", "id_product") values (91, 2, '2017-5-28 8:41:36', 4, 2, 6);
insert into STORE ("id_store", "shelf", "date_oper", "quantity", "id_oper_type", "id_product") values (997, 7, '2017-9-11 14:21:5', 7, 6, 4);
insert into STORE ("id_store", "shelf", "date_oper", "quantity", "id_oper_type", "id_product") values (130, 6, '2017-7-14 11:17:52', 8, 9, 13);
insert into STORE ("id_store", "shelf", "date_oper", "quantity", "id_oper_type", "id_product") values (887, 8, '2018-1-28 21:44:15', 3, 2, 17);
insert into STORE ("id_store", "shelf", "date_oper", "quantity", "id_oper_type", "id_product") values (588, 4, '2017-9-3 13:54:11', 5, 4, 13);
insert into STORE ("id_store", "shelf", "date_oper", "quantity", "id_oper_type", "id_product") values (29, 3, '2017-9-21 14:53:6', 2, 3, 15);
insert into STORE ("id_store", "shelf", "date_oper", "quantity", "id_oper_type", "id_product") values (380, 9, '2017-5-1 7:20:31', 6, 1, 15);
insert into STORE ("id_store", "shelf", "date_oper", "quantity", "id_oper_type", "id_product") values (960, 5, '2017-7-4 10:46:11', 9, 8, 9);
insert into STORE ("id_store", "shelf", "date_oper", "quantity", "id_oper_type", "id_product") values (400, 1, '2017-5-31 8:52:16', 1, 3, 18);
insert into STORE ("id_store", "shelf", "date_oper", "quantity", "id_oper_type", "id_product") values (128, 2, '2017-2-1 2:38:56', 4, 6, 11);
insert into STORE ("id_store", "shelf", "date_oper", "quantity", "id_oper_type", "id_product") values (440, 7, '2018-1-16 21:10:0', 7, 1, 19);
insert into STORE ("id_store", "shelf", "date_oper", "quantity", "id_oper_type", "id_product") values (692, 6, '2017-8-30 13:43:8', 8, 1, 18);
insert into STORE ("id_store", "shelf", "date_oper", "quantity", "id_oper_type", "id_product") values (356, 8, '2017-7-16 11:23:9', 3, 6, 11);
insert into STORE ("id_store", "shelf", "date_oper", "quantity", "id_oper_type", "id_product") values (283, 4, '2017-11-28 18:35:57', 5, 1, 19);
insert into STORE ("id_store", "shelf", "date_oper", "quantity", "id_oper_type", "id_product") values (87, 3, '2018-1-21 21:23:52', 2, 6, 18);
insert into STORE ("id_store", "shelf", "date_oper", "quantity", "id_oper_type", "id_product") values (279, 9, '2017-10-19 16:19:1', 6, 3, 15);
insert into STORE ("id_store", "shelf", "date_oper", "quantity", "id_oper_type", "id_product") values (12, 5, '2017-9-29 15:16:28', 9, 1, 17);
insert into STORE ("id_store", "shelf", "date_oper", "quantity", "id_oper_type", "id_product") values (286, 1, '2017-11-29 18:39:53', 1, 3, 17);
insert into STORE ("id_store", "shelf", "date_oper", "quantity", "id_oper_type", "id_product") values (331, 2, '2017-2-21 3:43:8', 4, 3, 13);
insert into STORE ("id_store", "shelf", "date_oper", "quantity", "id_oper_type", "id_product") values (269, 7, '2018-1-26 21:37:40', 7, 3, 4);
insert into STORE ("id_store", "shelf", "date_oper", "quantity", "id_oper_type", "id_product") values (36, 6, '2018-2-11 22:29:17', 8, 8, 13);
insert into STORE ("id_store", "shelf", "date_oper", "quantity", "id_oper_type", "id_product") values (248, 8, '2017-2-14 3:18:43', 3, 1, 5);
insert into STORE ("id_store", "shelf", "date_oper", "quantity", "id_oper_type", "id_product") values (192, 4, '2018-2-8 22:21:20', 5, 4, 7);
insert into STORE ("id_store", "shelf", "date_oper", "quantity", "id_oper_type", "id_product") values (1, 3, '2017-3-11 4:32:59', 2, 1, 18);
insert into STORE ("id_store", "shelf", "date_oper", "quantity", "id_oper_type", "id_product") values (850, 9, '2017-7-27 11:52:59', 6, 4, 9);
insert into STORE ("id_store", "shelf", "date_oper", "quantity", "id_oper_type", "id_product") values (9, 5, '2017-6-1 8:56:1', 9, 4, 16);
insert into STORE ("id_store", "shelf", "date_oper", "quantity", "id_oper_type", "id_product") values (933, 1, '2017-10-12 15:57:50', 1, 4, 12);
insert into STORE ("id_store", "shelf", "date_oper", "quantity", "id_oper_type", "id_product") values (144, 2, '2018-2-18 22:50:31', 4, 2, 9);
insert into STORE ("id_store", "shelf", "date_oper", "quantity", "id_oper_type", "id_product") values (734, 7, '2017-12-31 20:20:59', 7, 2, 7);
insert into STORE ("id_store", "shelf", "date_oper", "quantity", "id_oper_type", "id_product") values (151, 6, '2018-3-2 23:32:45', 8, 6, 12);
insert into STORE ("id_store", "shelf", "date_oper", "quantity", "id_oper_type", "id_product") values (244, 8, '2018-2-26 23:20:8', 3, 1, 16);
insert into STORE ("id_store", "shelf", "date_oper", "quantity", "id_oper_type", "id_product") values (359, 4, '2017-12-5 18:55:15', 5, 7, 17);
insert into STORE ("id_store", "shelf", "date_oper", "quantity", "id_oper_type", "id_product") values (633, 3, '2017-5-25 8:34:56', 2, 8, 2);
insert into STORE ("id_store", "shelf", "date_oper", "quantity", "id_oper_type", "id_product") values (504, 9, '2018-1-22 21:28:3', 6, 4, 5);
insert into STORE ("id_store", "shelf", "date_oper", "quantity", "id_oper_type", "id_product") values (51, 5, '2017-1-29 2:29:19', 9, 2, 20);
insert into STORE ("id_store", "shelf", "date_oper", "quantity", "id_oper_type", "id_product") values (844, 1, '2017-2-6 2:53:35', 1, 4, 20);
insert into STORE ("id_store", "shelf", "date_oper", "quantity", "id_oper_type", "id_product") values (15, 2, '2017-7-11 11:7:28', 4, 2, 5);
insert into STORE ("id_store", "shelf", "date_oper", "quantity", "id_oper_type", "id_product") values (540, 7, '2018-2-2 22:0:50', 7, 7, 18);
insert into STORE ("id_store", "shelf", "date_oper", "quantity", "id_oper_type", "id_product") values (503, 6, '2017-1-24 2:16:10', 8, 4, 13);
insert into STORE ("id_store", "shelf", "date_oper", "quantity", "id_oper_type", "id_product") values (672, 8, '2017-5-2 7:23:19', 3, 4, 10);
insert into STORE ("id_store", "shelf", "date_oper", "quantity", "id_oper_type", "id_product") values (913, 4, '2017-1-21 2:2:58', 5, 9, 17);
insert into STORE ("id_store", "shelf", "date_oper", "quantity", "id_oper_type", "id_product") values (142, 3, '2017-7-2 10:37:2', 2, 9, 20);
insert into STORE ("id_store", "shelf", "date_oper", "quantity", "id_oper_type", "id_product") values (610, 9, '2017-3-16 4:51:43', 6, 6, 3);
insert into STORE ("id_store", "shelf", "date_oper", "quantity", "id_oper_type", "id_product") values (449, 5, '2017-7-18 11:27:8', 9, 9, 13);
insert into STORE ("id_store", "shelf", "date_oper", "quantity", "id_oper_type", "id_product") values (201, 1, '2017-5-1 7:18:53', 1, 4, 14);
insert into STORE ("id_store", "shelf", "date_oper", "quantity", "id_oper_type", "id_product") values (947, 2, '2018-1-24 21:34:37', 4, 2, 17);
insert into STORE ("id_store", "shelf", "date_oper", "quantity", "id_oper_type", "id_product") values (472, 7, '2017-7-22 11:37:49', 7, 8, 13);
insert into STORE ("id_store", "shelf", "date_oper", "quantity", "id_oper_type", "id_product") values (577, 6, '2017-12-25 20:4:18', 8, 6, 4);
insert into STORE ("id_store", "shelf", "date_oper", "quantity", "id_oper_type", "id_product") values (336, 8, '2018-2-17 22:48:31', 3, 6, 13);
insert into STORE ("id_store", "shelf", "date_oper", "quantity", "id_oper_type", "id_product") values (74, 4, '2017-3-12 4:34:59', 5, 6, 5);
insert into STORE ("id_store", "shelf", "date_oper", "quantity", "id_oper_type", "id_product") values (21, 3, '2017-3-3 4:10:50', 2, 7, 3);
insert into STORE ("id_store", "shelf", "date_oper", "quantity", "id_oper_type", "id_product") values (423, 9, '2017-8-13 12:52:58', 6, 7, 19);
insert into STORE ("id_store", "shelf", "date_oper", "quantity", "id_oper_type", "id_product") values (330, 5, '2018-1-29 21:49:12', 9, 2, 6);
insert into STORE ("id_store", "shelf", "date_oper", "quantity", "id_oper_type", "id_product") values (133, 1, '2017-12-3 18:49:36', 1, 1, 20);
insert into STORE ("id_store", "shelf", "date_oper", "quantity", "id_oper_type", "id_product") values (303, 2, '2017-2-4 2:49:13', 4, 9, 4);
insert into STORE ("id_store", "shelf", "date_oper", "quantity", "id_oper_type", "id_product") values (591, 7, '2017-3-13 4:39:40', 7, 2, 9);
insert into STORE ("id_store", "shelf", "date_oper", "quantity", "id_oper_type", "id_product") values (461, 6, '2017-4-3 5:51:42', 8, 3, 1);
insert into STORE ("id_store", "shelf", "date_oper", "quantity", "id_oper_type", "id_product") values (54, 8, '2017-2-8 2:59:39', 3, 8, 19);
insert into STORE ("id_store", "shelf", "date_oper", "quantity", "id_oper_type", "id_product") values (56, 4, '2017-4-7 6:5:42', 5, 1, 17);
insert into STORE ("id_store", "shelf", "date_oper", "quantity", "id_oper_type", "id_product") values (245, 3, '2017-4-28 7:9:2', 2, 3, 13);
insert into STORE ("id_store", "shelf", "date_oper", "quantity", "id_oper_type", "id_product") values (773, 9, '2017-10-25 16:37:37', 6, 4, 8);
insert into STORE ("id_store", "shelf", "date_oper", "quantity", "id_oper_type", "id_product") values (625, 5, '2018-2-3 22:4:24', 9, 6, 15);
insert into STORE ("id_store", "shelf", "date_oper", "quantity", "id_oper_type", "id_product") values (311, 1, '2017-6-19 9:53:13', 1, 4, 15);
insert into STORE ("id_store", "shelf", "date_oper", "quantity", "id_oper_type", "id_product") values (632, 2, '2017-6-8 9:17:47', 4, 6, 10);
insert into STORE ("id_store", "shelf", "date_oper", "quantity", "id_oper_type", "id_product") values (889, 7, '2017-9-13 14:25:19', 7, 4, 2);
insert into STORE ("id_store", "shelf", "date_oper", "quantity", "id_oper_type", "id_product") values (523, 6, '2017-11-9 17:31:48', 8, 4, 6);
insert into STORE ("id_store", "shelf", "date_oper", "quantity", "id_oper_type", "id_product") values (510, 8, '2017-11-25 18:27:4', 3, 7, 10);
insert into STORE ("id_store", "shelf", "date_oper", "quantity", "id_oper_type", "id_product") values (495, 4, '2017-1-2 1:3:50', 5, 8, 7);
insert into STORE ("id_store", "shelf", "date_oper", "quantity", "id_oper_type", "id_product") values (484, 3, '2018-1-22 21:30:54', 2, 7, 15);
insert into STORE ("id_store", "shelf", "date_oper", "quantity", "id_oper_type", "id_product") values (723, 9, '2017-4-3 5:50:41', 6, 3, 8);
insert into STORE ("id_store", "shelf", "date_oper", "quantity", "id_oper_type", "id_product") values (351, 5, '2018-1-7 20:43:2', 9, 2, 10);
insert into STORE ("id_store", "shelf", "date_oper", "quantity", "id_oper_type", "id_product") values (527, 1, '2017-8-24 13:26:50', 1, 7, 12);
insert into STORE ("id_store", "shelf", "date_oper", "quantity", "id_oper_type", "id_product") values (389, 2, '2017-7-3 10:44:22', 4, 2, 10);
insert into STORE ("id_store", "shelf", "date_oper", "quantity", "id_oper_type", "id_product") values (513, 7, '2017-8-6 12:31:21', 7, 3, 7);
insert into STORE ("id_store", "shelf", "date_oper", "quantity", "id_oper_type", "id_product") values (221, 6, '2017-1-18 1:53:25', 8, 2, 1);
insert into STORE ("id_store", "shelf", "date_oper", "quantity", "id_oper_type", "id_product") values (582, 8, '2018-1-3 20:30:26', 3, 8, 18);
insert into STORE ("id_store", "shelf", "date_oper", "quantity", "id_oper_type", "id_product") values (458, 4, '2018-2-13 22:34:36', 5, 3, 17);
insert into STORE ("id_store", "shelf", "date_oper", "quantity", "id_oper_type", "id_product") values (963, 3, '2017-11-5 17:16:41', 2, 2, 11);
insert into STORE ("id_store", "shelf", "date_oper", "quantity", "id_oper_type", "id_product") values (753, 9, '2017-12-26 20:9:57', 6, 6, 9);
insert into STORE ("id_store", "shelf", "date_oper", "quantity", "id_oper_type", "id_product") values (452, 5, '2017-4-26 7:2:46', 9, 3, 12);
insert into STORE ("id_store", "shelf", "date_oper", "quantity", "id_oper_type", "id_product") values (224, 1, '2017-4-19 6:42:58', 1, 2, 13);
insert into STORE ("id_store", "shelf", "date_oper", "quantity", "id_oper_type", "id_product") values (448, 2, '2017-1-26 2:22:2', 4, 6, 9);
insert into STORE ("id_store", "shelf", "date_oper", "quantity", "id_oper_type", "id_product") values (270, 7, '2017-6-17 9:50:34', 7, 4, 16);
insert into STORE ("id_store", "shelf", "date_oper", "quantity", "id_oper_type", "id_product") values (720, 6, '2018-1-5 20:37:29', 8, 9, 5);
insert into STORE ("id_store", "shelf", "date_oper", "quantity", "id_oper_type", "id_product") values (174, 8, '2017-4-7 6:3:0', 3, 6, 8);
insert into STORE ("id_store", "shelf", "date_oper", "quantity", "id_oper_type", "id_product") values (647, 4, '2018-2-21 23:3:53', 5, 6, 9);
insert into STORE ("id_store", "shelf", "date_oper", "quantity", "id_oper_type", "id_product") values (341, 3, '2017-7-18 11:28:1', 2, 3, 17);
insert into STORE ("id_store", "shelf", "date_oper", "quantity", "id_oper_type", "id_product") values (525, 9, '2017-8-9 12:41:37', 6, 6, 9);
insert into STORE ("id_store", "shelf", "date_oper", "quantity", "id_oper_type", "id_product") values (180, 5, '2017-1-29 2:28:20', 9, 8, 15);
insert into STORE ("id_store", "shelf", "date_oper", "quantity", "id_oper_type", "id_product") values (350, 1, '2017-8-22 13:21:46', 1, 8, 15);
insert into STORE ("id_store", "shelf", "date_oper", "quantity", "id_oper_type", "id_product") values (899, 2, '2017-2-23 3:48:4', 4, 4, 19);
insert into STORE ("id_store", "shelf", "date_oper", "quantity", "id_oper_type", "id_product") values (239, 7, '2017-4-3 5:48:41', 7, 4, 16);
insert into STORE ("id_store", "shelf", "date_oper", "quantity", "id_oper_type", "id_product") values (962, 6, '2017-7-18 11:29:23', 8, 2, 5);
insert into STORE ("id_store", "shelf", "date_oper", "quantity", "id_oper_type", "id_product") values (726, 8, '2017-6-20 10:0:28', 3, 9, 4);
insert into STORE ("id_store", "shelf", "date_oper", "quantity", "id_oper_type", "id_product") values (457, 4, '2017-5-26 8:35:50', 5, 6, 18);
insert into STORE ("id_store", "shelf", "date_oper", "quantity", "id_oper_type", "id_product") values (765, 3, '2017-4-11 6:21:4', 2, 7, 14);
insert into STORE ("id_store", "shelf", "date_oper", "quantity", "id_oper_type", "id_product") values (407, 9, '2017-12-24 19:59:24', 6, 6, 3);
insert into STORE ("id_store", "shelf", "date_oper", "quantity", "id_oper_type", "id_product") values (378, 5, '2018-2-3 22:2:56', 9, 2, 20);
insert into STORE ("id_store", "shelf", "date_oper", "quantity", "id_oper_type", "id_product") values (757, 1, '2017-8-13 12:54:26', 1, 4, 4);
insert into STORE ("id_store", "shelf", "date_oper", "quantity", "id_oper_type", "id_product") values (628, 2, '2017-9-17 14:37:27', 4, 2, 6);
insert into STORE ("id_store", "shelf", "date_oper", "quantity", "id_oper_type", "id_product") values (932, 7, '2017-3-21 5:5:38', 7, 6, 3);
insert into STORE ("id_store", "shelf", "date_oper", "quantity", "id_oper_type", "id_product") values (366, 6, '2017-3-12 4:37:48', 8, 2, 16);
insert into STORE ("id_store", "shelf", "date_oper", "quantity", "id_oper_type", "id_product") values (409, 8, '2017-7-15 11:20:32', 3, 1, 9);
insert into STORE ("id_store", "shelf", "date_oper", "quantity", "id_oper_type", "id_product") values (104, 4, '2017-6-29 10:25:59', 5, 6, 5);
insert into STORE ("id_store", "shelf", "date_oper", "quantity", "id_oper_type", "id_product") values (475, 3, '2018-2-17 22:46:58', 2, 7, 10);
insert into STORE ("id_store", "shelf", "date_oper", "quantity", "id_oper_type", "id_product") values (216, 9, '2017-10-10 15:50:10', 6, 4, 4);
insert into STORE ("id_store", "shelf", "date_oper", "quantity", "id_oper_type", "id_product") values (307, 5, '2017-7-22 11:36:42', 9, 4, 3);
insert into STORE ("id_store", "shelf", "date_oper", "quantity", "id_oper_type", "id_product") values (194, 1, '2017-6-26 10:15:55', 1, 3, 3);
insert into STORE ("id_store", "shelf", "date_oper", "quantity", "id_oper_type", "id_product") values (846, 2, '2017-8-29 13:42:11', 4, 1, 7);
insert into STORE ("id_store", "shelf", "date_oper", "quantity", "id_oper_type", "id_product") values (712, 7, '2017-2-22 3:44:13', 7, 4, 16);
insert into STORE ("id_store", "shelf", "date_oper", "quantity", "id_oper_type", "id_product") values (569, 6, '2017-8-15 12:58:35', 8, 9, 15);
insert into STORE ("id_store", "shelf", "date_oper", "quantity", "id_oper_type", "id_product") values (733, 8, '2017-4-29 7:10:57', 3, 3, 13);
insert into STORE ("id_store", "shelf", "date_oper", "quantity", "id_oper_type", "id_product") values (993, 4, '2017-1-4 1:13:10', 5, 6, 8);
insert into STORE ("id_store", "shelf", "date_oper", "quantity", "id_oper_type", "id_product") values (333, 3, '2017-3-18 4:58:2', 2, 2, 10);
insert into STORE ("id_store", "shelf", "date_oper", "quantity", "id_oper_type", "id_product") values (966, 9, '2017-5-26 8:37:15', 6, 9, 10);
insert into STORE ("id_store", "shelf", "date_oper", "quantity", "id_oper_type", "id_product") values (23, 5, '2017-10-27 16:47:8', 9, 9, 14);
insert into STORE ("id_store", "shelf", "date_oper", "quantity", "id_oper_type", "id_product") values (179, 1, '2017-10-23 16:30:16', 1, 1, 19);
insert into STORE ("id_store", "shelf", "date_oper", "quantity", "id_oper_type", "id_product") values (815, 2, '2017-8-10 12:43:39', 4, 3, 18);
insert into STORE ("id_store", "shelf", "date_oper", "quantity", "id_oper_type", "id_product") values (924, 7, '2017-5-28 8:43:2', 7, 9, 2);
insert into STORE ("id_store", "shelf", "date_oper", "quantity", "id_oper_type", "id_product") values (236, 6, '2018-1-13 21:1:19', 8, 1, 8);
insert into STORE ("id_store", "shelf", "date_oper", "quantity", "id_oper_type", "id_product") values (196, 8, '2017-6-13 9:34:29', 3, 2, 3);
insert into STORE ("id_store", "shelf", "date_oper", "quantity", "id_oper_type", "id_product") values (816, 4, '2017-6-9 9:19:39', 5, 6, 13);
insert into STORE ("id_store", "shelf", "date_oper", "quantity", "id_oper_type", "id_product") values (646, 3, '2017-3-30 5:37:28', 2, 7, 3);
insert into STORE ("id_store", "shelf", "date_oper", "quantity", "id_oper_type", "id_product") values (987, 9, '2017-1-7 1:22:45', 6, 7, 15);
insert into STORE ("id_store", "shelf", "date_oper", "quantity", "id_oper_type", "id_product") values (519, 5, '2017-5-17 8:10:26', 9, 9, 15);
insert into STORE ("id_store", "shelf", "date_oper", "quantity", "id_oper_type", "id_product") values (518, 1, '2017-1-13 1:41:18', 1, 1, 18);
insert into STORE ("id_store", "shelf", "date_oper", "quantity", "id_oper_type", "id_product") values (18, 2, '2017-3-10 4:31:21', 4, 3, 5);
insert into STORE ("id_store", "shelf", "date_oper", "quantity", "id_oper_type", "id_product") values (35, 7, '2017-9-22 14:56:10', 7, 6, 16);
insert into STORE ("id_store", "shelf", "date_oper", "quantity", "id_oper_type", "id_product") values (392, 6, '2017-3-27 5:25:18', 8, 3, 5);
insert into STORE ("id_store", "shelf", "date_oper", "quantity", "id_oper_type", "id_product") values (985, 8, '2017-9-10 14:17:48', 3, 7, 14);
insert into STORE ("id_store", "shelf", "date_oper", "quantity", "id_oper_type", "id_product") values (770, 4, '2017-4-22 6:50:44', 5, 7, 13);
insert into STORE ("id_store", "shelf", "date_oper", "quantity", "id_oper_type", "id_product") values (405, 3, '2017-4-21 6:49:5', 2, 8, 10);
insert into STORE ("id_store", "shelf", "date_oper", "quantity", "id_oper_type", "id_product") values (760, 9, '2017-6-6 9:13:13', 6, 3, 6);
insert into STORE ("id_store", "shelf", "date_oper", "quantity", "id_oper_type", "id_product") values (920, 5, '2017-12-11 19:18:42', 9, 9, 14);
insert into STORE ("id_store", "shelf", "date_oper", "quantity", "id_oper_type", "id_product") values (619, 1, '2018-1-11 20:54:34', 1, 7, 16);
insert into STORE ("id_store", "shelf", "date_oper", "quantity", "id_oper_type", "id_product") values (64, 2, '2018-1-5 20:36:22', 4, 6, 15);
insert into STORE ("id_store", "shelf", "date_oper", "quantity", "id_oper_type", "id_product") values (836, 7, '2017-9-17 14:38:26', 7, 6, 16);
insert into STORE ("id_store", "shelf", "date_oper", "quantity", "id_oper_type", "id_product") values (361, 6, '2017-6-3 9:0:14', 8, 7, 19);
insert into STORE ("id_store", "shelf", "date_oper", "quantity", "id_oper_type", "id_product") values (553, 8, '2017-3-27 5:24:6', 3, 3, 18);
insert into STORE ("id_store", "shelf", "date_oper", "quantity", "id_oper_type", "id_product") values (746, 4, '2017-2-25 3:52:41', 5, 9, 20);
insert into STORE ("id_store", "shelf", "date_oper", "quantity", "id_oper_type", "id_product") values (358, 3, '2017-11-10 17:38:44', 2, 1, 7);
insert into STORE ("id_store", "shelf", "date_oper", "quantity", "id_oper_type", "id_product") values (609, 9, '2017-1-9 1:31:23', 6, 6, 12);
insert into STORE ("id_store", "shelf", "date_oper", "quantity", "id_oper_type", "id_product") values (943, 5, '2017-4-24 6:57:45', 9, 1, 14);
insert into STORE ("id_store", "shelf", "date_oper", "quantity", "id_oper_type", "id_product") values (774, 1, '2017-10-4 15:30:40', 1, 6, 12);
insert into STORE ("id_store", "shelf", "date_oper", "quantity", "id_oper_type", "id_product") values (927, 2, '2017-5-21 8:23:16', 4, 6, 16);
insert into STORE ("id_store", "shelf", "date_oper", "quantity", "id_oper_type", "id_product") values (294, 7, '2017-7-27 11:51:17', 7, 2, 20);
insert into STORE ("id_store", "shelf", "date_oper", "quantity", "id_oper_type", "id_product") values (353, 6, '2017-2-1 2:37:33', 8, 7, 11);
insert into STORE ("id_store", "shelf", "date_oper", "quantity", "id_oper_type", "id_product") values (539, 8, '2017-5-19 8:13:24', 3, 2, 9);
insert into STORE ("id_store", "shelf", "date_oper", "quantity", "id_oper_type", "id_product") values (183, 4, '2017-10-18 16:15:43', 5, 1, 19);
insert into STORE ("id_store", "shelf", "date_oper", "quantity", "id_oper_type", "id_product") values (538, 3, '2017-3-26 5:23:4', 2, 8, 2);
insert into STORE ("id_store", "shelf", "date_oper", "quantity", "id_oper_type", "id_product") values (682, 9, '2017-10-9 15:45:37', 6, 4, 1);
insert into STORE ("id_store", "shelf", "date_oper", "quantity", "id_oper_type", "id_product") values (967, 5, '2017-12-17 19:36:11', 9, 1, 5);
insert into STORE ("id_store", "shelf", "date_oper", "quantity", "id_oper_type", "id_product") values (161, 1, '2017-1-3 1:8:55', 1, 6, 17);
insert into STORE ("id_store", "shelf", "date_oper", "quantity", "id_oper_type", "id_product") values (473, 2, '2017-7-31 12:7:44', 4, 4, 12);
insert into STORE ("id_store", "shelf", "date_oper", "quantity", "id_oper_type", "id_product") values (514, 7, '2017-4-14 6:29:13', 7, 6, 1);
insert into STORE ("id_store", "shelf", "date_oper", "quantity", "id_oper_type", "id_product") values (93, 6, '2017-11-5 17:18:16', 8, 3, 2);
insert into STORE ("id_store", "shelf", "date_oper", "quantity", "id_oper_type", "id_product") values (89, 8, '2017-10-7 15:40:51', 3, 3, 20);
insert into STORE ("id_store", "shelf", "date_oper", "quantity", "id_oper_type", "id_product") values (329, 4, '2017-9-5 14:1:39', 5, 2, 7);
insert into STORE ("id_store", "shelf", "date_oper", "quantity", "id_oper_type", "id_product") values (304, 3, '2017-4-12 6:23:43', 2, 1, 7);
insert into STORE ("id_store", "shelf", "date_oper", "quantity", "id_oper_type", "id_product") values (541, 9, '2017-11-15 17:54:2', 6, 3, 3);
insert into STORE ("id_store", "shelf", "date_oper", "quantity", "id_oper_type", "id_product") values (34, 5, '2017-3-29 5:36:25', 9, 7, 1);
insert into STORE ("id_store", "shelf", "date_oper", "quantity", "id_oper_type", "id_product") values (40, 1, '2017-11-14 17:50:3', 1, 7, 6);
insert into STORE ("id_store", "shelf", "date_oper", "quantity", "id_oper_type", "id_product") values (780, 2, '2017-6-4 9:5:57', 4, 2, 3);
insert into STORE ("id_store", "shelf", "date_oper", "quantity", "id_oper_type", "id_product") values (447, 7, '2017-9-15 14:32:10', 7, 9, 14);
insert into STORE ("id_store", "shelf", "date_oper", "quantity", "id_oper_type", "id_product") values (209, 6, '2017-1-21 2:4:47', 8, 9, 8);
insert into STORE ("id_store", "shelf", "date_oper", "quantity", "id_oper_type", "id_product") values (376, 8, '2017-9-25 15:6:51', 3, 3, 2);
insert into STORE ("id_store", "shelf", "date_oper", "quantity", "id_oper_type", "id_product") values (547, 4, '2017-4-14 6:29:56', 5, 9, 20);
insert into STORE ("id_store", "shelf", "date_oper", "quantity", "id_oper_type", "id_product") values (616, 3, '2017-7-25 11:46:4', 2, 3, 19);
insert into STORE ("id_store", "shelf", "date_oper", "quantity", "id_oper_type", "id_product") values (231, 9, '2017-12-25 20:5:3', 6, 6, 2);
insert into STORE ("id_store", "shelf", "date_oper", "quantity", "id_oper_type", "id_product") values (332, 5, '2018-2-7 22:17:56', 9, 9, 4);
insert into STORE ("id_store", "shelf", "date_oper", "quantity", "id_oper_type", "id_product") values (348, 1, '2017-6-16 9:43:22', 1, 7, 14);
insert into STORE ("id_store", "shelf", "date_oper", "quantity", "id_oper_type", "id_product") values (938, 2, '2017-10-17 16:13:11', 4, 2, 10);
insert into STORE ("id_store", "shelf", "date_oper", "quantity", "id_oper_type", "id_product") values (554, 7, '2017-2-25 3:53:50', 7, 8, 3);
insert into STORE ("id_store", "shelf", "date_oper", "quantity", "id_oper_type", "id_product") values (604, 6, '2017-10-13 15:58:56', 8, 7, 2);
insert into STORE ("id_store", "shelf", "date_oper", "quantity", "id_oper_type", "id_product") values (902, 8, '2017-8-7 12:35:8', 3, 4, 1);
insert into STORE ("id_store", "shelf", "date_oper", "quantity", "id_oper_type", "id_product") values (260, 4, '2017-11-29 18:38:23', 5, 1, 15);
insert into STORE ("id_store", "shelf", "date_oper", "quantity", "id_oper_type", "id_product") values (745, 3, '2017-3-21 5:7:18', 2, 2, 19);
insert into STORE ("id_store", "shelf", "date_oper", "quantity", "id_oper_type", "id_product") values (57, 9, '2017-5-11 7:48:33', 6, 1, 3);
insert into STORE ("id_store", "shelf", "date_oper", "quantity", "id_oper_type", "id_product") values (352, 5, '2017-3-28 5:27:13', 9, 7, 7);
insert into STORE ("id_store", "shelf", "date_oper", "quantity", "id_oper_type", "id_product") values (949, 1, '2017-3-17 4:54:44', 1, 8, 15);
insert into STORE ("id_store", "shelf", "date_oper", "quantity", "id_oper_type", "id_product") values (759, 2, '2017-5-16 8:7:23', 4, 4, 11);
insert into STORE ("id_store", "shelf", "date_oper", "quantity", "id_oper_type", "id_product") values (167, 7, '2017-9-27 15:12:50', 7, 1, 9);
insert into STORE ("id_store", "shelf", "date_oper", "quantity", "id_oper_type", "id_product") values (262, 6, '2017-2-16 3:25:56', 8, 4, 4);
insert into STORE ("id_store", "shelf", "date_oper", "quantity", "id_oper_type", "id_product") values (10, 8, '2018-2-12 22:31:11', 3, 4, 12);
insert into STORE ("id_store", "shelf", "date_oper", "quantity", "id_oper_type", "id_product") values (71, 4, '2017-3-16 4:49:42', 5, 2, 11);
insert into STORE ("id_store", "shelf", "date_oper", "quantity", "id_oper_type", "id_product") values (875, 3, '2017-12-2 18:48:3', 2, 9, 15);
insert into STORE ("id_store", "shelf", "date_oper", "quantity", "id_oper_type", "id_product") values (42, 9, '2017-6-11 9:25:54', 6, 2, 7);
insert into STORE ("id_store", "shelf", "date_oper", "quantity", "id_oper_type", "id_product") values (83, 5, '2017-12-30 20:18:10', 9, 2, 12);
insert into STORE ("id_store", "shelf", "date_oper", "quantity", "id_oper_type", "id_product") values (202, 1, '2017-10-14 16:4:21', 1, 9, 1);
insert into STORE ("id_store", "shelf", "date_oper", "quantity", "id_oper_type", "id_product") values (258, 2, '2017-4-8 6:6:49', 4, 8, 18);
insert into STORE ("id_store", "shelf", "date_oper", "quantity", "id_oper_type", "id_product") values (100, 7, '2018-1-27 21:41:42', 7, 6, 18);
insert into STORE ("id_store", "shelf", "date_oper", "quantity", "id_oper_type", "id_product") values (334, 6, '2017-9-20 14:49:10', 8, 9, 2);
insert into STORE ("id_store", "shelf", "date_oper", "quantity", "id_oper_type", "id_product") values (969, 8, '2017-2-9 3:2:0', 3, 6, 7);
insert into STORE ("id_store", "shelf", "date_oper", "quantity", "id_oper_type", "id_product") values (19, 4, '2017-1-20 2:0:9', 5, 8, 4);
insert into STORE ("id_store", "shelf", "date_oper", "quantity", "id_oper_type", "id_product") values (576, 3, '2017-2-14 3:19:30', 2, 3, 13);
insert into STORE ("id_store", "shelf", "date_oper", "quantity", "id_oper_type", "id_product") values (427, 9, '2017-10-22 16:26:57', 6, 8, 15);
insert into STORE ("id_store", "shelf", "date_oper", "quantity", "id_oper_type", "id_product") values (347, 5, '2018-2-13 22:33:43', 9, 6, 14);
insert into STORE ("id_store", "shelf", "date_oper", "quantity", "id_oper_type", "id_product") values (425, 1, '2017-3-10 4:30:14', 1, 9, 11);
insert into STORE ("id_store", "shelf", "date_oper", "quantity", "id_oper_type", "id_product") values (131, 2, '2017-12-19 19:40:39', 4, 3, 3);
insert into STORE ("id_store", "shelf", "date_oper", "quantity", "id_oper_type", "id_product") values (802, 7, '2018-1-8 20:46:15', 7, 9, 15);
insert into STORE ("id_store", "shelf", "date_oper", "quantity", "id_oper_type", "id_product") values (564, 6, '2017-1-31 2:34:31', 8, 4, 4);
insert into STORE ("id_store", "shelf", "date_oper", "quantity", "id_oper_type", "id_product") values (317, 8, '2018-2-10 22:26:23', 3, 8, 20);
insert into STORE ("id_store", "shelf", "date_oper", "quantity", "id_oper_type", "id_product") values (492, 4, '2017-8-24 13:30:1', 5, 4, 8);
insert into STORE ("id_store", "shelf", "date_oper", "quantity", "id_oper_type", "id_product") values (11, 3, '2017-9-19 14:43:18', 2, 4, 15);
insert into STORE ("id_store", "shelf", "date_oper", "quantity", "id_oper_type", "id_product") values (622, 9, '2017-9-7 14:5:58', 6, 6, 8);
insert into STORE ("id_store", "shelf", "date_oper", "quantity", "id_oper_type", "id_product") values (84, 5, '2017-8-10 12:45:37', 9, 3, 10);
insert into STORE ("id_store", "shelf", "date_oper", "quantity", "id_oper_type", "id_product") values (758, 1, '2017-1-19 1:56:51', 1, 7, 17);
insert into STORE ("id_store", "shelf", "date_oper", "quantity", "id_oper_type", "id_product") values (767, 2, '2017-11-18 18:1:20', 4, 8, 4);
insert into STORE ("id_store", "shelf", "date_oper", "quantity", "id_oper_type", "id_product") values (935, 7, '2018-1-25 21:36:16', 7, 4, 20);
insert into STORE ("id_store", "shelf", "date_oper", "quantity", "id_oper_type", "id_product") values (418, 6, '2017-1-6 1:18:18', 8, 3, 9);
insert into STORE ("id_store", "shelf", "date_oper", "quantity", "id_oper_type", "id_product") values (276, 8, '2017-5-25 8:34:2', 3, 4, 8);
insert into STORE ("id_store", "shelf", "date_oper", "quantity", "id_oper_type", "id_product") values (500, 4, '2017-5-28 8:40:9', 5, 1, 5);
insert into STORE ("id_store", "shelf", "date_oper", "quantity", "id_oper_type", "id_product") values (975, 3, '2017-6-25 10:14:39', 2, 3, 8);
insert into STORE ("id_store", "shelf", "date_oper", "quantity", "id_oper_type", "id_product") values (417, 9, '2018-1-30 21:51:56', 6, 6, 2);
insert into STORE ("id_store", "shelf", "date_oper", "quantity", "id_oper_type", "id_product") values (549, 5, '2017-3-22 5:10:12', 9, 1, 6);
insert into STORE ("id_store", "shelf", "date_oper", "quantity", "id_oper_type", "id_product") values (168, 1, '2017-7-12 11:11:27', 1, 9, 9);
insert into STORE ("id_store", "shelf", "date_oper", "quantity", "id_oper_type", "id_product") values (149, 2, '2017-5-4 7:29:18', 4, 1, 17);
insert into STORE ("id_store", "shelf", "date_oper", "quantity", "id_oper_type", "id_product") values (148, 7, '2017-3-3 4:12:8', 7, 7, 16);
insert into STORE ("id_store", "shelf", "date_oper", "quantity", "id_oper_type", "id_product") values (306, 6, '2017-5-18 8:11:27', 8, 6, 12);
insert into STORE ("id_store", "shelf", "date_oper", "quantity", "id_oper_type", "id_product") values (327, 8, '2017-9-10 14:16:25', 3, 4, 18);
insert into STORE ("id_store", "shelf", "date_oper", "quantity", "id_oper_type", "id_product") values (747, 4, '2017-6-30 10:31:18', 5, 8, 10);
insert into STORE ("id_store", "shelf", "date_oper", "quantity", "id_oper_type", "id_product") values (308, 3, '2017-4-24 6:59:20', 2, 6, 10);
insert into STORE ("id_store", "shelf", "date_oper", "quantity", "id_oper_type", "id_product") values (266, 9, '2017-10-8 15:42:42', 6, 7, 8);
insert into STORE ("id_store", "shelf", "date_oper", "quantity", "id_oper_type", "id_product") values (593, 5, '2017-7-6 10:51:34', 9, 3, 18);
insert into STORE ("id_store", "shelf", "date_oper", "quantity", "id_oper_type", "id_product") values (791, 1, '2017-4-30 7:14:4', 1, 8, 20);
insert into STORE ("id_store", "shelf", "date_oper", "quantity", "id_oper_type", "id_product") values (45, 2, '2017-4-26 7:3:40', 4, 1, 11);
insert into STORE ("id_store", "shelf", "date_oper", "quantity", "id_oper_type", "id_product") values (5, 7, '2017-6-22 10:6:2', 7, 9, 7);
insert into STORE ("id_store", "shelf", "date_oper", "quantity", "id_oper_type", "id_product") values (522, 6, '2017-8-21 13:18:47', 8, 3, 11);
insert into STORE ("id_store", "shelf", "date_oper", "quantity", "id_oper_type", "id_product") values (477, 8, '2017-2-18 3:32:50', 3, 2, 1);
insert into STORE ("id_store", "shelf", "date_oper", "quantity", "id_oper_type", "id_product") values (641, 4, '2018-2-15 22:42:4', 5, 6, 8);
insert into STORE ("id_store", "shelf", "date_oper", "quantity", "id_oper_type", "id_product") values (986, 3, '2017-12-21 19:49:16', 2, 9, 16);
insert into STORE ("id_store", "shelf", "date_oper", "quantity", "id_oper_type", "id_product") values (318, 9, '2017-11-1 17:2:28', 6, 6, 12);
insert into STORE ("id_store", "shelf", "date_oper", "quantity", "id_oper_type", "id_product") values (305, 5, '2017-8-31 13:46:46', 9, 6, 8);
insert into STORE ("id_store", "shelf", "date_oper", "quantity", "id_oper_type", "id_product") values (110, 1, '2017-6-5 9:7:46', 1, 4, 11);
insert into STORE ("id_store", "shelf", "date_oper", "quantity", "id_oper_type", "id_product") values (387, 2, '2017-5-20 8:18:55', 4, 2, 10);
insert into STORE ("id_store", "shelf", "date_oper", "quantity", "id_oper_type", "id_product") values (82, 7, '2017-7-31 12:9:35', 7, 1, 14);
insert into STORE ("id_store", "shelf", "date_oper", "quantity", "id_oper_type", "id_product") values (964, 6, '2017-1-16 1:49:45', 8, 9, 12);
insert into STORE ("id_store", "shelf", "date_oper", "quantity", "id_oper_type", "id_product") values (287, 8, '2017-7-29 12:1:58', 3, 3, 10);
insert into STORE ("id_store", "shelf", "date_oper", "quantity", "id_oper_type", "id_product") values (898, 4, '2017-9-3 13:55:33', 5, 3, 11);
insert into STORE ("id_store", "shelf", "date_oper", "quantity", "id_oper_type", "id_product") values (25, 3, '2017-6-5 9:9:24', 2, 3, 17);
insert into STORE ("id_store", "shelf", "date_oper", "quantity", "id_oper_type", "id_product") values (275, 9, '2017-6-2 8:58:18', 6, 1, 7);
insert into STORE ("id_store", "shelf", "date_oper", "quantity", "id_oper_type", "id_product") values (574, 5, '2017-1-28 2:26:56', 9, 7, 12);
insert into STORE ("id_store", "shelf", "date_oper", "quantity", "id_oper_type", "id_product") values (677, 1, '2017-8-7 12:34:6', 1, 9, 6);
insert into STORE ("id_store", "shelf", "date_oper", "quantity", "id_oper_type", "id_product") values (357, 2, '2017-10-28 16:50:6', 4, 7, 17);
insert into STORE ("id_store", "shelf", "date_oper", "quantity", "id_oper_type", "id_product") values (354, 7, '2017-12-26 20:6:56', 7, 6, 18);
insert into STORE ("id_store", "shelf", "date_oper", "quantity", "id_oper_type", "id_product") values (783, 6, '2017-6-10 9:22:15', 8, 1, 8);
insert into STORE ("id_store", "shelf", "date_oper", "quantity", "id_oper_type", "id_product") values (441, 8, '2017-8-19 13:10:9', 3, 2, 1);
insert into STORE ("id_store", "shelf", "date_oper", "quantity", "id_oper_type", "id_product") values (916, 4, '2017-12-10 19:11:53', 5, 1, 13);
insert into STORE ("id_store", "shelf", "date_oper", "quantity", "id_oper_type", "id_product") values (312, 3, '2017-5-9 7:43:46', 2, 8, 6);
insert into STORE ("id_store", "shelf", "date_oper", "quantity", "id_oper_type", "id_product") values (120, 9, '2017-8-6 12:29:22', 6, 8, 16);
insert into STORE ("id_store", "shelf", "date_oper", "quantity", "id_oper_type", "id_product") values (626, 5, '2017-5-13 7:59:1', 9, 6, 4);
insert into STORE ("id_store", "shelf", "date_oper", "quantity", "id_oper_type", "id_product") values (737, 1, '2017-8-18 13:8:23', 1, 3, 18);
insert into STORE ("id_store", "shelf", "date_oper", "quantity", "id_oper_type", "id_product") values (584, 2, '2017-10-13 15:59:50', 4, 7, 6);
insert into STORE ("id_store", "shelf", "date_oper", "quantity", "id_oper_type", "id_product") values (728, 7, '2017-12-7 19:1:58', 7, 2, 8);
insert into STORE ("id_store", "shelf", "date_oper", "quantity", "id_oper_type", "id_product") values (808, 6, '2017-1-22 2:7:49', 8, 1, 2);
insert into STORE ("id_store", "shelf", "date_oper", "quantity", "id_oper_type", "id_product") values (880, 8, '2017-7-28 11:58:30', 3, 7, 12);
insert into STORE ("id_store", "shelf", "date_oper", "quantity", "id_oper_type", "id_product") values (567, 4, '2017-11-23 18:21:22', 5, 8, 19);
insert into STORE ("id_store", "shelf", "date_oper", "quantity", "id_oper_type", "id_product") values (94, 3, '2017-5-29 8:44:33', 2, 6, 3);
insert into STORE ("id_store", "shelf", "date_oper", "quantity", "id_oper_type", "id_product") values (717, 9, '2017-3-6 4:19:45', 6, 4, 19);
insert into STORE ("id_store", "shelf", "date_oper", "quantity", "id_oper_type", "id_product") values (140, 5, '2017-11-29 18:41:13', 9, 7, 11);
insert into STORE ("id_store", "shelf", "date_oper", "quantity", "id_oper_type", "id_product") values (776, 1, '2017-9-24 15:2:11', 1, 3, 17);
insert into STORE ("id_store", "shelf", "date_oper", "quantity", "id_oper_type", "id_product") values (721, 2, '2017-1-14 1:44:4', 4, 1, 13);
insert into STORE ("id_store", "shelf", "date_oper", "quantity", "id_oper_type", "id_product") values (122, 7, '2017-4-29 7:12:9', 7, 3, 16);
insert into STORE ("id_store", "shelf", "date_oper", "quantity", "id_oper_type", "id_product") values (13, 6, '2017-5-31 8:50:28', 8, 1, 6);
insert into STORE ("id_store", "shelf", "date_oper", "quantity", "id_oper_type", "id_product") values (800, 8, '2017-9-3 13:56:12', 3, 6, 19);
insert into STORE ("id_store", "shelf", "date_oper", "quantity", "id_oper_type", "id_product") values (864, 4, '2017-4-25 7:0:5', 5, 6, 17);
insert into STORE ("id_store", "shelf", "date_oper", "quantity", "id_oper_type", "id_product") values (454, 3, '2018-2-5 22:9:23', 2, 9, 1);
insert into STORE ("id_store", "shelf", "date_oper", "quantity", "id_oper_type", "id_product") values (950, 9, '2017-10-16 16:12:1', 6, 8, 5);
insert into STORE ("id_store", "shelf", "date_oper", "quantity", "id_oper_type", "id_product") values (648, 5, '2017-8-30 13:43:54', 9, 4, 3);
insert into STORE ("id_store", "shelf", "date_oper", "quantity", "id_oper_type", "id_product") values (532, 1, '2017-4-7 6:3:45', 1, 8, 18);
insert into STORE ("id_store", "shelf", "date_oper", "quantity", "id_oper_type", "id_product") values (293, 2, '2017-7-6 10:54:48', 4, 3, 4);
insert into STORE ("id_store", "shelf", "date_oper", "quantity", "id_oper_type", "id_product") values (363, 7, '2017-10-9 15:44:41', 7, 2, 1);
insert into STORE ("id_store", "shelf", "date_oper", "quantity", "id_oper_type", "id_product") values (394, 6, '2017-12-21 19:48:16', 8, 3, 10);
insert into STORE ("id_store", "shelf", "date_oper", "quantity", "id_oper_type", "id_product") values (507, 8, '2017-1-27 2:23:36', 3, 1, 1);
insert into STORE ("id_store", "shelf", "date_oper", "quantity", "id_oper_type", "id_product") values (756, 4, '2017-3-2 4:10:5', 5, 6, 11);
insert into STORE ("id_store", "shelf", "date_oper", "quantity", "id_oper_type", "id_product") values (470, 3, '2018-2-25 23:17:47', 2, 6, 8);
insert into STORE ("id_store", "shelf", "date_oper", "quantity", "id_oper_type", "id_product") values (805, 9, '2017-10-26 16:40:28', 6, 6, 6);
insert into STORE ("id_store", "shelf", "date_oper", "quantity", "id_oper_type", "id_product") values (238, 5, '2017-6-4 9:4:42', 9, 3, 17);
insert into STORE ("id_store", "shelf", "date_oper", "quantity", "id_oper_type", "id_product") values (79, 1, '2018-1-31 21:53:52', 1, 3, 13);
insert into STORE ("id_store", "shelf", "date_oper", "quantity", "id_oper_type", "id_product") values (432, 2, '2017-4-5 5:57:6', 4, 3, 20);
insert into STORE ("id_store", "shelf", "date_oper", "quantity", "id_oper_type", "id_product") values (516, 7, '2017-2-9 3:3:32', 7, 1, 16);
insert into STORE ("id_store", "shelf", "date_oper", "quantity", "id_oper_type", "id_product") values (429, 6, '2017-6-3 9:3:27', 8, 3, 1);
insert into STORE ("id_store", "shelf", "date_oper", "quantity", "id_oper_type", "id_product") values (530, 8, '2017-3-25 5:19:32', 3, 2, 8);
insert into STORE ("id_store", "shelf", "date_oper", "quantity", "id_oper_type", "id_product") values (570, 4, '2018-1-10 20:50:51', 5, 7, 14);
insert into STORE ("id_store", "shelf", "date_oper", "quantity", "id_oper_type", "id_product") values (435, 3, '2017-6-19 9:55:3', 2, 8, 12);
insert into STORE ("id_store", "shelf", "date_oper", "quantity", "id_oper_type", "id_product") values (386, 9, '2017-7-28 11:56:45', 6, 2, 7);
insert into STORE ("id_store", "shelf", "date_oper", "quantity", "id_oper_type", "id_product") values (211, 5, '2017-12-29 20:15:36', 9, 9, 5);
insert into STORE ("id_store", "shelf", "date_oper", "quantity", "id_oper_type", "id_product") values (323, 1, '2017-11-30 18:43:35', 1, 4, 9);
insert into STORE ("id_store", "shelf", "date_oper", "quantity", "id_oper_type", "id_product") values (571, 2, '2017-5-12 7:51:42', 4, 4, 1);
insert into STORE ("id_store", "shelf", "date_oper", "quantity", "id_oper_type", "id_product") values (187, 7, '2017-9-19 14:44:23', 7, 6, 5);
insert into STORE ("id_store", "shelf", "date_oper", "quantity", "id_oper_type", "id_product") values (968, 6, '2017-9-1 13:50:1', 8, 1, 18);
insert into STORE ("id_store", "shelf", "date_oper", "quantity", "id_oper_type", "id_product") values (118, 8, '2018-1-6 20:41:3', 3, 6, 20);
insert into STORE ("id_store", "shelf", "date_oper", "quantity", "id_oper_type", "id_product") values (787, 4, '2018-2-22 23:5:57', 5, 8, 20);
insert into STORE ("id_store", "shelf", "date_oper", "quantity", "id_oper_type", "id_product") values (798, 3, '2017-8-17 13:2:53', 2, 3, 3);
insert into STORE ("id_store", "shelf", "date_oper", "quantity", "id_oper_type", "id_product") values (511, 9, '2018-3-1 23:31:38', 6, 4, 7);
insert into STORE ("id_store", "shelf", "date_oper", "quantity", "id_oper_type", "id_product") values (479, 5, '2017-1-14 1:42:19', 9, 7, 10);
insert into STORE ("id_store", "shelf", "date_oper", "quantity", "id_oper_type", "id_product") values (145, 1, '2017-10-16 16:10:18', 1, 7, 2);
insert into STORE ("id_store", "shelf", "date_oper", "quantity", "id_oper_type", "id_product") values (374, 2, '2017-7-25 11:47:47', 4, 2, 16);
insert into STORE ("id_store", "shelf", "date_oper", "quantity", "id_oper_type", "id_product") values (546, 7, '2017-11-22 18:18:9', 7, 8, 10);
insert into STORE ("id_store", "shelf", "date_oper", "quantity", "id_oper_type", "id_product") values (803, 6, '2018-2-9 22:23:1', 8, 7, 2);
insert into STORE ("id_store", "shelf", "date_oper", "quantity", "id_oper_type", "id_product") values (107, 8, '2017-12-6 19:0:2', 3, 7, 5);
insert into STORE ("id_store", "shelf", "date_oper", "quantity", "id_oper_type", "id_product") values (337, 4, '2017-12-15 19:26:47', 5, 6, 12);
insert into STORE ("id_store", "shelf", "date_oper", "quantity", "id_oper_type", "id_product") values (411, 3, '2017-1-10 1:34:10', 2, 7, 4);
insert into STORE ("id_store", "shelf", "date_oper", "quantity", "id_oper_type", "id_product") values (395, 9, '2017-3-29 5:34:39', 6, 4, 19);
insert into STORE ("id_store", "shelf", "date_oper", "quantity", "id_oper_type", "id_product") values (301, 5, '2018-2-12 22:32:16', 9, 4, 15);
insert into STORE ("id_store", "shelf", "date_oper", "quantity", "id_oper_type", "id_product") values (154, 1, '2017-3-23 5:12:50', 1, 9, 4);
insert into STORE ("id_store", "shelf", "date_oper", "quantity", "id_oper_type", "id_product") values (694, 2, '2018-1-20 21:21:6', 4, 7, 18);
insert into STORE ("id_store", "shelf", "date_oper", "quantity", "id_oper_type", "id_product") values (688, 7, '2017-4-12 6:21:59', 7, 2, 1);
insert into STORE ("id_store", "shelf", "date_oper", "quantity", "id_oper_type", "id_product") values (869, 6, '2017-3-13 4:40:53', 8, 3, 8);
insert into STORE ("id_store", "shelf", "date_oper", "quantity", "id_oper_type", "id_product") values (31, 8, '2018-2-20 22:56:8', 3, 9, 7);
insert into STORE ("id_store", "shelf", "date_oper", "quantity", "id_oper_type", "id_product") values (863, 4, '2017-2-13 3:16:4', 5, 1, 16);
insert into STORE ("id_store", "shelf", "date_oper", "quantity", "id_oper_type", "id_product") values (33, 3, '2017-8-23 13:23:56', 2, 7, 20);
insert into STORE ("id_store", "shelf", "date_oper", "quantity", "id_oper_type", "id_product") values (946, 9, '2017-12-27 20:10:45', 6, 9, 4);
insert into STORE ("id_store", "shelf", "date_oper", "quantity", "id_oper_type", "id_product") values (831, 5, '2017-7-21 11:34:22', 9, 3, 17);
insert into STORE ("id_store", "shelf", "date_oper", "quantity", "id_oper_type", "id_product") values (181, 1, '2017-11-24 18:24:36', 1, 9, 10);
insert into STORE ("id_store", "shelf", "date_oper", "quantity", "id_oper_type", "id_product") values (190, 2, '2017-9-2 13:51:55', 4, 3, 20);
insert into STORE ("id_store", "shelf", "date_oper", "quantity", "id_oper_type", "id_product") values (198, 7, '2017-8-9 12:38:50', 7, 1, 19);
insert into STORE ("id_store", "shelf", "date_oper", "quantity", "id_oper_type", "id_product") values (383, 6, '2017-4-28 7:7:41', 8, 8, 10);
insert into STORE ("id_store", "shelf", "date_oper", "quantity", "id_oper_type", "id_product") values (446, 8, '2017-9-8 14:10:32', 3, 6, 8);
insert into STORE ("id_store", "shelf", "date_oper", "quantity", "id_oper_type", "id_product") values (459, 4, '2017-10-14 16:2:47', 5, 6, 9);
insert into STORE ("id_store", "shelf", "date_oper", "quantity", "id_oper_type", "id_product") values (505, 3, '2017-1-8 1:27:50', 2, 3, 1);
insert into STORE ("id_store", "shelf", "date_oper", "quantity", "id_oper_type", "id_product") values (237, 9, '2017-9-20 14:46:5', 6, 6, 8);
insert into STORE ("id_store", "shelf", "date_oper", "quantity", "id_oper_type", "id_product") values (431, 5, '2017-2-12 3:13:10', 9, 1, 2);
insert into STORE ("id_store", "shelf", "date_oper", "quantity", "id_oper_type", "id_product") values (428, 1, '2017-5-7 7:38:31', 1, 3, 3);
insert into STORE ("id_store", "shelf", "date_oper", "quantity", "id_oper_type", "id_product") values (377, 2, '2018-2-10 22:24:10', 4, 1, 3);
insert into STORE ("id_store", "shelf", "date_oper", "quantity", "id_oper_type", "id_product") values (498, 7, '2017-2-11 3:12:25', 7, 6, 1);
insert into STORE ("id_store", "shelf", "date_oper", "quantity", "id_oper_type", "id_product") values (640, 6, '2017-3-15 4:46:17', 8, 3, 9);
insert into STORE ("id_store", "shelf", "date_oper", "quantity", "id_oper_type", "id_product") values (497, 8, '2017-6-23 10:8:30', 3, 9, 8);
insert into STORE ("id_store", "shelf", "date_oper", "quantity", "id_oper_type", "id_product") values (512, 4, '2017-10-10 15:48:10', 5, 2, 12);
insert into STORE ("id_store", "shelf", "date_oper", "quantity", "id_oper_type", "id_product") values (158, 3, '2018-1-19 21:18:55', 2, 9, 10);
insert into STORE ("id_store", "shelf", "date_oper", "quantity", "id_oper_type", "id_product") values (44, 9, '2018-2-1 21:57:27', 6, 3, 8);
insert into STORE ("id_store", "shelf", "date_oper", "quantity", "id_oper_type", "id_product") values (141, 5, '2017-2-24 3:49:13', 9, 4, 3);
insert into STORE ("id_store", "shelf", "date_oper", "quantity", "id_oper_type", "id_product") values (559, 1, '2017-6-14 9:38:13', 1, 3, 4);
insert into STORE ("id_store", "shelf", "date_oper", "quantity", "id_oper_type", "id_product") values (939, 2, '2017-3-28 5:31:13', 4, 4, 20);
insert into STORE ("id_store", "shelf", "date_oper", "quantity", "id_oper_type", "id_product") values (73, 7, '2018-1-21 21:26:29', 7, 8, 19);
insert into STORE ("id_store", "shelf", "date_oper", "quantity", "id_oper_type", "id_product") values (220, 6, '2017-3-28 5:29:12', 8, 1, 4);
insert into STORE ("id_store", "shelf", "date_oper", "quantity", "id_oper_type", "id_product") values (856, 8, '2018-3-1 23:30:44', 3, 9, 16);
insert into STORE ("id_store", "shelf", "date_oper", "quantity", "id_oper_type", "id_product") values (124, 4, '2017-4-17 6:39:0', 5, 6, 10);
insert into STORE ("id_store", "shelf", "date_oper", "quantity", "id_oper_type", "id_product") values (911, 3, '2017-10-7 15:38:16', 2, 2, 17);
insert into STORE ("id_store", "shelf", "date_oper", "quantity", "id_oper_type", "id_product") values (956, 9, '2017-3-21 5:4:41', 6, 4, 9);
insert into STORE ("id_store", "shelf", "date_oper", "quantity", "id_oper_type", "id_product") values (268, 5, '2017-8-13 12:52:9', 9, 6, 9);
insert into STORE ("id_store", "shelf", "date_oper", "quantity", "id_oper_type", "id_product") values (615, 1, '2018-2-26 23:19:28', 1, 2, 12);
insert into STORE ("id_store", "shelf", "date_oper", "quantity", "id_oper_type", "id_product") values (65, 2, '2017-12-21 19:50:14', 4, 9, 8);
insert into STORE ("id_store", "shelf", "date_oper", "quantity", "id_oper_type", "id_product") values (162, 7, '2017-10-27 16:45:28', 7, 7, 4);
insert into STORE ("id_store", "shelf", "date_oper", "quantity", "id_oper_type", "id_product") values (401, 6, '2017-1-9 1:29:33', 8, 1, 20);
insert into STORE ("id_store", "shelf", "date_oper", "quantity", "id_oper_type", "id_product") values (623, 8, '2017-7-23 11:42:28', 3, 4, 18);
insert into STORE ("id_store", "shelf", "date_oper", "quantity", "id_oper_type", "id_product") values (426, 4, '2017-12-8 19:6:31', 5, 6, 11);
insert into STORE ("id_store", "shelf", "date_oper", "quantity", "id_oper_type", "id_product") values (665, 3, '2017-10-26 16:43:55', 2, 7, 12);
insert into STORE ("id_store", "shelf", "date_oper", "quantity", "id_oper_type", "id_product") values (113, 9, '2017-12-8 19:4:37', 6, 9, 15);
insert into STORE ("id_store", "shelf", "date_oper", "quantity", "id_oper_type", "id_product") values (207, 5, '2018-2-28 23:27:40', 9, 6, 19);
insert into STORE ("id_store", "shelf", "date_oper", "quantity", "id_oper_type", "id_product") values (521, 1, '2017-12-15 19:28:43', 1, 3, 20);
insert into STORE ("id_store", "shelf", "date_oper", "quantity", "id_oper_type", "id_product") values (871, 2, '2017-2-3 2:47:33', 4, 1, 11);
insert into STORE ("id_store", "shelf", "date_oper", "quantity", "id_oper_type", "id_product") values (462, 7, '2017-11-9 17:34:20', 7, 7, 19);
insert into STORE ("id_store", "shelf", "date_oper", "quantity", "id_oper_type", "id_product") values (436, 6, '2017-10-4 15:29:56', 8, 4, 11);
insert into STORE ("id_store", "shelf", "date_oper", "quantity", "id_oper_type", "id_product") values (204, 8, '2017-9-16 14:36:11', 3, 8, 13);
insert into STORE ("id_store", "shelf", "date_oper", "quantity", "id_oper_type", "id_product") values (764, 4, '2018-1-23 21:31:47', 5, 4, 6);
insert into STORE ("id_store", "shelf", "date_oper", "quantity", "id_oper_type", "id_product") values (360, 3, '2017-4-13 6:28:6', 2, 1, 1);
insert into STORE ("id_store", "shelf", "date_oper", "quantity", "id_oper_type", "id_product") values (16, 9, '2017-12-14 19:24:3', 6, 8, 8);
insert into STORE ("id_store", "shelf", "date_oper", "quantity", "id_oper_type", "id_product") values (821, 5, '2017-5-11 7:50:19', 9, 8, 20);
insert into STORE ("id_store", "shelf", "date_oper", "quantity", "id_oper_type", "id_product") values (881, 1, '2017-7-2 10:40:18', 1, 4, 17);
insert into STORE ("id_store", "shelf", "date_oper", "quantity", "id_oper_type", "id_product") values (143, 2, '2018-1-17 21:12:51', 4, 3, 19);
insert into STORE ("id_store", "shelf", "date_oper", "quantity", "id_oper_type", "id_product") values (736, 7, '2017-6-11 9:27:42', 7, 8, 18);
insert into STORE ("id_store", "shelf", "date_oper", "quantity", "id_oper_type", "id_product") values (693, 6, '2018-1-4 20:34:20', 8, 9, 19);
insert into STORE ("id_store", "shelf", "date_oper", "quantity", "id_oper_type", "id_product") values (280, 8, '2017-9-21 14:52:17', 3, 7, 16);
insert into STORE ("id_store", "shelf", "date_oper", "quantity", "id_oper_type", "id_product") values (698, 4, '2017-4-22 6:51:40', 5, 9, 19);
insert into STORE ("id_store", "shelf", "date_oper", "quantity", "id_oper_type", "id_product") values (829, 3, '2017-5-27 8:39:2', 2, 3, 10);
insert into STORE ("id_store", "shelf", "date_oper", "quantity", "id_oper_type", "id_product") values (777, 9, '2017-12-4 18:53:21', 6, 3, 6);
insert into STORE ("id_store", "shelf", "date_oper", "quantity", "id_oper_type", "id_product") values (782, 5, '2017-2-7 2:56:28', 9, 2, 10);
insert into STORE ("id_store", "shelf", "date_oper", "quantity", "id_oper_type", "id_product") values (735, 1, '2017-7-23 11:41:7', 1, 1, 17);
insert into STORE ("id_store", "shelf", "date_oper", "quantity", "id_oper_type", "id_product") values (664, 2, '2018-1-30 21:50:23', 4, 2, 20);
insert into STORE ("id_store", "shelf", "date_oper", "quantity", "id_oper_type", "id_product") values (101, 7, '2017-10-6 15:35:17', 7, 9, 7);
insert into STORE ("id_store", "shelf", "date_oper", "quantity", "id_oper_type", "id_product") values (654, 6, '2017-2-4 2:50:39', 8, 7, 18);
insert into STORE ("id_store", "shelf", "date_oper", "quantity", "id_oper_type", "id_product") values (905, 8, '2017-12-28 20:14:45', 3, 4, 18);
insert into STORE ("id_store", "shelf", "date_oper", "quantity", "id_oper_type", "id_product") values (466, 4, '2017-11-19 18:6:21', 5, 6, 19);
insert into STORE ("id_store", "shelf", "date_oper", "quantity", "id_oper_type", "id_product") values (614, 3, '2017-11-3 17:9:54', 2, 4, 9);
insert into STORE ("id_store", "shelf", "date_oper", "quantity", "id_oper_type", "id_product") values (578, 9, '2017-7-10 11:6:35', 6, 8, 4);
insert into STORE ("id_store", "shelf", "date_oper", "quantity", "id_oper_type", "id_product") values (106, 5, '2017-9-15 14:33:15', 9, 9, 1);
insert into STORE ("id_store", "shelf", "date_oper", "quantity", "id_oper_type", "id_product") values (445, 1, '2017-8-21 13:17:57', 1, 7, 10);
insert into STORE ("id_store", "shelf", "date_oper", "quantity", "id_oper_type", "id_product") values (116, 2, '2018-1-15 21:8:35', 4, 7, 6);
insert into STORE ("id_store", "shelf", "date_oper", "quantity", "id_oper_type", "id_product") values (344, 7, '2017-5-3 7:26:39', 7, 8, 20);
insert into STORE ("id_store", "shelf", "date_oper", "quantity", "id_oper_type", "id_product") values (483, 6, '2017-12-13 19:23:5', 8, 4, 4);
insert into STORE ("id_store", "shelf", "date_oper", "quantity", "id_oper_type", "id_product") values (229, 8, '2017-10-1 15:21:5', 3, 3, 15);
insert into STORE ("id_store", "shelf", "date_oper", "quantity", "id_oper_type", "id_product") values (476, 4, '2017-5-14 7:59:59', 5, 2, 9);
insert into STORE ("id_store", "shelf", "date_oper", "quantity", "id_oper_type", "id_product") values (300, 3, '2017-1-19 1:55:38', 2, 1, 12);
insert into STORE ("id_store", "shelf", "date_oper", "quantity", "id_oper_type", "id_product") values (669, 9, '2017-11-7 17:25:21', 6, 1, 4);
insert into STORE ("id_store", "shelf", "date_oper", "quantity", "id_oper_type", "id_product") values (810, 5, '2017-10-31 16:58:39', 9, 7, 9);
insert into STORE ("id_store", "shelf", "date_oper", "quantity", "id_oper_type", "id_product") values (550, 1, '2017-4-9 6:10:52', 1, 6, 9);
insert into STORE ("id_store", "shelf", "date_oper", "quantity", "id_oper_type", "id_product") values (370, 2, '2018-2-21 23:2:38', 4, 2, 10);
insert into STORE ("id_store", "shelf", "date_oper", "quantity", "id_oper_type", "id_product") values (636, 7, '2017-8-14 12:56:24', 7, 1, 1);
insert into STORE ("id_store", "shelf", "date_oper", "quantity", "id_oper_type", "id_product") values (684, 6, '2017-5-2 7:24:43', 8, 4, 5);
insert into STORE ("id_store", "shelf", "date_oper", "quantity", "id_oper_type", "id_product") values (285, 8, '2017-4-10 6:14:32', 3, 4, 15);
insert into STORE ("id_store", "shelf", "date_oper", "quantity", "id_oper_type", "id_product") values (827, 4, '2017-8-3 12:21:27', 5, 4, 7);
insert into STORE ("id_store", "shelf", "date_oper", "quantity", "id_oper_type", "id_product") values (230, 3, '2017-6-14 9:39:15', 2, 1, 11);
insert into STORE ("id_store", "shelf", "date_oper", "quantity", "id_oper_type", "id_product") values (67, 9, '2017-1-25 2:18:3', 6, 3, 20);
insert into STORE ("id_store", "shelf", "date_oper", "quantity", "id_oper_type", "id_product") values (62, 5, '2017-1-17 1:50:39', 9, 8, 17);
insert into STORE ("id_store", "shelf", "date_oper", "quantity", "id_oper_type", "id_product") values (763, 1, '2017-5-24 8:32:47', 1, 7, 13);
insert into STORE ("id_store", "shelf", "date_oper", "quantity", "id_oper_type", "id_product") values (195, 2, '2017-1-20 1:58:29', 4, 7, 5);
insert into STORE ("id_store", "shelf", "date_oper", "quantity", "id_oper_type", "id_product") values (226, 7, '2018-2-14 22:38:53', 7, 7, 1);
insert into STORE ("id_store", "shelf", "date_oper", "quantity", "id_oper_type", "id_product") values (413, 6, '2017-8-18 13:6:55', 8, 4, 18);
insert into STORE ("id_store", "shelf", "date_oper", "quantity", "id_oper_type", "id_product") values (434, 8, '2018-1-11 20:55:49', 3, 8, 9);
insert into STORE ("id_store", "shelf", "date_oper", "quantity", "id_oper_type", "id_product") values (861, 4, '2017-9-8 14:13:15', 5, 3, 18);
insert into STORE ("id_store", "shelf", "date_oper", "quantity", "id_oper_type", "id_product") values (814, 3, '2018-2-8 22:19:43', 2, 3, 5);
insert into STORE ("id_store", "shelf", "date_oper", "quantity", "id_oper_type", "id_product") values (309, 9, '2017-8-2 12:16:58', 6, 4, 2);
insert into STORE ("id_store", "shelf", "date_oper", "quantity", "id_oper_type", "id_product") values (870, 5, '2017-11-22 18:16:51', 9, 3, 4);
insert into STORE ("id_store", "shelf", "date_oper", "quantity", "id_oper_type", "id_product") values (90, 1, '2017-10-15 16:7:4', 1, 4, 16);
insert into STORE ("id_store", "shelf", "date_oper", "quantity", "id_oper_type", "id_product") values (486, 2, '2018-1-26 21:39:41', 4, 3, 14);
insert into STORE ("id_store", "shelf", "date_oper", "quantity", "id_oper_type", "id_product") values (408, 7, '2017-8-22 13:22:57', 7, 3, 16);
insert into STORE ("id_store", "shelf", "date_oper", "quantity", "id_oper_type", "id_product") values (310, 6, '2017-2-26 3:56:3', 8, 4, 5);
insert into STORE ("id_store", "shelf", "date_oper", "quantity", "id_oper_type", "id_product") values (837, 8, '2017-6-27 10:21:34', 3, 3, 10);
insert into STORE ("id_store", "shelf", "date_oper", "quantity", "id_oper_type", "id_product") values (685, 4, '2017-1-24 2:16:53', 5, 3, 3);
insert into STORE ("id_store", "shelf", "date_oper", "quantity", "id_oper_type", "id_product") values (897, 3, '2017-7-26 11:49:11', 2, 7, 11);
insert into STORE ("id_store", "shelf", "date_oper", "quantity", "id_oper_type", "id_product") values (315, 9, '2017-10-5 15:34:16', 6, 1, 20);
insert into STORE ("id_store", "shelf", "date_oper", "quantity", "id_oper_type", "id_product") values (830, 5, '2018-1-17 21:13:40', 9, 8, 20);
insert into STORE ("id_store", "shelf", "date_oper", "quantity", "id_oper_type", "id_product") values (658, 1, '2017-9-27 15:9:50', 1, 8, 10);
insert into STORE ("id_store", "shelf", "date_oper", "quantity", "id_oper_type", "id_product") values (227, 2, '2017-1-12 1:37:9', 4, 4, 6);
insert into STORE ("id_store", "shelf", "date_oper", "quantity", "id_oper_type", "id_product") values (264, 7, '2017-11-19 18:8:2', 7, 2, 1);
insert into STORE ("id_store", "shelf", "date_oper", "quantity", "id_oper_type", "id_product") values (299, 6, '2017-5-5 7:33:6', 8, 4, 9);
insert into STORE ("id_store", "shelf", "date_oper", "quantity", "id_oper_type", "id_product") values (983, 8, '2018-2-6 22:14:48', 3, 3, 20);
insert into STORE ("id_store", "shelf", "date_oper", "quantity", "id_oper_type", "id_product") values (22, 4, '2017-7-22 11:38:36', 5, 6, 20);
insert into STORE ("id_store", "shelf", "date_oper", "quantity", "id_oper_type", "id_product") values (146, 3, '2017-2-24 3:50:39', 2, 4, 5);
insert into STORE ("id_store", "shelf", "date_oper", "quantity", "id_oper_type", "id_product") values (544, 9, '2017-11-26 18:32:59', 6, 7, 12);
insert into STORE ("id_store", "shelf", "date_oper", "quantity", "id_oper_type", "id_product") values (217, 5, '2017-5-18 8:12:11', 9, 7, 2);
insert into STORE ("id_store", "shelf", "date_oper", "quantity", "id_oper_type", "id_product") values (891, 1, '2018-2-18 22:49:33', 1, 8, 6);
insert into STORE ("id_store", "shelf", "date_oper", "quantity", "id_oper_type", "id_product") values (992, 2, '2017-6-8 9:18:37', 4, 2, 7);
insert into STORE ("id_store", "shelf", "date_oper", "quantity", "id_oper_type", "id_product") values (706, 7, '2017-9-11 14:18:54', 7, 2, 20);
insert into STORE ("id_store", "shelf", "date_oper", "quantity", "id_oper_type", "id_product") values (740, 6, '2017-5-30 8:48:28', 8, 9, 9);
insert into STORE ("id_store", "shelf", "date_oper", "quantity", "id_oper_type", "id_product") values (77, 8, '2017-2-15 3:22:2', 3, 9, 6);
insert into STORE ("id_store", "shelf", "date_oper", "quantity", "id_oper_type", "id_product") values (487, 4, '2018-1-20 21:22:10', 5, 3, 6);
insert into STORE ("id_store", "shelf", "date_oper", "quantity", "id_oper_type", "id_product") values (313, 3, '2017-4-21 6:49:58', 2, 8, 7);
insert into STORE ("id_store", "shelf", "date_oper", "quantity", "id_oper_type", "id_product") values (790, 9, '2017-4-24 6:55:44', 6, 8, 10);
insert into STORE ("id_store", "shelf", "date_oper", "quantity", "id_oper_type", "id_product") values (727, 5, '2017-1-21 2:5:59', 9, 2, 6);
insert into STORE ("id_store", "shelf", "date_oper", "quantity", "id_oper_type", "id_product") values (343, 1, '2017-9-20 14:50:47', 1, 2, 12);
insert into STORE ("id_store", "shelf", "date_oper", "quantity", "id_oper_type", "id_product") values (189, 2, '2017-2-10 3:9:40', 4, 6, 9);
insert into STORE ("id_store", "shelf", "date_oper", "quantity", "id_oper_type", "id_product") values (61, 7, '2017-9-20 14:47:49', 7, 8, 7);
insert into STORE ("id_store", "shelf", "date_oper", "quantity", "id_oper_type", "id_product") values (242, 6, '2017-3-20 5:2:19', 8, 1, 6);
insert into STORE ("id_store", "shelf", "date_oper", "quantity", "id_oper_type", "id_product") values (851, 8, '2018-1-8 20:45:8', 3, 4, 4);
insert into STORE ("id_store", "shelf", "date_oper", "quantity", "id_oper_type", "id_product") values (568, 4, '2017-1-20 2:1:42', 5, 2, 18);
insert into STORE ("id_store", "shelf", "date_oper", "quantity", "id_oper_type", "id_product") values (178, 3, '2017-5-23 8:28:34', 2, 2, 17);
insert into STORE ("id_store", "shelf", "date_oper", "quantity", "id_oper_type", "id_product") values (234, 9, '2017-7-1 10:33:13', 6, 9, 9);
insert into STORE ("id_store", "shelf", "date_oper", "quantity", "id_oper_type", "id_product") values (982, 5, '2017-7-20 11:32:51', 9, 6, 1);
insert into STORE ("id_store", "shelf", "date_oper", "quantity", "id_oper_type", "id_product") values (85, 1, '2017-9-12 14:23:30', 1, 4, 1);
insert into STORE ("id_store", "shelf", "date_oper", "quantity", "id_oper_type", "id_product") values (575, 2, '2018-3-2 23:34:6', 4, 7, 12);
insert into STORE ("id_store", "shelf", "date_oper", "quantity", "id_oper_type", "id_product") values (494, 7, '2017-12-14 19:25:52', 7, 1, 20);
insert into STORE ("id_store", "shelf", "date_oper", "quantity", "id_oper_type", "id_product") values (581, 6, '2017-8-9 12:40:39', 8, 3, 13);
insert into STORE ("id_store", "shelf", "date_oper", "quantity", "id_oper_type", "id_product") values (743, 8, '2017-8-1 12:10:57', 3, 9, 19);
insert into STORE ("id_store", "shelf", "date_oper", "quantity", "id_oper_type", "id_product") values (649, 4, '2017-5-4 7:31:37', 5, 1, 16);
insert into STORE ("id_store", "shelf", "date_oper", "quantity", "id_oper_type", "id_product") values (482, 3, '2017-10-3 15:27:32', 2, 6, 7);
insert into STORE ("id_store", "shelf", "date_oper", "quantity", "id_oper_type", "id_product") values (872, 9, '2017-3-26 5:21:8', 6, 9, 18);
insert into STORE ("id_store", "shelf", "date_oper", "quantity", "id_oper_type", "id_product") values (338, 5, '2017-11-16 17:55:52', 9, 8, 17);
insert into STORE ("id_store", "shelf", "date_oper", "quantity", "id_oper_type", "id_product") values (580, 1, '2017-9-8 14:12:9', 1, 3, 18);
insert into STORE ("id_store", "shelf", "date_oper", "quantity", "id_oper_type", "id_product") values (535, 2, '2017-6-2 8:57:15', 4, 6, 19);
insert into STORE ("id_store", "shelf", "date_oper", "quantity", "id_oper_type", "id_product") values (579, 7, '2017-10-15 16:5:45', 7, 6, 10);
insert into STORE ("id_store", "shelf", "date_oper", "quantity", "id_oper_type", "id_product") values (676, 6, '2017-3-25 5:20:24', 8, 4, 3);
insert into STORE ("id_store", "shelf", "date_oper", "quantity", "id_oper_type", "id_product") values (32, 8, '2017-12-26 20:8:28', 3, 4, 17);
insert into STORE ("id_store", "shelf", "date_oper", "quantity", "id_oper_type", "id_product") values (373, 4, '2018-1-18 21:16:13', 5, 3, 10);
insert into STORE ("id_store", "shelf", "date_oper", "quantity", "id_oper_type", "id_product") values (813, 3, '2017-6-22 10:7:8', 2, 7, 6);
insert into STORE ("id_store", "shelf", "date_oper", "quantity", "id_oper_type", "id_product") values (994, 9, '2017-2-22 3:45:42', 6, 2, 5);
insert into STORE ("id_store", "shelf", "date_oper", "quantity", "id_oper_type", "id_product") values (806, 5, '2017-4-17 6:37:31', 9, 4, 3);
insert into STORE ("id_store", "shelf", "date_oper", "quantity", "id_oper_type", "id_product") values (399, 1, '2017-8-11 12:47:28', 1, 1, 3);
insert into STORE ("id_store", "shelf", "date_oper", "quantity", "id_oper_type", "id_product") values (499, 2, '2017-8-7 12:32:21', 4, 3, 6);
insert into STORE ("id_store", "shelf", "date_oper", "quantity", "id_oper_type", "id_product") values (562, 7, '2017-2-20 3:37:6', 7, 4, 17);
insert into STORE ("id_store", "shelf", "date_oper", "quantity", "id_oper_type", "id_product") values (493, 6, '2017-7-29 12:0:22', 8, 3, 2);
insert into STORE ("id_store", "shelf", "date_oper", "quantity", "id_oper_type", "id_product") values (789, 8, '2017-5-16 8:6:38', 3, 4, 12);
insert into STORE ("id_store", "shelf", "date_oper", "quantity", "id_oper_type", "id_product") values (724, 4, '2017-8-25 13:31:11', 5, 8, 11);
insert into STORE ("id_store", "shelf", "date_oper", "quantity", "id_oper_type", "id_product") values (824, 3, '2017-1-6 1:18:59', 2, 9, 11);
insert into STORE ("id_store", "shelf", "date_oper", "quantity", "id_oper_type", "id_product") values (673, 9, '2017-7-1 10:34:12', 6, 8, 8);
insert into STORE ("id_store", "shelf", "date_oper", "quantity", "id_oper_type", "id_product") values (480, 5, '2017-12-1 18:44:58', 9, 4, 10);
insert into STORE ("id_store", "shelf", "date_oper", "quantity", "id_oper_type", "id_product") values (208, 1, '2017-10-30 16:55:1', 1, 7, 5);
insert into STORE ("id_store", "shelf", "date_oper", "quantity", "id_oper_type", "id_product") values (298, 2, '2018-2-20 22:58:6', 4, 6, 16);
insert into STORE ("id_store", "shelf", "date_oper", "quantity", "id_oper_type", "id_product") values (778, 7, '2018-1-7 20:43:42', 7, 2, 4);
insert into STORE ("id_store", "shelf", "date_oper", "quantity", "id_oper_type", "id_product") values (561, 6, '2017-2-24 3:51:30', 8, 7, 20);
insert into STORE ("id_store", "shelf", "date_oper", "quantity", "id_oper_type", "id_product") values (971, 8, '2017-5-31 8:53:23', 3, 2, 3);
insert into STORE ("id_store", "shelf", "date_oper", "quantity", "id_oper_type", "id_product") values (241, 4, '2017-1-3 1:10:24', 5, 4, 20);
insert into STORE ("id_store", "shelf", "date_oper", "quantity", "id_oper_type", "id_product") values (877, 3, '2018-2-20 22:59:19', 2, 7, 2);
insert into STORE ("id_store", "shelf", "date_oper", "quantity", "id_oper_type", "id_product") values (801, 9, '2017-8-14 12:57:4', 6, 4, 5);
insert into STORE ("id_store", "shelf", "date_oper", "quantity", "id_oper_type", "id_product") values (652, 5, '2017-9-9 14:15:39', 9, 6, 1);
insert into STORE ("id_store", "shelf", "date_oper", "quantity", "id_oper_type", "id_product") values (296, 1, '2017-11-9 17:33:17', 1, 3, 1);
insert into STORE ("id_store", "shelf", "date_oper", "quantity", "id_oper_type", "id_product") values (754, 2, '2017-11-11 17:40:51', 4, 6, 15);
insert into STORE ("id_store", "shelf", "date_oper", "quantity", "id_oper_type", "id_product") values (166, 7, '2017-1-23 2:10:47', 7, 4, 5);
insert into STORE ("id_store", "shelf", "date_oper", "quantity", "id_oper_type", "id_product") values (655, 6, '2017-6-12 9:31:18', 8, 6, 12);
insert into STORE ("id_store", "shelf", "date_oper", "quantity", "id_oper_type", "id_product") values (919, 8, '2017-2-23 3:47:11', 3, 8, 2);
insert into STORE ("id_store", "shelf", "date_oper", "quantity", "id_oper_type", "id_product") values (879, 4, '2017-5-19 8:14:29', 5, 7, 18);
insert into STORE ("id_store", "shelf", "date_oper", "quantity", "id_oper_type", "id_product") values (847, 3, '2017-5-8 7:43:5', 2, 4, 5);
insert into STORE ("id_store", "shelf", "date_oper", "quantity", "id_oper_type", "id_product") values (744, 9, '2017-8-16 13:0:51', 6, 2, 7);
insert into STORE ("id_store", "shelf", "date_oper", "quantity", "id_oper_type", "id_product") values (715, 5, '2018-1-6 20:40:5', 9, 1, 15);
insert into STORE ("id_store", "shelf", "date_oper", "quantity", "id_oper_type", "id_product") values (828, 1, '2017-12-23 19:55:45', 1, 8, 13);
insert into STORE ("id_store", "shelf", "date_oper", "quantity", "id_oper_type", "id_product") values (185, 2, '2017-5-15 8:3:23', 4, 9, 13);
insert into STORE ("id_store", "shelf", "date_oper", "quantity", "id_oper_type", "id_product") values (59, 7, '2017-6-12 9:30:4', 7, 1, 10);
insert into STORE ("id_store", "shelf", "date_oper", "quantity", "id_oper_type", "id_product") values (867, 6, '2017-8-5 12:27:51', 8, 1, 10);
insert into STORE ("id_store", "shelf", "date_oper", "quantity", "id_oper_type", "id_product") values (98, 8, '2017-8-16 12:59:18', 3, 7, 13);
insert into STORE ("id_store", "shelf", "date_oper", "quantity", "id_oper_type", "id_product") values (849, 4, '2018-2-24 23:12:23', 5, 7, 7);
insert into STORE ("id_store", "shelf", "date_oper", "quantity", "id_oper_type", "id_product") values (442, 3, '2017-8-5 12:25:22', 2, 6, 11);
insert into STORE ("id_store", "shelf", "date_oper", "quantity", "id_oper_type", "id_product") values (121, 9, '2017-8-24 13:28:2', 6, 7, 14);
insert into STORE ("id_store", "shelf", "date_oper", "quantity", "id_oper_type", "id_product") values (980, 5, '2017-5-5 7:34:59', 9, 2, 9);
insert into STORE ("id_store", "shelf", "date_oper", "quantity", "id_oper_type", "id_product") values (277, 1, '2017-4-4 5:53:40', 1, 2, 20);
insert into STORE ("id_store", "shelf", "date_oper", "quantity", "id_oper_type", "id_product") values (603, 2, '2017-9-30 15:19:12', 4, 8, 15);
insert into STORE ("id_store", "shelf", "date_oper", "quantity", "id_oper_type", "id_product") values (249, 7, '2017-10-26 16:42:22', 7, 3, 18);
insert into STORE ("id_store", "shelf", "date_oper", "quantity", "id_oper_type", "id_product") values (2, 6, '2017-3-5 4:17:52', 8, 9, 18);
insert into STORE ("id_store", "shelf", "date_oper", "quantity", "id_oper_type", "id_product") values (607, 8, '2017-9-16 14:34:48', 3, 7, 13);
insert into STORE ("id_store", "shelf", "date_oper", "quantity", "id_oper_type", "id_product") values (701, 4, '2017-12-1 18:46:0', 5, 2, 9);
insert into STORE ("id_store", "shelf", "date_oper", "quantity", "id_oper_type", "id_product") values (218, 3, '2017-11-5 17:15:3', 2, 6, 13);
insert into STORE ("id_store", "shelf", "date_oper", "quantity", "id_oper_type", "id_product") values (917, 9, '2017-12-9 19:10:8', 6, 8, 7);
insert into STORE ("id_store", "shelf", "date_oper", "quantity", "id_oper_type", "id_product") values (72, 5, '2017-12-29 20:17:9', 9, 1, 13);
insert into STORE ("id_store", "shelf", "date_oper", "quantity", "id_oper_type", "id_product") values (397, 1, '2017-11-27 18:34:34', 1, 6, 1);
insert into STORE ("id_store", "shelf", "date_oper", "quantity", "id_oper_type", "id_product") values (320, 2, '2017-9-23 15:0:10', 4, 6, 9);
insert into STORE ("id_store", "shelf", "date_oper", "quantity", "id_oper_type", "id_product") values (137, 7, '2017-7-8 11:1:14', 7, 6, 15);
insert into STORE ("id_store", "shelf", "date_oper", "quantity", "id_oper_type", "id_product") values (796, 6, '2017-10-5 15:32:29', 8, 2, 5);
insert into STORE ("id_store", "shelf", "date_oper", "quantity", "id_oper_type", "id_product") values (47, 8, '2017-11-22 18:19:31', 3, 1, 20);
insert into STORE ("id_store", "shelf", "date_oper", "quantity", "id_oper_type", "id_product") values (597, 4, '2018-2-15 22:40:25', 5, 6, 2);
insert into STORE ("id_store", "shelf", "date_oper", "quantity", "id_oper_type", "id_product") values (989, 3, '2017-7-17 11:24:53', 2, 8, 1);
insert into STORE ("id_store", "shelf", "date_oper", "quantity", "id_oper_type", "id_product") values (172, 9, '2017-11-7 17:24:26', 6, 1, 15);
insert into STORE ("id_store", "shelf", "date_oper", "quantity", "id_oper_type", "id_product") values (573, 5, '2018-3-3 23:37:0', 9, 9, 4);
insert into STORE ("id_store", "shelf", "date_oper", "quantity", "id_oper_type", "id_product") values (235, 1, '2017-1-2 1:7:9', 1, 4, 11);
insert into STORE ("id_store", "shelf", "date_oper", "quantity", "id_oper_type", "id_product") values (598, 2, '2017-11-26 18:31:3', 4, 9, 5);
insert into STORE ("id_store", "shelf", "date_oper", "quantity", "id_oper_type", "id_product") values (566, 7, '2017-6-11 9:24:53', 7, 6, 11);
insert into STORE ("id_store", "shelf", "date_oper", "quantity", "id_oper_type", "id_product") values (563, 6, '2017-7-16 11:21:42', 8, 9, 20);
insert into STORE ("id_store", "shelf", "date_oper", "quantity", "id_oper_type", "id_product") values (191, 8, '2017-8-2 12:14:14', 3, 7, 18);
insert into STORE ("id_store", "shelf", "date_oper", "quantity", "id_oper_type", "id_product") values (469, 4, '2017-1-18 1:52:43', 5, 1, 10);
insert into STORE ("id_store", "shelf", "date_oper", "quantity", "id_oper_type", "id_product") values (542, 3, '2017-8-26 13:34:3', 2, 2, 9);
insert into STORE ("id_store", "shelf", "date_oper", "quantity", "id_oper_type", "id_product") values (657, 9, '2017-5-10 7:47:17', 6, 3, 6);
insert into STORE ("id_store", "shelf", "date_oper", "quantity", "id_oper_type", "id_product") values (170, 5, '2017-11-13 17:48:22', 9, 8, 7);
insert into STORE ("id_store", "shelf", "date_oper", "quantity", "id_oper_type", "id_product") values (147, 1, '2017-6-29 10:27:50', 1, 6, 11);
insert into STORE ("id_store", "shelf", "date_oper", "quantity", "id_oper_type", "id_product") values (629, 2, '2017-9-1 13:49:20', 4, 2, 7);
insert into STORE ("id_store", "shelf", "date_oper", "quantity", "id_oper_type", "id_product") values (213, 7, '2017-3-9 4:28:34', 7, 1, 5);
insert into STORE ("id_store", "shelf", "date_oper", "quantity", "id_oper_type", "id_product") values (762, 6, '2017-1-30 2:31:4', 8, 1, 4);
insert into STORE ("id_store", "shelf", "date_oper", "quantity", "id_oper_type", "id_product") values (439, 8, '2017-12-31 20:22:57', 3, 4, 18);
insert into STORE ("id_store", "shelf", "date_oper", "quantity", "id_oper_type", "id_product") values (66, 4, '2017-7-30 12:7:3', 5, 7, 6);
insert into STORE ("id_store", "shelf", "date_oper", "quantity", "id_oper_type", "id_product") values (918, 3, '2017-11-24 18:22:45', 2, 7, 1);
insert into STORE ("id_store", "shelf", "date_oper", "quantity", "id_oper_type", "id_product") values (612, 9, '2017-1-10 1:32:24', 6, 4, 9);
insert into STORE ("id_store", "shelf", "date_oper", "quantity", "id_oper_type", "id_product") values (719, 5, '2017-11-21 18:13:45', 9, 7, 7);
insert into STORE ("id_store", "shelf", "date_oper", "quantity", "id_oper_type", "id_product") values (666, 1, '2018-1-19 21:19:54', 1, 8, 19);
insert into STORE ("id_store", "shelf", "date_oper", "quantity", "id_oper_type", "id_product") values (60, 2, '2017-1-4 1:13:54', 4, 2, 11);
insert into STORE ("id_store", "shelf", "date_oper", "quantity", "id_oper_type", "id_product") values (594, 7, '2017-9-25 15:5:20', 7, 3, 14);
insert into STORE ("id_store", "shelf", "date_oper", "quantity", "id_oper_type", "id_product") values (37, 6, '2017-8-20 13:14:13', 8, 3, 18);
insert into STORE ("id_store", "shelf", "date_oper", "quantity", "id_oper_type", "id_product") values (342, 8, '2017-5-30 8:47:38', 3, 4, 8);
insert into STORE ("id_store", "shelf", "date_oper", "quantity", "id_oper_type", "id_product") values (600, 4, '2018-2-19 22:53:9', 5, 7, 14);
insert into STORE ("id_store", "shelf", "date_oper", "quantity", "id_oper_type", "id_product") values (681, 3, '2017-4-8 6:8:51', 2, 2, 5);
insert into STORE ("id_store", "shelf", "date_oper", "quantity", "id_oper_type", "id_product") values (255, 9, '2018-2-28 23:29:1', 6, 7, 5);
insert into STORE ("id_store", "shelf", "date_oper", "quantity", "id_oper_type", "id_product") values (667, 5, '2018-1-31 21:55:0', 9, 2, 10);
insert into STORE ("id_store", "shelf", "date_oper", "quantity", "id_oper_type", "id_product") values (656, 1, '2017-12-18 19:37:33', 1, 9, 17);
insert into STORE ("id_store", "shelf", "date_oper", "quantity", "id_oper_type", "id_product") values (233, 2, '2017-7-28 11:57:49', 4, 2, 11);
insert into STORE ("id_store", "shelf", "date_oper", "quantity", "id_oper_type", "id_product") values (379, 7, '2017-5-6 7:37:5', 7, 8, 17);
insert into STORE ("id_store", "shelf", "date_oper", "quantity", "id_oper_type", "id_product") values (595, 6, '2017-4-18 6:39:50', 8, 8, 12);
insert into STORE ("id_store", "shelf", "date_oper", "quantity", "id_oper_type", "id_product") values (325, 8, '2018-1-27 21:43:27', 3, 3, 4);
insert into STORE ("id_store", "shelf", "date_oper", "quantity", "id_oper_type", "id_product") values (96, 4, '2017-11-13 17:46:26', 5, 8, 16);
insert into STORE ("id_store", "shelf", "date_oper", "quantity", "id_oper_type", "id_product") values (703, 3, '2017-8-15 12:57:50', 2, 9, 13);
insert into STORE ("id_store", "shelf", "date_oper", "quantity", "id_oper_type", "id_product") values (635, 9, '2017-2-19 3:35:14', 6, 7, 12);
insert into STORE ("id_store", "shelf", "date_oper", "quantity", "id_oper_type", "id_product") values (203, 5, '2017-11-6 17:23:36', 9, 7, 15);
insert into STORE ("id_store", "shelf", "date_oper", "quantity", "id_oper_type", "id_product") values (7, 1, '2017-12-23 19:57:23', 1, 9, 10);
insert into STORE ("id_store", "shelf", "date_oper", "quantity", "id_oper_type", "id_product") values (660, 2, '2017-7-10 11:5:34', 4, 7, 8);
insert into STORE ("id_store", "shelf", "date_oper", "quantity", "id_oper_type", "id_product") values (290, 7, '2017-2-10 3:8:29', 7, 8, 19);
insert into STORE ("id_store", "shelf", "date_oper", "quantity", "id_oper_type", "id_product") values (152, 6, '2018-1-22 21:29:43', 8, 2, 1);
insert into STORE ("id_store", "shelf", "date_oper", "quantity", "id_oper_type", "id_product") values (451, 8, '2017-6-29 10:24:25', 3, 6, 7);
insert into STORE ("id_store", "shelf", "date_oper", "quantity", "id_oper_type", "id_product") values (903, 4, '2017-7-15 11:19:44', 5, 4, 8);
insert into STORE ("id_store", "shelf", "date_oper", "quantity", "id_oper_type", "id_product") values (825, 3, '2017-6-7 9:14:48', 2, 2, 2);
insert into STORE ("id_store", "shelf", "date_oper", "quantity", "id_oper_type", "id_product") values (643, 9, '2017-2-26 3:57:23', 6, 8, 13);
insert into STORE ("id_store", "shelf", "date_oper", "quantity", "id_oper_type", "id_product") values (934, 5, '2017-10-25 16:35:43', 9, 4, 12);
insert into STORE ("id_store", "shelf", "date_oper", "quantity", "id_oper_type", "id_product") values (20, 1, '2017-6-27 10:20:23', 1, 1, 18);
insert into STORE ("id_store", "shelf", "date_oper", "quantity", "id_oper_type", "id_product") values (793, 2, '2017-1-16 1:48:49', 4, 4, 17);
insert into STORE ("id_store", "shelf", "date_oper", "quantity", "id_oper_type", "id_product") values (403, 7, '2017-8-4 12:23:43', 7, 2, 10);
insert into STORE ("id_store", "shelf", "date_oper", "quantity", "id_oper_type", "id_product") values (788, 6, '2018-2-24 23:14:17', 8, 7, 15);
insert into STORE ("id_store", "shelf", "date_oper", "quantity", "id_oper_type", "id_product") values (795, 8, '2017-11-17 17:58:44', 3, 2, 15);
insert into STORE ("id_store", "shelf", "date_oper", "quantity", "id_oper_type", "id_product") values (620, 4, '2017-3-22 5:11:6', 5, 2, 7);
insert into STORE ("id_store", "shelf", "date_oper", "quantity", "id_oper_type", "id_product") values (835, 3, '2017-3-18 4:56:22', 2, 1, 11);
insert into STORE ("id_store", "shelf", "date_oper", "quantity", "id_oper_type", "id_product") values (848, 9, '2017-10-24 16:34:47', 6, 9, 12);
insert into STORE ("id_store", "shelf", "date_oper", "quantity", "id_oper_type", "id_product") values (355, 5, '2017-12-25 20:2:36', 9, 3, 20);
insert into STORE ("id_store", "shelf", "date_oper", "quantity", "id_oper_type", "id_product") values (150, 1, '2017-3-7 4:23:46', 1, 1, 6);
insert into STORE ("id_store", "shelf", "date_oper", "quantity", "id_oper_type", "id_product") values (618, 2, '2017-8-17 13:3:56', 4, 2, 18);
insert into STORE ("id_store", "shelf", "date_oper", "quantity", "id_oper_type", "id_product") values (271, 7, '2017-10-29 16:50:59', 7, 8, 2);
insert into STORE ("id_store", "shelf", "date_oper", "quantity", "id_oper_type", "id_product") values (410, 6, '2017-9-12 14:22:17', 8, 9, 5);
insert into STORE ("id_store", "shelf", "date_oper", "quantity", "id_oper_type", "id_product") values (670, 8, '2018-2-27 23:23:45', 3, 6, 9);
insert into STORE ("id_store", "shelf", "date_oper", "quantity", "id_oper_type", "id_product") values (222, 4, '2017-5-13 7:56:14', 5, 9, 20);
insert into STORE ("id_store", "shelf", "date_oper", "quantity", "id_oper_type", "id_product") values (972, 3, '2017-2-9 3:4:48', 2, 2, 6);
insert into STORE ("id_store", "shelf", "date_oper", "quantity", "id_oper_type", "id_product") values (460, 9, '2017-5-20 8:17:44', 6, 9, 15);
insert into STORE ("id_store", "shelf", "date_oper", "quantity", "id_oper_type", "id_product") values (197, 5, '2017-8-19 13:12:23', 9, 6, 5);
insert into STORE ("id_store", "shelf", "date_oper", "quantity", "id_oper_type", "id_product") values (748, 1, '2017-11-24 18:25:42', 1, 4, 9);
insert into STORE ("id_store", "shelf", "date_oper", "quantity", "id_oper_type", "id_product") values (896, 2, '2017-7-24 11:43:49', 4, 7, 11);
insert into STORE ("id_store", "shelf", "date_oper", "quantity", "id_oper_type", "id_product") values (252, 7, '2017-3-13 4:42:13', 7, 6, 13);
insert into STORE ("id_store", "shelf", "date_oper", "quantity", "id_oper_type", "id_product") values (854, 6, '2017-3-30 5:38:12', 8, 4, 7);
insert into STORE ("id_store", "shelf", "date_oper", "quantity", "id_oper_type", "id_product") values (528, 8, '2017-12-17 19:33:58', 3, 3, 19);
insert into STORE ("id_store", "shelf", "date_oper", "quantity", "id_oper_type", "id_product") values (671, 4, '2017-10-31 17:0:40', 5, 9, 17);
insert into STORE ("id_store", "shelf", "date_oper", "quantity", "id_oper_type", "id_product") values (228, 3, '2018-2-5 22:10:59', 2, 4, 14);
insert into STORE ("id_store", "shelf", "date_oper", "quantity", "id_oper_type", "id_product") values (888, 9, '2017-9-22 14:57:26', 6, 2, 8);
insert into STORE ("id_store", "shelf", "date_oper", "quantity", "id_oper_type", "id_product") values (297, 5, '2017-8-11 12:48:17', 9, 3, 8);
insert into STORE ("id_store", "shelf", "date_oper", "quantity", "id_oper_type", "id_product") values (509, 1, '2017-2-19 3:34:31', 1, 3, 11);
insert into STORE ("id_store", "shelf", "date_oper", "quantity", "id_oper_type", "id_product") values (27, 2, '2017-2-25 3:54:40', 4, 3, 4);
insert into STORE ("id_store", "shelf", "date_oper", "quantity", "id_oper_type", "id_product") values (990, 7, '2017-4-2 5:47:54', 7, 4, 11);
insert into STORE ("id_store", "shelf", "date_oper", "quantity", "id_oper_type", "id_product") values (456, 6, '2017-1-4 1:12:4', 8, 3, 4);
insert into STORE ("id_store", "shelf", "date_oper", "quantity", "id_oper_type", "id_product") values (375, 8, '2017-8-28 13:38:39', 3, 9, 9);
insert into STORE ("id_store", "shelf", "date_oper", "quantity", "id_oper_type", "id_product") values (288, 4, '2017-4-12 6:24:52', 5, 3, 17);
insert into STORE ("id_store", "shelf", "date_oper", "quantity", "id_oper_type", "id_product") values (689, 3, '2017-6-21 10:4:24', 2, 6, 17);
insert into STORE ("id_store", "shelf", "date_oper", "quantity", "id_oper_type", "id_product") values (261, 9, '2017-8-4 12:22:10', 6, 6, 4);
insert into STORE ("id_store", "shelf", "date_oper", "quantity", "id_oper_type", "id_product") values (572, 5, '2017-7-8 10:59:22', 9, 4, 20);
insert into STORE ("id_store", "shelf", "date_oper", "quantity", "id_oper_type", "id_product") values (772, 1, '2017-3-23 5:14:39', 1, 7, 7);
insert into STORE ("id_store", "shelf", "date_oper", "quantity", "id_oper_type", "id_product") values (926, 2, '2017-4-4 5:54:50', 4, 6, 11);
insert into STORE ("id_store", "shelf", "date_oper", "quantity", "id_oper_type", "id_product") values (884, 7, '2017-11-4 17:10:54', 7, 9, 16);
insert into STORE ("id_store", "shelf", "date_oper", "quantity", "id_oper_type", "id_product") values (959, 6, '2017-10-20 16:21:35', 8, 7, 15);
insert into STORE ("id_store", "shelf", "date_oper", "quantity", "id_oper_type", "id_product") values (346, 8, '2017-7-9 11:2:16', 3, 1, 20);
insert into STORE ("id_store", "shelf", "date_oper", "quantity", "id_oper_type", "id_product") values (722, 4, '2017-8-3 12:18:6', 5, 2, 9);
insert into STORE ("id_store", "shelf", "date_oper", "quantity", "id_oper_type", "id_product") values (866, 3, '2017-5-7 7:40:2', 2, 8, 12);
insert into STORE ("id_store", "shelf", "date_oper", "quantity", "id_oper_type", "id_product") values (970, 9, '2017-8-1 12:12:15', 6, 9, 7);
insert into STORE ("id_store", "shelf", "date_oper", "quantity", "id_oper_type", "id_product") values (254, 5, '2018-1-13 21:0:5', 9, 6, 4);
insert into STORE ("id_store", "shelf", "date_oper", "quantity", "id_oper_type", "id_product") values (339, 1, '2017-7-9 11:2:58', 1, 3, 12);
insert into STORE ("id_store", "shelf", "date_oper", "quantity", "id_oper_type", "id_product") values (713, 2, '2017-2-8 3:0:26', 4, 8, 6);
insert into STORE ("id_store", "shelf", "date_oper", "quantity", "id_oper_type", "id_product") values (545, 7, '2018-1-1 20:24:11', 7, 3, 14);
insert into STORE ("id_store", "shelf", "date_oper", "quantity", "id_oper_type", "id_product") values (583, 6, '2017-11-2 17:6:17', 8, 1, 20);
insert into STORE ("id_store", "shelf", "date_oper", "quantity", "id_oper_type", "id_product") values (901, 8, '2018-1-18 21:14:46', 3, 9, 15);
insert into STORE ("id_store", "shelf", "date_oper", "quantity", "id_oper_type", "id_product") values (952, 4, '2017-11-20 18:12:11', 5, 2, 14);
insert into STORE ("id_store", "shelf", "date_oper", "quantity", "id_oper_type", "id_product") values (515, 3, '2017-3-4 4:15:19', 2, 9, 15);
insert into STORE ("id_store", "shelf", "date_oper", "quantity", "id_oper_type", "id_product") values (471, 9, '2017-12-19 19:42:15', 6, 8, 19);
insert into STORE ("id_store", "shelf", "date_oper", "quantity", "id_oper_type", "id_product") values (108, 5, '2018-1-5 20:35:37', 9, 9, 4);
insert into STORE ("id_store", "shelf", "date_oper", "quantity", "id_oper_type", "id_product") values (894, 1, '2017-11-18 18:2:26', 1, 3, 20);
insert into STORE ("id_store", "shelf", "date_oper", "quantity", "id_oper_type", "id_product") values (164, 2, '2017-8-23 13:24:53', 4, 3, 16);
insert into STORE ("id_store", "shelf", "date_oper", "quantity", "id_oper_type", "id_product") values (438, 7, '2017-10-30 16:52:24', 7, 3, 20);
insert into STORE ("id_store", "shelf", "date_oper", "quantity", "id_oper_type", "id_product") values (368, 6, '2017-6-13 9:33:20', 8, 8, 7);
insert into STORE ("id_store", "shelf", "date_oper", "quantity", "id_oper_type", "id_product") values (50, 8, '2018-1-9 20:47:13', 3, 4, 13);
insert into STORE ("id_store", "shelf", "date_oper", "quantity", "id_oper_type", "id_product") values (273, 4, '2017-12-31 20:19:31', 5, 2, 2);
insert into STORE ("id_store", "shelf", "date_oper", "quantity", "id_oper_type", "id_product") values (536, 3, '2017-11-16 17:58:2', 2, 1, 16);
insert into STORE ("id_store", "shelf", "date_oper", "quantity", "id_oper_type", "id_product") values (543, 9, '2018-1-12 20:57:0', 6, 4, 19);
insert into STORE ("id_store", "shelf", "date_oper", "quantity", "id_oper_type", "id_product") values (738, 5, '2017-2-20 3:39:42', 9, 3, 9);
insert into STORE ("id_store", "shelf", "date_oper", "quantity", "id_oper_type", "id_product") values (367, 1, '2017-12-18 19:39:14', 1, 4, 15);
insert into STORE ("id_store", "shelf", "date_oper", "quantity", "id_oper_type", "id_product") values (769, 2, '2017-9-18 14:41:21', 4, 9, 6);
insert into STORE ("id_store", "shelf", "date_oper", "quantity", "id_oper_type", "id_product") values (491, 7, '2017-7-6 10:52:54', 7, 7, 17);
insert into STORE ("id_store", "shelf", "date_oper", "quantity", "id_oper_type", "id_product") values (941, 6, '2017-11-10 17:37:52', 8, 3, 4);
insert into STORE ("id_store", "shelf", "date_oper", "quantity", "id_oper_type", "id_product") values (362, 8, '2018-2-27 23:25:45', 3, 3, 20);
insert into STORE ("id_store", "shelf", "date_oper", "quantity", "id_oper_type", "id_product") values (267, 4, '2017-11-30 18:42:2', 5, 2, 6);
insert into STORE ("id_store", "shelf", "date_oper", "quantity", "id_oper_type", "id_product") values (596, 3, '2017-3-6 4:21:3', 2, 1, 8);
insert into STORE ("id_store", "shelf", "date_oper", "quantity", "id_oper_type", "id_product") values (981, 9, '2017-2-6 2:52:9', 6, 4, 18);
insert into STORE ("id_store", "shelf", "date_oper", "quantity", "id_oper_type", "id_product") values (424, 5, '2017-9-6 14:4:45', 9, 6, 12);
insert into STORE ("id_store", "shelf", "date_oper", "quantity", "id_oper_type", "id_product") values (838, 1, '2017-6-20 9:58:41', 1, 2, 13);
insert into STORE ("id_store", "shelf", "date_oper", "quantity", "id_oper_type", "id_product") values (205, 2, '2018-1-25 21:35:27', 4, 9, 7);
insert into STORE ("id_store", "shelf", "date_oper", "quantity", "id_oper_type", "id_product") values (750, 7, '2017-12-22 19:53:44', 7, 8, 12);
insert into STORE ("id_store", "shelf", "date_oper", "quantity", "id_oper_type", "id_product") values (508, 6, '2017-5-9 7:44:26', 8, 8, 2);
insert into STORE ("id_store", "shelf", "date_oper", "quantity", "id_oper_type", "id_product") values (957, 8, '2017-2-27 3:58:20', 3, 7, 1);
insert into STORE ("id_store", "shelf", "date_oper", "quantity", "id_oper_type", "id_product") values (668, 4, '2018-1-29 21:47:40', 5, 1, 10);
insert into STORE ("id_store", "shelf", "date_oper", "quantity", "id_oper_type", "id_product") values (912, 3, '2018-1-9 20:48:50', 2, 8, 9);
insert into STORE ("id_store", "shelf", "date_oper", "quantity", "id_oper_type", "id_product") values (464, 9, '2018-1-18 21:17:26', 6, 9, 13);
insert into STORE ("id_store", "shelf", "date_oper", "quantity", "id_oper_type", "id_product") values (404, 5, '2017-5-22 8:25:26', 9, 2, 10);
insert into STORE ("id_store", "shelf", "date_oper", "quantity", "id_oper_type", "id_product") values (219, 1, '2017-9-13 14:27:7', 1, 9, 17);
insert into STORE ("id_store", "shelf", "date_oper", "quantity", "id_oper_type", "id_product") values (340, 2, '2017-1-15 1:45:21', 4, 6, 19);
insert into STORE ("id_store", "shelf", "date_oper", "quantity", "id_oper_type", "id_product") values (954, 7, '2017-12-10 19:13:50', 7, 3, 20);
insert into STORE ("id_store", "shelf", "date_oper", "quantity", "id_oper_type", "id_product") values (188, 6, '2017-10-31 16:56:54', 8, 6, 16);
insert into STORE ("id_store", "shelf", "date_oper", "quantity", "id_oper_type", "id_product") values (832, 8, '2017-11-17 17:59:42', 3, 2, 19);
insert into STORE ("id_store", "shelf", "date_oper", "quantity", "id_oper_type", "id_product") values (908, 4, '2017-6-20 9:56:52', 5, 3, 12);
insert into STORE ("id_store", "shelf", "date_oper", "quantity", "id_oper_type", "id_product") values (589, 3, '2017-11-6 17:22:11', 2, 8, 2);
insert into STORE ("id_store", "shelf", "date_oper", "quantity", "id_oper_type", "id_product") values (984, 9, '2018-2-25 23:16:18', 6, 6, 16);
insert into STORE ("id_store", "shelf", "date_oper", "quantity", "id_oper_type", "id_product") values (602, 5, '2017-8-25 13:32:25', 9, 4, 20);
insert into STORE ("id_store", "shelf", "date_oper", "quantity", "id_oper_type", "id_product") values (858, 1, '2018-2-23 23:8:52', 1, 9, 17);
insert into STORE ("id_store", "shelf", "date_oper", "quantity", "id_oper_type", "id_product") values (732, 2, '2017-11-14 17:52:3', 4, 7, 8);
insert into STORE ("id_store", "shelf", "date_oper", "quantity", "id_oper_type", "id_product") values (958, 7, '2017-2-2 2:43:25', 7, 3, 13);
insert into STORE ("id_store", "shelf", "date_oper", "quantity", "id_oper_type", "id_product") values (99, 6, '2017-7-5 10:49:27', 8, 4, 15);
insert into STORE ("id_store", "shelf", "date_oper", "quantity", "id_oper_type", "id_product") values (650, 8, '2017-7-8 11:0:17', 3, 7, 15);
insert into STORE ("id_store", "shelf", "date_oper", "quantity", "id_oper_type", "id_product") values (786, 4, '2017-4-20 6:45:46', 5, 8, 14);
insert into STORE ("id_store", "shelf", "date_oper", "quantity", "id_oper_type", "id_product") values (855, 3, '2017-4-15 6:32:53', 2, 3, 10);
insert into STORE ("id_store", "shelf", "date_oper", "quantity", "id_oper_type", "id_product") values (156, 9, '2017-4-18 6:41:33', 6, 7, 12);
insert into STORE ("id_store", "shelf", "date_oper", "quantity", "id_oper_type", "id_product") values (886, 5, '2017-6-14 9:36:17', 9, 6, 8);
insert into STORE ("id_store", "shelf", "date_oper", "quantity", "id_oper_type", "id_product") values (134, 1, '2017-7-30 12:5:27', 1, 9, 5);
insert into STORE ("id_store", "shelf", "date_oper", "quantity", "id_oper_type", "id_product") values (749, 2, '2017-1-24 2:14:17', 4, 2, 13);
insert into STORE ("id_store", "shelf", "date_oper", "quantity", "id_oper_type", "id_product") values (752, 7, '2017-8-20 13:16:5', 7, 6, 8);
insert into STORE ("id_store", "shelf", "date_oper", "quantity", "id_oper_type", "id_product") values (322, 6, '2017-9-14 14:30:43', 8, 4, 14);
insert into STORE ("id_store", "shelf", "date_oper", "quantity", "id_oper_type", "id_product") values (26, 8, '2017-10-4 15:31:39', 3, 4, 16);
insert into STORE ("id_store", "shelf", "date_oper", "quantity", "id_oper_type", "id_product") values (215, 4, '2017-6-17 9:48:45', 5, 1, 8);
insert into STORE ("id_store", "shelf", "date_oper", "quantity", "id_oper_type", "id_product") values (169, 3, '2017-12-20 19:46:29', 2, 2, 15);
insert into STORE ("id_store", "shelf", "date_oper", "quantity", "id_oper_type", "id_product") values (730, 9, '2017-3-1 4:6:52', 6, 3, 20);
insert into STORE ("id_store", "shelf", "date_oper", "quantity", "id_oper_type", "id_product") values (46, 5, '2017-12-7 19:2:57', 9, 2, 11);
insert into STORE ("id_store", "shelf", "date_oper", "quantity", "id_oper_type", "id_product") values (819, 1, '2017-2-14 3:16:48', 1, 6, 4);
insert into STORE ("id_store", "shelf", "date_oper", "quantity", "id_oper_type", "id_product") values (996, 2, '2017-3-22 5:8:22', 4, 1, 11);
insert into STORE ("id_store", "shelf", "date_oper", "quantity", "id_oper_type", "id_product") values (326, 7, '2017-3-29 5:32:40', 7, 9, 3);
insert into STORE ("id_store", "shelf", "date_oper", "quantity", "id_oper_type", "id_product") values (611, 6, '2018-2-16 22:45:57', 8, 7, 13);
insert into STORE ("id_store", "shelf", "date_oper", "quantity", "id_oper_type", "id_product") values (302, 8, '2017-1-26 2:20:19', 3, 7, 19);
insert into STORE ("id_store", "shelf", "date_oper", "quantity", "id_oper_type", "id_product") values (282, 4, '2017-5-16 8:4:51', 5, 6, 10);
insert into STORE ("id_store", "shelf", "date_oper", "quantity", "id_oper_type", "id_product") values (883, 3, '2017-3-31 5:39:24', 2, 7, 7);
insert into STORE ("id_store", "shelf", "date_oper", "quantity", "id_oper_type", "id_product") values (678, 9, '2018-1-12 20:57:53', 6, 7, 19);
insert into STORE ("id_store", "shelf", "date_oper", "quantity", "id_oper_type", "id_product") values (263, 5, '2018-1-30 21:53:1', 9, 3, 12);
insert into STORE ("id_store", "shelf", "date_oper", "quantity", "id_oper_type", "id_product") values (4, 1, '2017-8-27 13:36:42', 1, 6, 11);
insert into STORE ("id_store", "shelf", "date_oper", "quantity", "id_oper_type", "id_product") values (176, 2, '2018-2-15 22:42:54', 4, 4, 1);
insert into STORE ("id_store", "shelf", "date_oper", "quantity", "id_oper_type", "id_product") values (41, 7, '2017-10-30 16:53:12', 7, 8, 16);
insert into STORE ("id_store", "shelf", "date_oper", "quantity", "id_oper_type", "id_product") values (840, 6, '2017-1-15 1:47:15', 8, 3, 7);
insert into STORE ("id_store", "shelf", "date_oper", "quantity", "id_oper_type", "id_product") values (501, 8, '2017-10-11 15:52:3', 3, 4, 5);
insert into STORE ("id_store", "shelf", "date_oper", "quantity", "id_oper_type", "id_product") values (768, 4, '2017-10-12 15:55:51', 5, 9, 5);
insert into STORE ("id_store", "shelf", "date_oper", "quantity", "id_oper_type", "id_product") values (256, 3, '2017-6-24 10:11:41', 2, 8, 17);
insert into STORE ("id_store", "shelf", "date_oper", "quantity", "id_oper_type", "id_product") values (904, 9, '2017-3-14 4:44:33', 6, 2, 17);
insert into STORE ("id_store", "shelf", "date_oper", "quantity", "id_oper_type", "id_product") values (893, 5, '2017-9-23 14:58:35', 9, 7, 14);
insert into STORE ("id_store", "shelf", "date_oper", "quantity", "id_oper_type", "id_product") values (823, 1, '2017-5-29 8:45:53', 1, 3, 3);
insert into STORE ("id_store", "shelf", "date_oper", "quantity", "id_oper_type", "id_product") values (30, 2, '2017-12-29 20:16:21', 4, 7, 12);
insert into STORE ("id_store", "shelf", "date_oper", "quantity", "id_oper_type", "id_product") values (416, 7, '2018-1-14 21:4:35', 7, 7, 18);
insert into STORE ("id_store", "shelf", "date_oper", "quantity", "id_oper_type", "id_product") values (422, 6, '2017-9-9 14:13:59', 8, 3, 8);
insert into STORE ("id_store", "shelf", "date_oper", "quantity", "id_oper_type", "id_product") values (80, 8, '2017-1-31 2:36:24', 3, 9, 3);
insert into STORE ("id_store", "shelf", "date_oper", "quantity", "id_oper_type", "id_product") values (291, 4, '2017-6-28 10:22:31', 5, 4, 5);
insert into STORE ("id_store", "shelf", "date_oper", "quantity", "id_oper_type", "id_product") values (382, 3, '2017-12-27 20:12:1', 2, 3, 1);
insert into STORE ("id_store", "shelf", "date_oper", "quantity", "id_oper_type", "id_product") values (103, 9, '2017-11-6 17:20:13', 6, 7, 9);
insert into STORE ("id_store", "shelf", "date_oper", "quantity", "id_oper_type", "id_product") values (58, 5, '2017-12-24 20:0:35', 9, 3, 4);
insert into STORE ("id_store", "shelf", "date_oper", "quantity", "id_oper_type", "id_product") values (662, 1, '2017-3-17 4:53:14', 1, 2, 1);
insert into STORE ("id_store", "shelf", "date_oper", "quantity", "id_oper_type", "id_product") values (69, 2, '2017-7-26 11:49:53', 4, 8, 20);
insert into STORE ("id_store", "shelf", "date_oper", "quantity", "id_oper_type", "id_product") values (284, 7, '2017-1-22 2:9:46', 7, 8, 15);
insert into STORE ("id_store", "shelf", "date_oper", "quantity", "id_oper_type", "id_product") values (531, 6, '2017-11-3 17:8:17', 8, 9, 10);
insert into STORE ("id_store", "shelf", "date_oper", "quantity", "id_oper_type", "id_product") values (396, 8, '2017-9-2 13:52:46', 3, 7, 12);
insert into STORE ("id_store", "shelf", "date_oper", "quantity", "id_oper_type", "id_product") values (8, 4, '2017-9-18 14:39:49', 5, 3, 12);
insert into STORE ("id_store", "shelf", "date_oper", "quantity", "id_oper_type", "id_product") values (961, 3, '2017-2-21 3:41:34', 2, 1, 17);
insert into STORE ("id_store", "shelf", "date_oper", "quantity", "id_oper_type", "id_product") values (785, 9, '2017-11-26 18:33:52', 6, 2, 13);
insert into STORE ("id_store", "shelf", "date_oper", "quantity", "id_oper_type", "id_product") values (914, 5, '2017-10-2 15:25:17', 9, 2, 18);
insert into STORE ("id_store", "shelf", "date_oper", "quantity", "id_oper_type", "id_product") values (775, 1, '2017-4-21 6:47:53', 1, 6, 2);
insert into STORE ("id_store", "shelf", "date_oper", "quantity", "id_oper_type", "id_product") values (761, 2, '2017-4-10 6:15:24', 4, 9, 3);
insert into STORE ("id_store", "shelf", "date_oper", "quantity", "id_oper_type", "id_product") values (742, 7, '2017-11-14 17:50:46', 7, 3, 18);
insert into STORE ("id_store", "shelf", "date_oper", "quantity", "id_oper_type", "id_product") values (123, 6, '2017-3-25 5:17:38', 8, 8, 13);
insert into STORE ("id_store", "shelf", "date_oper", "quantity", "id_oper_type", "id_product") values (955, 8, '2017-10-23 16:31:1', 3, 7, 15);
insert into STORE ("id_store", "shelf", "date_oper", "quantity", "id_oper_type", "id_product") values (988, 4, '2017-2-28 4:4:14', 5, 9, 20);
insert into STORE ("id_store", "shelf", "date_oper", "quantity", "id_oper_type", "id_product") values (900, 3, '2017-4-20 6:46:58', 2, 8, 13);
insert into STORE ("id_store", "shelf", "date_oper", "quantity", "id_oper_type", "id_product") values (414, 9, '2017-9-27 15:11:49', 6, 4, 10);
insert into STORE ("id_store", "shelf", "date_oper", "quantity", "id_oper_type", "id_product") values (942, 5, '2017-5-15 8:1:38', 9, 6, 12);
insert into STORE ("id_store", "shelf", "date_oper", "quantity", "id_oper_type", "id_product") values (251, 1, '2017-3-11 4:34:4', 1, 4, 6);
insert into STORE ("id_store", "shelf", "date_oper", "quantity", "id_oper_type", "id_product") values (608, 2, '2017-5-6 7:36:18', 4, 6, 2);
insert into STORE ("id_store", "shelf", "date_oper", "quantity", "id_oper_type", "id_product") values (929, 7, '2017-11-12 17:42:27', 7, 3, 3);
insert into STORE ("id_store", "shelf", "date_oper", "quantity", "id_oper_type", "id_product") values (281, 6, '2017-6-8 9:15:57', 8, 3, 10);
insert into STORE ("id_store", "shelf", "date_oper", "quantity", "id_oper_type", "id_product") values (135, 8, '2017-1-2 1:5:7', 3, 6, 10);
insert into STORE ("id_store", "shelf", "date_oper", "quantity", "id_oper_type", "id_product") values (839, 4, '2017-11-1 17:4:23', 5, 2, 19);
insert into STORE ("id_store", "shelf", "date_oper", "quantity", "id_oper_type", "id_product") values (644, 3, '2017-5-12 7:52:54', 2, 4, 18);
insert into STORE ("id_store", "shelf", "date_oper", "quantity", "id_oper_type", "id_product") values (155, 9, '2017-7-17 11:26:13', 6, 2, 16);
insert into STORE ("id_store", "shelf", "date_oper", "quantity", "id_oper_type", "id_product") values (755, 5, '2018-1-15 21:5:45', 9, 7, 2);
insert into STORE ("id_store", "shelf", "date_oper", "quantity", "id_oper_type", "id_product") values (741, 1, '2017-11-10 17:36:14', 1, 3, 8);
insert into STORE ("id_store", "shelf", "date_oper", "quantity", "id_oper_type", "id_product") values (590, 2, '2017-3-14 4:43:6', 4, 1, 12);
insert into STORE ("id_store", "shelf", "date_oper", "quantity", "id_oper_type", "id_product") values (804, 7, '2017-8-5 12:27:5', 7, 2, 1);
insert into STORE ("id_store", "shelf", "date_oper", "quantity", "id_oper_type", "id_product") values (711, 6, '2017-2-12 3:15:10', 8, 7, 2);
insert into STORE ("id_store", "shelf", "date_oper", "quantity", "id_oper_type", "id_product") values (496, 8, '2018-1-13 20:59:7', 3, 2, 9);
insert into STORE ("id_store", "shelf", "date_oper", "quantity", "id_oper_type", "id_product") values (160, 4, '2017-10-22 16:28:29', 5, 9, 16);
insert into STORE ("id_store", "shelf", "date_oper", "quantity", "id_oper_type", "id_product") values (605, 3, '2017-8-19 13:11:33', 2, 1, 19);
insert into STORE ("id_store", "shelf", "date_oper", "quantity", "id_oper_type", "id_product") values (502, 9, '2017-7-25 11:45:22', 6, 1, 3);
insert into STORE ("id_store", "shelf", "date_oper", "quantity", "id_oper_type", "id_product") values (111, 5, '2018-1-24 21:33:53', 9, 4, 5);
insert into STORE ("id_store", "shelf", "date_oper", "quantity", "id_oper_type", "id_product") values (102, 1, '2017-1-27 2:24:45', 1, 9, 3);
insert into STORE ("id_store", "shelf", "date_oper", "quantity", "id_oper_type", "id_product") values (659, 2, '2017-5-21 8:21:14', 4, 1, 20);
insert into STORE ("id_store", "shelf", "date_oper", "quantity", "id_oper_type", "id_product") values (125, 7, '2017-11-16 17:57:15', 7, 6, 18);
insert into STORE ("id_store", "shelf", "date_oper", "quantity", "id_oper_type", "id_product") values (937, 6, '2017-2-3 2:45:31', 8, 9, 7);
insert into STORE ("id_store", "shelf", "date_oper", "quantity", "id_oper_type", "id_product") values (976, 8, '2017-2-27 3:59:21', 3, 7, 11);
insert into STORE ("id_store", "shelf", "date_oper", "quantity", "id_oper_type", "id_product") values (906, 4, '2017-10-25 16:38:58', 5, 1, 20);
insert into STORE ("id_store", "shelf", "date_oper", "quantity", "id_oper_type", "id_product") values (697, 3, '2017-4-16 6:33:35', 2, 8, 15);
insert into STORE ("id_store", "shelf", "date_oper", "quantity", "id_oper_type", "id_product") values (314, 9, '2017-6-21 10:1:34', 6, 2, 5);
insert into STORE ("id_store", "shelf", "date_oper", "quantity", "id_oper_type", "id_product") values (556, 5, '2017-8-12 12:50:52', 9, 4, 9);
insert into STORE ("id_store", "shelf", "date_oper", "quantity", "id_oper_type", "id_product") values (739, 1, '2017-6-24 10:10:51', 1, 3, 11);
insert into STORE ("id_store", "shelf", "date_oper", "quantity", "id_oper_type", "id_product") values (868, 2, '2017-4-16 6:34:46', 4, 7, 7);
insert into STORE ("id_store", "shelf", "date_oper", "quantity", "id_oper_type", "id_product") values (381, 7, '2018-2-18 22:51:33', 7, 3, 6);
insert into STORE ("id_store", "shelf", "date_oper", "quantity", "id_oper_type", "id_product") values (175, 6, '2018-2-4 22:5:50', 8, 3, 9);
insert into STORE ("id_store", "shelf", "date_oper", "quantity", "id_oper_type", "id_product") values (817, 8, '2017-7-7 10:56:15', 3, 8, 6);
insert into STORE ("id_store", "shelf", "date_oper", "quantity", "id_oper_type", "id_product") values (75, 4, '2018-2-16 22:43:35', 5, 3, 12);
insert into STORE ("id_store", "shelf", "date_oper", "quantity", "id_oper_type", "id_product") values (349, 3, '2017-12-2 18:46:41', 2, 1, 17);
insert into STORE ("id_store", "shelf", "date_oper", "quantity", "id_oper_type", "id_product") values (862, 9, '2017-11-20 18:9:54', 6, 3, 14);
insert into STORE ("id_store", "shelf", "date_oper", "quantity", "id_oper_type", "id_product") values (243, 5, '2017-10-19 16:18:18', 9, 7, 16);
insert into STORE ("id_store", "shelf", "date_oper", "quantity", "id_oper_type", "id_product") values (909, 1, '2017-12-19 19:44:16', 1, 4, 19);
insert into STORE ("id_store", "shelf", "date_oper", "quantity", "id_oper_type", "id_product") values (365, 2, '2018-2-10 22:25:5', 4, 9, 17);
insert into STORE ("id_store", "shelf", "date_oper", "quantity", "id_oper_type", "id_product") values (433, 7, '2018-1-23 21:32:46', 7, 2, 16);
insert into STORE ("id_store", "shelf", "date_oper", "quantity", "id_oper_type", "id_product") values (974, 6, '2017-11-12 17:45:2', 8, 4, 12);
insert into STORE ("id_store", "shelf", "date_oper", "quantity", "id_oper_type", "id_product") values (38, 8, '2017-4-30 7:16:57', 3, 2, 3);
insert into STORE ("id_store", "shelf", "date_oper", "quantity", "id_oper_type", "id_product") values (371, 4, '2017-6-12 9:28:26', 5, 9, 17);
insert into STORE ("id_store", "shelf", "date_oper", "quantity", "id_oper_type", "id_product") values (335, 3, '2017-5-19 8:16:13', 2, 7, 3);
insert into STORE ("id_store", "shelf", "date_oper", "quantity", "id_oper_type", "id_product") values (48, 9, '2018-2-6 22:12:22', 6, 8, 14);
insert into STORE ("id_store", "shelf", "date_oper", "quantity", "id_oper_type", "id_product") values (184, 5, '2017-6-3 9:2:5', 9, 7, 5);
insert into STORE ("id_store", "shelf", "date_oper", "quantity", "id_oper_type", "id_product") values (163, 1, '2017-8-12 12:49:6', 1, 6, 3);
insert into STORE ("id_store", "shelf", "date_oper", "quantity", "id_oper_type", "id_product") values (520, 2, '2017-9-24 15:3:35', 4, 2, 7);
insert into STORE ("id_store", "shelf", "date_oper", "quantity", "id_oper_type", "id_product") values (214, 7, '2017-7-27 11:54:48', 7, 2, 8);
insert into STORE ("id_store", "shelf", "date_oper", "quantity", "id_oper_type", "id_product") values (199, 6, '2017-11-11 17:39:24', 8, 4, 16);
insert into STORE ("id_store", "shelf", "date_oper", "quantity", "id_oper_type", "id_product") values (212, 8, '2017-12-6 18:58:24', 3, 4, 15);
insert into STORE ("id_store", "shelf", "date_oper", "quantity", "id_oper_type", "id_product") values (52, 4, '2017-11-7 17:26:53', 5, 3, 12);
insert into STORE ("id_store", "shelf", "date_oper", "quantity", "id_oper_type", "id_product") values (822, 3, '2017-10-22 16:25:21', 2, 2, 19);
insert into STORE ("id_store", "shelf", "date_oper", "quantity", "id_oper_type", "id_product") values (945, 9, '2018-2-19 22:54:25', 6, 8, 10);
insert into STORE ("id_store", "shelf", "date_oper", "quantity", "id_oper_type", "id_product") values (488, 5, '2017-4-11 6:19:20', 9, 7, 2);
insert into STORE ("id_store", "shelf", "date_oper", "quantity", "id_oper_type", "id_product") values (811, 1, '2017-8-22 13:20:23', 1, 6, 16);
insert into STORE ("id_store", "shelf", "date_oper", "quantity", "id_oper_type", "id_product") values (78, 2, '2017-4-27 7:4:29', 4, 6, 20);
insert into STORE ("id_store", "shelf", "date_oper", "quantity", "id_oper_type", "id_product") values (613, 7, '2017-7-30 12:3:53', 7, 6, 11);
insert into STORE ("id_store", "shelf", "date_oper", "quantity", "id_oper_type", "id_product") values (691, 6, '2017-7-11 11:10:16', 8, 4, 8);
insert into STORE ("id_store", "shelf", "date_oper", "quantity", "id_oper_type", "id_product") values (630, 8, '2018-1-8 20:44:27', 3, 4, 4);
insert into STORE ("id_store", "shelf", "date_oper", "quantity", "id_oper_type", "id_product") values (653, 4, '2017-6-9 9:20:59', 5, 6, 14);
insert into STORE ("id_store", "shelf", "date_oper", "quantity", "id_oper_type", "id_product") values (467, 3, '2017-4-25 7:1:4', 2, 3, 5);
insert into STORE ("id_store", "shelf", "date_oper", "quantity", "id_oper_type", "id_product") values (247, 9, '2017-3-7 4:22:45', 6, 1, 17);
insert into STORE ("id_store", "shelf", "date_oper", "quantity", "id_oper_type", "id_product") values (865, 5, '2017-6-30 10:29:39', 9, 2, 16);
insert into STORE ("id_store", "shelf", "date_oper", "quantity", "id_oper_type", "id_product") values (468, 1, '2017-10-16 16:9:1', 1, 1, 13);
insert into STORE ("id_store", "shelf", "date_oper", "quantity", "id_oper_type", "id_product") values (265, 2, '2018-1-3 20:28:38', 4, 7, 14);
insert into STORE ("id_store", "shelf", "date_oper", "quantity", "id_oper_type", "id_product") values (112, 7, '2018-2-27 23:21:48', 7, 1, 11);
insert into STORE ("id_store", "shelf", "date_oper", "quantity", "id_oper_type", "id_product") values (999, 6, '2017-2-8 2:57:43', 8, 1, 14);
insert into STORE ("id_store", "shelf", "date_oper", "quantity", "id_oper_type", "id_product") values (3, 8, '2017-10-1 15:22:35', 3, 2, 16);
insert into STORE ("id_store", "shelf", "date_oper", "quantity", "id_oper_type", "id_product") values (882, 4, '2017-7-14 11:18:59', 5, 3, 18);
insert into STORE ("id_store", "shelf", "date_oper", "quantity", "id_oper_type", "id_product") values (585, 3, '2017-5-24 8:32:7', 2, 8, 17);
insert into STORE ("id_store", "shelf", "date_oper", "quantity", "id_oper_type", "id_product") values (485, 9, '2018-1-4 20:31:31', 6, 3, 10);
insert into STORE ("id_store", "shelf", "date_oper", "quantity", "id_oper_type", "id_product") values (948, 5, '2017-5-22 8:24:43', 9, 1, 6);
insert into STORE ("id_store", "shelf", "date_oper", "quantity", "id_oper_type", "id_product") values (624, 1, '2017-6-25 10:13:33', 1, 1, 7);
insert into STORE ("id_store", "shelf", "date_oper", "quantity", "id_oper_type", "id_product") values (907, 2, '2017-1-1 1:1:1', 4, 9, 8);
insert into STORE ("id_store", "shelf", "date_oper", "quantity", "id_oper_type", "id_product") values (729, 7, '2017-7-10 11:4:12', 7, 1, 3);
insert into STORE ("id_store", "shelf", "date_oper", "quantity", "id_oper_type", "id_product") values (415, 6, '2017-2-17 3:27:16', 8, 6, 2);
insert into STORE ("id_store", "shelf", "date_oper", "quantity", "id_oper_type", "id_product") values (826, 8, '2017-10-21 16:23:21', 3, 7, 18);
insert into STORE ("id_store", "shelf", "date_oper", "quantity", "id_oper_type", "id_product") values (289, 4, '2017-12-9 19:8:20', 5, 7, 4);
insert into STORE ("id_store", "shelf", "date_oper", "quantity", "id_oper_type", "id_product") values (316, 3, '2017-5-10 7:46:5', 2, 8, 9);
insert into STORE ("id_store", "shelf", "date_oper", "quantity", "id_oper_type", "id_product") values (257, 9, '2017-4-11 6:17:24', 6, 8, 14);
insert into STORE ("id_store", "shelf", "date_oper", "quantity", "id_oper_type", "id_product") values (709, 5, '2018-1-4 20:33:15', 9, 6, 17);
insert into STORE ("id_store", "shelf", "date_oper", "quantity", "id_oper_type", "id_product") values (115, 1, '2017-2-3 2:44:28', 1, 6, 15);
insert into STORE ("id_store", "shelf", "date_oper", "quantity", "id_oper_type", "id_product") values (186, 2, '2017-5-12 7:54:37', 4, 6, 16);
insert into STORE ("id_store", "shelf", "date_oper", "quantity", "id_oper_type", "id_product") values (892, 7, '2017-3-9 4:27:46', 7, 9, 20);
insert into STORE ("id_store", "shelf", "date_oper", "quantity", "id_oper_type", "id_product") values (246, 6, '2017-7-1 10:35:12', 8, 9, 10);
insert into STORE ("id_store", "shelf", "date_oper", "quantity", "id_oper_type", "id_product") values (364, 8, '2017-9-14 14:29:4', 3, 2, 12);
insert into STORE ("id_store", "shelf", "date_oper", "quantity", "id_oper_type", "id_product") values (489, 4, '2017-11-8 17:30:18', 5, 1, 14);
insert into STORE ("id_store", "shelf", "date_oper", "quantity", "id_oper_type", "id_product") values (859, 3, '2017-5-17 8:8:58', 2, 2, 6);
insert into STORE ("id_store", "shelf", "date_oper", "quantity", "id_oper_type", "id_product") values (895, 9, '2017-1-5 1:16:36', 6, 3, 19);
insert into STORE ("id_store", "shelf", "date_oper", "quantity", "id_oper_type", "id_product") values (853, 5, '2017-2-20 3:37:57', 9, 1, 9);
insert into STORE ("id_store", "shelf", "date_oper", "quantity", "id_oper_type", "id_product") values (95, 1, '2017-7-2 10:38:28', 1, 6, 2);
insert into STORE ("id_store", "shelf", "date_oper", "quantity", "id_oper_type", "id_product") values (81, 2, '2017-4-19 6:44:32', 4, 7, 17);
insert into STORE ("id_store", "shelf", "date_oper", "quantity", "id_oper_type", "id_product") values (524, 7, '2018-2-7 22:16:43', 7, 7, 3);
insert into STORE ("id_store", "shelf", "date_oper", "quantity", "id_oper_type", "id_product") values (49, 6, '2017-1-18 1:54:57', 8, 4, 16);
insert into STORE ("id_store", "shelf", "date_oper", "quantity", "id_oper_type", "id_product") values (878, 8, '2017-8-20 13:13:10', 3, 7, 6);
insert into STORE ("id_store", "shelf", "date_oper", "quantity", "id_oper_type", "id_product") values (402, 4, '2017-4-27 7:6:18', 5, 1, 7);
insert into STORE ("id_store", "shelf", "date_oper", "quantity", "id_oper_type", "id_product") values (690, 3, '2017-5-8 7:41:50', 2, 3, 19);
insert into STORE ("id_store", "shelf", "date_oper", "quantity", "id_oper_type", "id_product") values (586, 9, '2017-4-6 6:0:37', 6, 4, 11);
insert into STORE ("id_store", "shelf", "date_oper", "quantity", "id_oper_type", "id_product") values (599, 5, '2017-1-5 1:15:9', 9, 2, 2);
insert into STORE ("id_store", "shelf", "date_oper", "quantity", "id_oper_type", "id_product") values (88, 1, '2017-9-28 15:15:18', 1, 7, 11);
insert into STORE ("id_store", "shelf", "date_oper", "quantity", "id_oper_type", "id_product") values (173, 2, '2017-10-10 15:46:21', 4, 7, 13);
insert into STORE ("id_store", "shelf", "date_oper", "quantity", "id_oper_type", "id_product") values (700, 7, '2017-10-7 15:39:40', 7, 6, 9);
insert into STORE ("id_store", "shelf", "date_oper", "quantity", "id_oper_type", "id_product") values (675, 6, '2017-12-4 18:51:25', 8, 3, 14);
insert into STORE ("id_store", "shelf", "date_oper", "quantity", "id_oper_type", "id_product") values (674, 8, '2017-9-7 14:8:50', 3, 9, 5);
insert into STORE ("id_store", "shelf", "date_oper", "quantity", "id_oper_type", "id_product") values (63, 4, '2017-6-6 9:11:54', 5, 4, 2);
insert into STORE ("id_store", "shelf", "date_oper", "quantity", "id_oper_type", "id_product") values (799, 3, '2017-4-6 6:1:32', 2, 8, 18);
insert into STORE ("id_store", "shelf", "date_oper", "quantity", "id_oper_type", "id_product") values (991, 9, '2017-1-25 2:18:49', 6, 7, 1);
insert into STORE ("id_store", "shelf", "date_oper", "quantity", "id_oper_type", "id_product") values (109, 5, '2017-7-13 11:14:38', 9, 6, 1);
insert into STORE ("id_store", "shelf", "date_oper", "quantity", "id_oper_type", "id_product") values (725, 1, '2017-5-11 7:49:16', 1, 7, 15);
insert into STORE ("id_store", "shelf", "date_oper", "quantity", "id_oper_type", "id_product") values (117, 2, '2017-9-28 15:14:28', 4, 1, 14);
insert into STORE ("id_store", "shelf", "date_oper", "quantity", "id_oper_type", "id_product") values (699, 7, '2017-1-30 2:32:41', 7, 2, 19);
insert into STORE ("id_store", "shelf", "date_oper", "quantity", "id_oper_type", "id_product") values (792, 6, '2017-7-11 11:8:26', 8, 4, 12);
insert into STORE ("id_store", "shelf", "date_oper", "quantity", "id_oper_type", "id_product") values (874, 8, '2017-5-22 8:27:17', 3, 8, 18);
insert into STORE ("id_store", "shelf", "date_oper", "quantity", "id_oper_type", "id_product") values (453, 4, '2017-12-28 20:12:54', 5, 9, 2);
insert into STORE ("id_store", "shelf", "date_oper", "quantity", "id_oper_type", "id_product") values (193, 3, '2017-8-30 13:45:24', 2, 4, 7);
insert into STORE ("id_store", "shelf", "date_oper", "quantity", "id_oper_type", "id_product") values (157, 9, '2017-2-11 3:11:3', 6, 8, 17);
insert into STORE ("id_store", "shelf", "date_oper", "quantity", "id_oper_type", "id_product") values (398, 5, '2017-8-17 13:5:53', 9, 3, 11);
insert into STORE ("id_store", "shelf", "date_oper", "quantity", "id_oper_type", "id_product") values (910, 1, '2017-2-18 3:31:28', 1, 4, 13);
insert into STORE ("id_store", "shelf", "date_oper", "quantity", "id_oper_type", "id_product") values (687, 2, '2017-11-20 18:11:21', 4, 1, 5);
insert into STORE ("id_store", "shelf", "date_oper", "quantity", "id_oper_type", "id_product") values (321, 7, '2017-12-3 18:50:34', 7, 9, 14);
insert into STORE ("id_store", "shelf", "date_oper", "quantity", "id_oper_type", "id_product") values (126, 6, '2018-2-22 23:5:16', 8, 7, 12);
insert into STORE ("id_store", "shelf", "date_oper", "quantity", "id_oper_type", "id_product") values (834, 8, '2017-7-4 10:47:49', 3, 6, 20);
insert into STORE ("id_store", "shelf", "date_oper", "quantity", "id_oper_type", "id_product") values (393, 4, '2017-7-20 11:32:3', 5, 6, 17);
insert into STORE ("id_store", "shelf", "date_oper", "quantity", "id_oper_type", "id_product") values (977, 3, '2017-12-11 19:16:56', 2, 2, 16);
insert into STORE ("id_store", "shelf", "date_oper", "quantity", "id_oper_type", "id_product") values (936, 9, '2017-12-12 19:19:37', 6, 7, 5);
insert into STORE ("id_store", "shelf", "date_oper", "quantity", "id_oper_type", "id_product") values (645, 5, '2017-3-24 5:16:16', 9, 8, 10);
insert into STORE ("id_store", "shelf", "date_oper", "quantity", "id_oper_type", "id_product") values (70, 1, '2017-6-18 9:51:23', 1, 9, 8);
insert into STORE ("id_store", "shelf", "date_oper", "quantity", "id_oper_type", "id_product") values (921, 2, '2017-7-3 10:41:43', 4, 7, 15);
insert into STORE ("id_store", "shelf", "date_oper", "quantity", "id_oper_type", "id_product") values (390, 7, '2017-9-6 14:3:15', 7, 9, 12);
insert into STORE ("id_store", "shelf", "date_oper", "quantity", "id_oper_type", "id_product") values (843, 6, '2017-5-4 7:30:27', 8, 7, 6);
insert into STORE ("id_store", "shelf", "date_oper", "quantity", "id_oper_type", "id_product") values (165, 8, '2017-1-26 2:21:20', 3, 3, 3);
insert into STORE ("id_store", "shelf", "date_oper", "quantity", "id_oper_type", "id_product") values (463, 4, '2017-5-2 7:21:34', 5, 2, 16);
insert into STORE ("id_store", "shelf", "date_oper", "quantity", "id_oper_type", "id_product") values (114, 3, '2017-2-18 3:29:51', 2, 7, 10);
insert into STORE ("id_store", "shelf", "date_oper", "quantity", "id_oper_type", "id_product") values (6, 9, '2017-7-13 11:15:50', 6, 8, 9);
insert into STORE ("id_store", "shelf", "date_oper", "quantity", "id_oper_type", "id_product") values (444, 5, '2018-2-23 23:10:25', 9, 4, 3);
insert into STORE ("id_store", "shelf", "date_oper", "quantity", "id_oper_type", "id_product") values (931, 1, '2017-2-1 2:40:5', 1, 4, 7);
insert into STORE ("id_store", "shelf", "date_oper", "quantity", "id_oper_type", "id_product") values (979, 2, '2017-5-24 8:30:18', 4, 6, 1);
insert into STORE ("id_store", "shelf", "date_oper", "quantity", "id_oper_type", "id_product") values (842, 7, '2017-9-30 15:17:56', 7, 4, 18);
insert into STORE ("id_store", "shelf", "date_oper", "quantity", "id_oper_type", "id_product") values (529, 6, '2018-2-2 22:1:46', 8, 1, 18);
insert into STORE ("id_store", "shelf", "date_oper", "quantity", "id_oper_type", "id_product") values (663, 8, '2017-12-7 19:1:5', 3, 9, 3);
insert into STORE ("id_store", "shelf", "date_oper", "quantity", "id_oper_type", "id_product") values (639, 4, '2018-2-1 21:55:47', 5, 1, 12);
insert into STORE ("id_store", "shelf", "date_oper", "quantity", "id_oper_type", "id_product") values (177, 3, '2018-2-13 22:36:33', 2, 9, 1);
insert into STORE ("id_store", "shelf", "date_oper", "quantity", "id_oper_type", "id_product") values (68, 9, '2018-2-6 22:13:51', 6, 2, 17);
insert into STORE ("id_store", "shelf", "date_oper", "quantity", "id_oper_type", "id_product") values (159, 5, '2017-2-15 3:21:11', 9, 8, 18);
insert into STORE ("id_store", "shelf", "date_oper", "quantity", "id_oper_type", "id_product") values (794, 1, '2017-2-28 4:3:11', 1, 1, 11);
insert into STORE ("id_store", "shelf", "date_oper", "quantity", "id_oper_type", "id_product") values (391, 2, '2017-1-13 1:40:21', 4, 4, 19);
insert into STORE ("id_store", "shelf", "date_oper", "quantity", "id_oper_type", "id_product") values (634, 7, '2017-6-26 10:17:40', 7, 9, 7);
insert into STORE ("id_store", "shelf", "date_oper", "quantity", "id_oper_type", "id_product") values (292, 6, '2017-12-16 19:32:32', 8, 8, 16);
insert into STORE ("id_store", "shelf", "date_oper", "quantity", "id_oper_type", "id_product") values (210, 8, '2017-10-3 15:26:7', 3, 1, 17);
insert into STORE ("id_store", "shelf", "date_oper", "quantity", "id_oper_type", "id_product") values (324, 4, '2018-2-14 22:37:18', 5, 6, 11);
insert into STORE ("id_store", "shelf", "date_oper", "quantity", "id_oper_type", "id_product") values (771, 3, '2017-10-11 15:53:54', 2, 4, 1);
insert into STORE ("id_store", "shelf", "date_oper", "quantity", "id_oper_type", "id_product") values (24, 9, '2017-7-24 11:44:37', 6, 3, 9);
insert into STORE ("id_store", "shelf", "date_oper", "quantity", "id_oper_type", "id_product") values (43, 5, '2018-2-2 21:58:49', 9, 6, 3);
insert into STORE ("id_store", "shelf", "date_oper", "quantity", "id_oper_type", "id_product") values (250, 1, '2018-1-6 20:38:35', 1, 9, 11);
insert into STORE ("id_store", "shelf", "date_oper", "quantity", "id_oper_type", "id_product") values (714, 2, '2017-5-13 7:57:50', 4, 8, 17);
insert into STORE ("id_store", "shelf", "date_oper", "quantity", "id_oper_type", "id_product") values (731, 7, '2017-2-28 4:1:11', 7, 8, 18);
insert into STORE ("id_store", "shelf", "date_oper", "quantity", "id_oper_type", "id_product") values (533, 6, '2017-11-4 17:12:15', 8, 9, 3);
insert into STORE ("id_store", "shelf", "date_oper", "quantity", "id_oper_type", "id_product") values (930, 8, '2018-1-15 21:7:26', 3, 7, 2);
insert into STORE ("id_store", "shelf", "date_oper", "quantity", "id_oper_type", "id_product") values (710, 4, '2017-6-10 9:23:48', 5, 2, 7);
insert into STORE ("id_store", "shelf", "date_oper", "quantity", "id_oper_type", "id_product") values (998, 3, '2017-1-12 1:39:9', 2, 7, 15);
insert into STORE ("id_store", "shelf", "date_oper", "quantity", "id_oper_type", "id_product") values (490, 9, '2017-6-1 8:54:21', 6, 7, 15);
insert into STORE ("id_store", "shelf", "date_oper", "quantity", "id_oper_type", "id_product") values (923, 5, '2017-5-14 8:0:40', 9, 6, 11);
insert into STORE ("id_store", "shelf", "date_oper", "quantity", "id_oper_type", "id_product") values (274, 1, '2018-1-10 20:52:3', 1, 2, 8);
insert into STORE ("id_store", "shelf", "date_oper", "quantity", "id_oper_type", "id_product") values (820, 2, '2017-4-6 5:59:0', 4, 3, 9);
insert into STORE ("id_store", "shelf", "date_oper", "quantity", "id_oper_type", "id_product") values (702, 7, '2017-3-19 4:59:56', 7, 8, 12);
insert into STORE ("id_store", "shelf", "date_oper", "quantity", "id_oper_type", "id_product") values (587, 6, '2017-4-1 5:45:0', 8, 9, 2);
insert into STORE ("id_store", "shelf", "date_oper", "quantity", "id_oper_type", "id_product") values (171, 8, '2017-10-28 16:49:4', 3, 6, 13);
insert into STORE ("id_store", "shelf", "date_oper", "quantity", "id_oper_type", "id_product") values (707, 4, '2017-1-7 1:20:44', 5, 8, 20);
insert into STORE ("id_store", "shelf", "date_oper", "quantity", "id_oper_type", "id_product") values (76, 3, '2017-9-4 13:59:0', 2, 7, 9);
insert into STORE ("id_store", "shelf", "date_oper", "quantity", "id_oper_type", "id_product") values (661, 9, '2017-8-8 12:38:6', 6, 7, 8);
insert into STORE ("id_store", "shelf", "date_oper", "quantity", "id_oper_type", "id_product") values (718, 5, '2017-8-3 12:19:45', 9, 3, 15);
insert into STORE ("id_store", "shelf", "date_oper", "quantity", "id_oper_type", "id_product") values (784, 1, '2017-2-2 2:41:53', 1, 4, 11);
insert into STORE ("id_store", "shelf", "date_oper", "quantity", "id_oper_type", "id_product") values (995, 2, '2017-11-25 18:27:58', 4, 1, 16);
insert into STORE ("id_store", "shelf", "date_oper", "quantity", "id_oper_type", "id_product") values (695, 7, '2017-3-2 4:8:38', 7, 7, 20);
insert into STORE ("id_store", "shelf", "date_oper", "quantity", "id_oper_type", "id_product") values (621, 6, '2017-1-1 1:2:59', 8, 7, 20);
insert into STORE ("id_store", "shelf", "date_oper", "quantity", "id_oper_type", "id_product") values (708, 8, '2017-11-28 18:36:58', 3, 9, 3);
insert into STORE ("id_store", "shelf", "date_oper", "quantity", "id_oper_type", "id_product") values (240, 4, '2017-3-24 5:16:57', 5, 6, 11);
insert into STORE ("id_store", "shelf", "date_oper", "quantity", "id_oper_type", "id_product") values (807, 3, '2017-2-16 3:24:3', 2, 8, 1);
insert into STORE ("id_store", "shelf", "date_oper", "quantity", "id_oper_type", "id_product") values (478, 9, '2017-12-12 19:20:39', 6, 3, 2);
insert into STORE ("id_store", "shelf", "date_oper", "quantity", "id_oper_type", "id_product") values (28, 5, '2017-1-8 1:25:58', 9, 2, 17);
insert into STORE ("id_store", "shelf", "date_oper", "quantity", "id_oper_type", "id_product") values (437, 1, '2017-3-1 4:5:45', 1, 9, 11);
insert into STORE ("id_store", "shelf", "date_oper", "quantity", "id_oper_type", "id_product") values (345, 2, '2017-7-7 10:57:32', 4, 7, 18);
insert into STORE ("id_store", "shelf", "date_oper", "quantity", "id_oper_type", "id_product") values (182, 7, '2018-2-16 22:45:10', 7, 3, 12);
insert into STORE ("id_store", "shelf", "date_oper", "quantity", "id_oper_type", "id_product") values (372, 6, '2017-4-9 6:12:39', 8, 9, 10);
insert into STORE ("id_store", "shelf", "date_oper", "quantity", "id_oper_type", "id_product") values (876, 8, '2017-3-15 4:45:25', 3, 7, 10);
insert into STORE ("id_store", "shelf", "date_oper", "quantity", "id_oper_type", "id_product") values (651, 4, '2017-4-15 6:31:55', 5, 3, 16);
insert into STORE ("id_store", "shelf", "date_oper", "quantity", "id_oper_type", "id_product") values (92, 3, '2017-6-16 9:46:43', 2, 7, 12);
insert into STORE ("id_store", "shelf", "date_oper", "quantity", "id_oper_type", "id_product") values (548, 9, '2017-7-19 11:30:37', 6, 7, 2);
insert into STORE ("id_store", "shelf", "date_oper", "quantity", "id_oper_type", "id_product") values (885, 5, '2017-9-26 15:8:34', 9, 3, 17);
insert into STORE ("id_store", "shelf", "date_oper", "quantity", "id_oper_type", "id_product") values (601, 1, '2017-1-7 1:23:55', 1, 9, 6);
insert into STORE ("id_store", "shelf", "date_oper", "quantity", "id_oper_type", "id_product") values (797, 2, '2018-1-16 21:11:52', 4, 7, 16);
insert into STORE ("id_store", "shelf", "date_oper", "quantity", "id_oper_type", "id_product") values (940, 7, '2017-8-27 13:35:18', 7, 8, 19);
insert into STORE ("id_store", "shelf", "date_oper", "quantity", "id_oper_type", "id_product") values (922, 6, '2017-3-20 5:3:16', 8, 4, 6);
insert into STORE ("id_store", "shelf", "date_oper", "quantity", "id_oper_type", "id_product") values (388, 8, '2017-3-31 5:40:7', 3, 8, 8);
insert into STORE ("id_store", "shelf", "date_oper", "quantity", "id_oper_type", "id_product") values (552, 4, '2017-9-7 14:7:58', 5, 3, 11);
insert into STORE ("id_store", "shelf", "date_oper", "quantity", "id_oper_type", "id_product") values (272, 3, '2017-6-21 10:2:45', 2, 6, 5);
insert into STORE ("id_store", "shelf", "date_oper", "quantity", "id_oper_type", "id_product") values (833, 9, '2017-12-5 18:56:35', 6, 8, 4);
insert into STORE ("id_store", "shelf", "date_oper", "quantity", "id_oper_type", "id_product") values (53, 5, '2017-10-21 16:24:8', 9, 6, 16);
insert into STORE ("id_store", "shelf", "date_oper", "quantity", "id_oper_type", "id_product") values (127, 1, '2017-3-8 4:24:59', 1, 9, 3);
insert into STORE ("id_store", "shelf", "date_oper", "quantity", "id_oper_type", "id_product") values (978, 2, '2017-4-30 7:15:22', 4, 7, 10);
insert into STORE ("id_store", "shelf", "date_oper", "quantity", "id_oper_type", "id_product") values (857, 7, '2017-11-8 17:28:20', 7, 9, 13);
insert into STORE ("id_store", "shelf", "date_oper", "quantity", "id_oper_type", "id_product") values (558, 6, '2017-11-18 18:5:13', 8, 3, 1);
insert into STORE ("id_store", "shelf", "date_oper", "quantity", "id_oper_type", "id_product") values (474, 8, '2017-3-16 4:48:13', 3, 9, 9);
insert into STORE ("id_store", "shelf", "date_oper", "quantity", "id_oper_type", "id_product") values (455, 4, '2017-7-5 10:50:39', 5, 9, 12);
insert into STORE ("id_store", "shelf", "date_oper", "quantity", "id_oper_type", "id_product") values (555, 3, '2018-2-11 22:27:16', 2, 6, 14);
insert into STORE ("id_store", "shelf", "date_oper", "quantity", "id_oper_type", "id_product") values (766, 9, '2017-1-14 1:43:5', 6, 6, 18);
insert into STORE ("id_store", "shelf", "date_oper", "quantity", "id_oper_type", "id_product") values (705, 5, '2017-12-16 19:30:55', 9, 1, 18);
insert into STORE ("id_store", "shelf", "date_oper", "quantity", "id_oper_type", "id_product") values (506, 1, '2017-11-25 18:29:1', 1, 9, 6);
insert into STORE ("id_store", "shelf", "date_oper", "quantity", "id_oper_type", "id_product") values (526, 2, '2017-9-22 14:54:30', 4, 7, 6);
insert into STORE ("id_store", "shelf", "date_oper", "quantity", "id_oper_type", "id_product") values (557, 7, '2017-10-18 16:16:58', 7, 1, 20);
insert into STORE ("id_store", "shelf", "date_oper", "quantity", "id_oper_type", "id_product") values (809, 6, '2017-10-8 15:43:39', 8, 8, 9);
insert into STORE ("id_store", "shelf", "date_oper", "quantity", "id_oper_type", "id_product") values (223, 8, '2017-2-17 3:28:18', 3, 4, 13);
insert into STORE ("id_store", "shelf", "date_oper", "quantity", "id_oper_type", "id_product") values (369, 4, '2017-3-3 4:13:11', 5, 2, 6);
insert into STORE ("id_store", "shelf", "date_oper", "quantity", "id_oper_type", "id_product") values (716, 3, '2017-12-17 19:35:15', 2, 2, 18);
insert into STORE ("id_store", "shelf", "date_oper", "quantity", "id_oper_type", "id_product") values (841, 9, '2017-8-29 13:40:32', 6, 1, 10);
insert into STORE ("id_store", "shelf", "date_oper", "quantity", "id_oper_type", "id_product") values (680, 5, '2017-4-2 5:46:55', 9, 6, 6);
insert into STORE ("id_store", "shelf", "date_oper", "quantity", "id_oper_type", "id_product") values (328, 1, '2017-4-16 6:36:31', 1, 6, 12);
insert into STORE ("id_store", "shelf", "date_oper", "quantity", "id_oper_type", "id_product") values (105, 2, '2017-4-1 5:43:34', 4, 7, 4);
insert into STORE ("id_store", "shelf", "date_oper", "quantity", "id_oper_type", "id_product") values (385, 7, '2017-1-17 1:51:30', 7, 3, 18);
insert into STORE ("id_store", "shelf", "date_oper", "quantity", "id_oper_type", "id_product") values (412, 6, '2017-10-2 15:23:30', 8, 4, 6);
insert into STORE ("id_store", "shelf", "date_oper", "quantity", "id_oper_type", "id_product") values (55, 8, '2017-10-20 16:20:0', 3, 1, 10);
insert into STORE ("id_store", "shelf", "date_oper", "quantity", "id_oper_type", "id_product") values (818, 4, '2017-3-4 4:14:12', 5, 4, 16);
insert into STORE ("id_store", "shelf", "date_oper", "quantity", "id_oper_type", "id_product") values (139, 3, '2017-10-17 16:14:52', 2, 2, 13);
insert into STORE ("id_store", "shelf", "date_oper", "quantity", "id_oper_type", "id_product") values (953, 9, '2017-3-31 5:41:51', 6, 2, 16);
insert into STORE ("id_store", "shelf", "date_oper", "quantity", "id_oper_type", "id_product") values (965, 5, '2017-10-3 15:28:20', 9, 1, 12);
insert into STORE ("id_store", "shelf", "date_oper", "quantity", "id_oper_type", "id_product") values (14, 1, '2017-6-27 10:19:35', 1, 3, 3);
insert into STORE ("id_store", "shelf", "date_oper", "quantity", "id_oper_type", "id_product") values (129, 2, '2017-4-23 6:54:36', 4, 9, 12);
insert into STORE ("id_store", "shelf", "date_oper", "quantity", "id_oper_type", "id_product") values (565, 7, '2017-1-23 2:12:46', 7, 4, 7);
insert into STORE ("id_store", "shelf", "date_oper", "quantity", "id_oper_type", "id_product") values (551, 6, '2017-4-23 6:53:38', 8, 1, 14);
insert into STORE ("id_store", "shelf", "date_oper", "quantity", "id_oper_type", "id_product") values (637, 8, '2017-6-5 9:10:26', 3, 1, 4);
insert into STORE ("id_store", "shelf", "date_oper", "quantity", "id_oper_type", "id_product") values (631, 4, '2017-6-15 9:40:57', 5, 2, 7);
insert into STORE ("id_store", "shelf", "date_oper", "quantity", "id_oper_type", "id_product") values (319, 3, '2017-5-3 7:27:44', 2, 3, 16);
insert into STORE ("id_store", "shelf", "date_oper", "quantity", "id_oper_type", "id_product") values (915, 9, '2017-4-13 6:26:41', 6, 2, 11);
insert into STORE ("id_store", "shelf", "date_oper", "quantity", "id_oper_type", "id_product") values (119, 5, '2018-3-3 23:35:40', 9, 3, 3);
insert into STORE ("id_store", "shelf", "date_oper", "quantity", "id_oper_type", "id_product") values (627, 1, '2017-1-11 1:35:25', 1, 9, 11);
insert into STORE ("id_store", "shelf", "date_oper", "quantity", "id_oper_type", "id_product") values (617, 2, '2017-2-7 2:55:16', 4, 2, 10);
insert into STORE ("id_store", "shelf", "date_oper", "quantity", "id_oper_type", "id_product") values (873, 7, '2017-2-5 2:51:27', 7, 3, 2);
insert into STORE ("id_store", "shelf", "date_oper", "quantity", "id_oper_type", "id_product") values (225, 6, '2018-2-4 22:7:33', 8, 3, 3);
insert into STORE ("id_store", "shelf", "date_oper", "quantity", "id_oper_type", "id_product") values (537, 8, '2017-7-23 11:39:18', 3, 4, 8);
insert into STORE ("id_store", "shelf", "date_oper", "quantity", "id_oper_type", "id_product") values (973, 4, '2017-10-14 16:1:7', 5, 7, 15);
insert into STORE ("id_store", "shelf", "date_oper", "quantity", "id_oper_type", "id_product") values (845, 3, '2018-2-22 23:7:20', 2, 6, 8);
insert into STORE ("id_store", "shelf", "date_oper", "quantity", "id_oper_type", "id_product") values (295, 9, '2017-2-10 3:6:29', 6, 9, 20);
insert into STORE ("id_store", "shelf", "date_oper", "quantity", "id_oper_type", "id_product") values (132, 5, '2017-4-2 5:46:6', 9, 7, 20);
insert into STORE ("id_store", "shelf", "date_oper", "quantity", "id_oper_type", "id_product") values (812, 1, '2017-8-2 12:15:32', 1, 1, 1);
insert into STORE ("id_store", "shelf", "date_oper", "quantity", "id_oper_type", "id_product") values (517, 2, '2017-12-13 19:22:9', 4, 2, 8);
insert into STORE ("id_store", "shelf", "date_oper", "quantity", "id_oper_type", "id_product") values (944, 7, '2017-12-10 19:15:41', 7, 7, 15);
insert into STORE ("id_store", "shelf", "date_oper", "quantity", "id_oper_type", "id_product") values (259, 6, '2018-1-11 20:53:11', 8, 1, 20);
insert into STORE ("id_store", "shelf", "date_oper", "quantity", "id_oper_type", "id_product") values (39, 8, '2018-1-2 20:25:30', 3, 2, 4);
insert into STORE ("id_store", "shelf", "date_oper", "quantity", "id_oper_type", "id_product") values (686, 4, '2018-2-9 22:22:3', 5, 7, 6);
insert into STORE ("id_store", "shelf", "date_oper", "quantity", "id_oper_type", "id_product") values (406, 3, '2017-6-23 10:10:0', 2, 8, 18);
insert into STORE ("id_store", "shelf", "date_oper", "quantity", "id_oper_type", "id_product") values (860, 9, '2017-7-3 10:43:2', 6, 4, 10);
insert into STORE ("id_store", "shelf", "date_oper", "quantity", "id_oper_type", "id_product") values (534, 5, '2017-11-18 18:3:58', 9, 9, 20);
insert into STORE ("id_store", "shelf", "date_oper", "quantity", "id_oper_type", "id_product") values (592, 1, '2017-1-28 2:25:51', 1, 6, 9);
insert into STORE ("id_store", "shelf", "date_oper", "quantity", "id_oper_type", "id_product") values (450, 2, '2017-9-25 15:4:20', 4, 9, 4);
insert into STORE ("id_store", "shelf", "date_oper", "quantity", "id_oper_type", "id_product") values (421, 7, '2017-3-17 4:54:4', 7, 7, 15);
insert into STORE ("id_store", "shelf", "date_oper", "quantity", "id_oper_type", "id_product") values (638, 6, '2017-6-15 9:41:57', 8, 2, 1);
insert into STORE ("id_store", "shelf", "date_oper", "quantity", "id_oper_type", "id_product") values (925, 8, '2017-8-8 12:36:23', 3, 8, 15);
insert into STORE ("id_store", "shelf", "date_oper", "quantity", "id_oper_type", "id_product") values (153, 4, '2017-10-23 16:32:54', 5, 9, 14);
insert into STORE ("id_store", "shelf", "date_oper", "quantity", "id_oper_type", "id_product") values (679, 3, '2017-6-7 9:14:3', 2, 8, 1);
insert into STORE ("id_store", "shelf", "date_oper", "quantity", "id_oper_type", "id_product") values (642, 9, '2017-3-12 4:35:47', 6, 4, 8);
insert into STORE ("id_store", "shelf", "date_oper", "quantity", "id_oper_type", "id_product") values (751, 5, '2017-11-4 17:13:46', 9, 7, 1);
insert into STORE ("id_store", "shelf", "date_oper", "quantity", "id_oper_type", "id_product") values (481, 1, '2017-7-21 11:35:55', 1, 4, 4);
insert into STORE ("id_store", "shelf", "date_oper", "quantity", "id_oper_type", "id_product") values (696, 2, '2017-12-20 19:45:36', 4, 8, 14);
insert into STORE ("id_store", "shelf", "date_oper", "quantity", "id_oper_type", "id_product") values (779, 7, '2017-3-5 4:16:9', 7, 6, 14);
insert into STORE ("id_store", "shelf", "date_oper", "quantity", "id_oper_type", "id_product") values (86, 6, '2017-3-6 4:19:2', 8, 7, 17);
insert into STORE ("id_store", "shelf", "date_oper", "quantity", "id_oper_type", "id_product") values (17, 8, '2018-1-27 21:42:43', 3, 3, 14);
insert into STORE ("id_store", "shelf", "date_oper", "quantity", "id_oper_type", "id_product") values (420, 4, '2017-9-11 14:19:46', 5, 4, 19);
insert into STORE ("id_store", "shelf", "date_oper", "quantity", "id_oper_type", "id_product") values (138, 3, '2017-10-6 15:36:37', 2, 4, 5);
insert into STORE ("id_store", "shelf", "date_oper", "quantity", "id_oper_type", "id_product") values (232, 9, '2017-4-4 5:56:21', 6, 7, 2);
insert into STORE ("id_store", "shelf", "date_oper", "quantity", "id_oper_type", "id_product") values (781, 5, '2018-1-13 21:3:12', 9, 9, 3);
insert into STORE ("id_store", "shelf", "date_oper", "quantity", "id_oper_type", "id_product") values (852, 1, '2017-5-20 8:19:37', 1, 7, 7);
insert into STORE ("id_store", "shelf", "date_oper", "quantity", "id_oper_type", "id_product") values (200, 2, '2017-3-8 4:26:4', 4, 8, 7);
insert into STORE ("id_store", "shelf", "date_oper", "quantity", "id_oper_type", "id_product") values (683, 7, '2018-1-2 20:27:27', 7, 7, 12);
insert into STORE ("id_store", "shelf", "date_oper", "quantity", "id_oper_type", "id_product") values (951, 6, '2018-1-28 21:46:11', 8, 6, 8);
insert into STORE ("id_store", "shelf", "date_oper", "quantity", "id_oper_type", "id_product") values (206, 8, '2017-5-7 7:41:5', 3, 4, 8);
insert into STORE ("id_store", "shelf", "date_oper", "quantity", "id_oper_type", "id_product") values (419, 4, '2017-3-19 5:1:36', 5, 9, 6);
insert into STORE ("id_store", "shelf", "date_oper", "quantity", "id_oper_type", "id_product") values (443, 3, '2017-11-12 17:44:14', 2, 4, 2);
insert into STORE ("id_store", "shelf", "date_oper", "quantity", "id_oper_type", "id_product") values (465, 9, '2018-1-21 21:25:39', 6, 4, 4);
insert into STORE ("id_store", "shelf", "date_oper", "quantity", "id_oper_type", "id_product") values (928, 5, '2017-9-4 13:57:34', 9, 6, 8);
insert into STORE ("id_store", "shelf", "date_oper", "quantity", "id_oper_type", "id_product") values (384, 1, '2017-12-15 19:29:43', 1, 2, 12);
insert into STORE ("id_store", "shelf", "date_oper", "quantity", "id_oper_type", "id_product") values (560, 2, '2017-3-15 4:47:33', 4, 1, 14);
insert into STORE ("id_store", "shelf", "date_oper", "quantity", "id_oper_type", "id_product") values (278, 7, '2017-12-22 19:52:9', 7, 7, 11);
insert into STORE ("id_store", "shelf", "date_oper", "quantity", "id_oper_type", "id_product") values (704, 6, '2017-9-5 14:0:6', 8, 3, 15);
insert into STORE ("id_store", "shelf", "date_oper", "quantity", "id_oper_type", "id_product") values (97, 8, '2017-4-5 5:57:50', 3, 9, 8);
insert into INVOICE_DETAIL ("id_invoice", "id_product", "quantity", "description") values (15, 37, TO_DATE(4), 'Q3IIP730F89', 2, 17);
insert into INVOICE_DETAIL ("id_invoice", "id_product", "quantity", "description") values (203, 498, TO_DATE(17), 'RXSD359H2S7', 21, 19);
insert into INVOICE_DETAIL ("id_invoice", "id_product", "quantity", "description") values (135, 117, TO_DATE(22), 'A8JHUMQJ3OB', 39, 32);
insert into INVOICE_DETAIL ("id_invoice", "id_product", "quantity", "description") values (544, 256, TO_DATE(12), '6DQSV93V63', 33, 16);
insert into INVOICE_DETAIL ("id_invoice", "id_product", "quantity", "description") values (437, 400, TO_DATE(16), 'LN5WY4UKVVG7P', 8, 3);
insert into INVOICE_DETAIL ("id_invoice", "id_product", "quantity", "description") values (982, 254, TO_DATE(3), '6SNOJINTF6HKM', 5, 4);
insert into INVOICE_DETAIL ("id_invoice", "id_product", "quantity", "description") values (424, 342, TO_DATE(11), ' PA21KA7EPV UF', 28, 13);
insert into INVOICE_DETAIL ("id_invoice", "id_product", "quantity", "description") values (718, 423, TO_DATE(23), 'EREY 52B74YRO', 22, 27);
insert into INVOICE_DETAIL ("id_invoice", "id_product", "quantity", "description") values (697, 714, TO_DATE(10), 'BH6BDI5VSJR2K', 9, 45);
insert into INVOICE ("id_invoice", "id_paiment_type", "purchase_time", "id_invoice_detail", "id_client", "id_stuff") values (443, 1, TO_DATE('2017-11-29 18:40:19'), 437, 24, 29);
insert into INVOICE ("id_invoice", "id_paiment_type", "purchase_time", "id_invoice_detail", "id_client", "id_stuff") values (121, 8, TO_DATE('2018-1-7 20:44:29'), 544, 5, 39);
insert into INVOICE ("id_invoice", "id_paiment_type", "purchase_time", "id_invoice_detail", "id_client", "id_stuff") values (65, 8, TO_DATE('2017-2-10 3:15:24'), 544, 45, 31);
insert into INVOICE ("id_invoice", "id_paiment_type", "purchase_time", "id_invoice_detail", "id_client", "id_stuff") values (79, 8, TO_DATE('2017-3-27 5:36:14'), 135, 40, 48);
insert into INVOICE ("id_invoice", "id_paiment_type", "purchase_time", "id_invoice_detail", "id_client", "id_stuff") values (131, 1, TO_DATE('2018-1-9 20:49:31'), 135, 44, 15);
insert into INVOICE ("id_invoice", "id_paiment_type", "purchase_time", "id_invoice_detail", "id_client", "id_stuff") values (890, 8, TO_DATE('2017-1-18 2:0:5'), 203, 6, 35);
insert into INVOICE ("id_invoice", "id_paiment_type", "purchase_time", "id_invoice_detail", "id_client", "id_stuff") values (992, 4, TO_DATE('2017-5-12 8:0:28'), 203, 29, 7);
insert into INVOICE ("id_invoice", "id_paiment_type", "purchase_time", "id_invoice_detail", "id_client", "id_stuff") values (758, 2, TO_DATE('2017-9-13 14:44:2'), 544, 8, 42);
insert into INVOICE ("id_invoice", "id_paiment_type", "purchase_time", "id_invoice_detail", "id_client", "id_stuff") values (644, 7, TO_DATE('2017-8-2 12:13:3'), 544, 49, 31);
insert into INVOICE ("id_invoice", "id_paiment_type", "purchase_time", "id_invoice_detail", "id_client", "id_stuff") values (770, 4, TO_DATE('2017-4-22 6:57:6'), 544, 39, 33);
insert into INVOICE ("id_invoice", "id_paiment_type", "purchase_time", "id_invoice_detail", "id_client", "id_stuff") values (966, 2, TO_DATE('2017-9-20 15:3:21'), 718, 18, 37);
insert into INVOICE ("id_invoice", "id_paiment_type", "purchase_time", "id_invoice_detail", "id_client", "id_stuff") values (686, 7, TO_DATE('2017-10-13 16:14:0'), 982, 27, 43);
insert into INVOICE ("id_invoice", "id_paiment_type", "purchase_time", "id_invoice_detail", "id_client", "id_stuff") values (961, 8, TO_DATE('2018-1-23 21:30:54'), 424, 17, 2);
insert into INVOICE ("id_invoice", "id_paiment_type", "purchase_time", "id_invoice_detail", "id_client", "id_stuff") values (15, 1, TO_DATE('2017-5-3 7:32:58'), 982, 8, 49);
insert into INVOICE ("id_invoice", "id_paiment_type", "purchase_time", "id_invoice_detail", "id_client", "id_stuff") values (321, 1, TO_DATE('2017-6-10 9:24:30'), 424, 27, 23);
insert into INVOICE ("id_invoice", "id_paiment_type", "purchase_time", "id_invoice_detail", "id_client", "id_stuff") values (373, 4, TO_DATE('2018-1-9 20:50:37'), 437, 27, 8);
insert into INVOICE ("id_invoice", "id_paiment_type", "purchase_time", "id_invoice_detail", "id_client", "id_stuff") values (543, 8, TO_DATE('2017-10-16 16:26:8'), 135, 9, 46);
insert into INVOICE ("id_invoice", "id_paiment_type", "purchase_time", "id_invoice_detail", "id_client", "id_stuff") values (434, 3, TO_DATE('2017-6-20 9:57:16'), 424, 13, 36);
insert into INVOICE ("id_invoice", "id_paiment_type", "purchase_time", "id_invoice_detail", "id_client", "id_stuff") values (297, 4, TO_DATE('2017-6-11 9:27:28'), 718, 37, 3);
insert into INVOICE ("id_invoice", "id_paiment_type", "purchase_time", "id_invoice_detail", "id_client", "id_stuff") values (849, 2, TO_DATE('2017-11-9 17:37:6'), 15, 19, 33);
insert into INVOICE ("id_invoice", "id_paiment_type", "purchase_time", "id_invoice_detail", "id_client", "id_stuff") values (45, 9, TO_DATE('2018-1-16 21:7:48'), 424, 38, 45);
insert into INVOICE ("id_invoice", "id_paiment_type", "purchase_time", "id_invoice_detail", "id_client", "id_stuff") values (650, 2, TO_DATE('2017-12-20 19:53:30'), 437, 45, 33);
insert into INVOICE ("id_invoice", "id_paiment_type", "purchase_time", "id_invoice_detail", "id_client", "id_stuff") values (545, 8, TO_DATE('2017-6-7 9:18:56'), 203, 8, 30);
insert into INVOICE ("id_invoice", "id_paiment_type", "purchase_time", "id_invoice_detail", "id_client", "id_stuff") values (76, 5, TO_DATE('2017-3-18 5:4:37'), 437, 12, 1);
insert into INVOICE ("id_invoice", "id_paiment_type", "purchase_time", "id_invoice_detail", "id_client", "id_stuff") values (652, 9, TO_DATE('2017-6-18 9:52:8'), 544, 17, 41);
insert into INVOICE ("id_invoice", "id_paiment_type", "purchase_time", "id_invoice_detail", "id_client", "id_stuff") values (356, 3, TO_DATE('2017-10-6 15:50:43'), 437, 7, 4);
insert into INVOICE ("id_invoice", "id_paiment_type", "purchase_time", "id_invoice_detail", "id_client", "id_stuff") values (626, 8, TO_DATE('2017-7-24 11:43:4'), 544, 42, 24);
insert into INVOICE ("id_invoice", "id_paiment_type", "purchase_time", "id_invoice_detail", "id_client", "id_stuff") values (313, 7, TO_DATE('2017-3-10 4:38:8'), 135, 17, 18);
insert into INVOICE ("id_invoice", "id_paiment_type", "purchase_time", "id_invoice_detail", "id_client", "id_stuff") values (361, 7, TO_DATE('2017-2-19 3:40:26'), 982, 31, 25);
insert into INVOICE ("id_invoice", "id_paiment_type", "purchase_time", "id_invoice_detail", "id_client", "id_stuff") values (419, 2, TO_DATE('2017-10-16 16:23:14'), 544, 18, 36);
insert into INVOICE ("id_invoice", "id_paiment_type", "purchase_time", "id_invoice_detail", "id_client", "id_stuff") values (395, 3, TO_DATE('2017-5-31 8:58:25'), 544, 6, 43);
insert into INVOICE ("id_invoice", "id_paiment_type", "purchase_time", "id_invoice_detail", "id_client", "id_stuff") values (143, 7, TO_DATE('2018-1-20 21:20:50'), 718, 33, 7);
insert into INVOICE ("id_invoice", "id_paiment_type", "purchase_time", "id_invoice_detail", "id_client", "id_stuff") values (216, 9, TO_DATE('2017-5-7 7:43:17'), 15, 1, 22);
insert into INVOICE ("id_invoice", "id_paiment_type", "purchase_time", "id_invoice_detail", "id_client", "id_stuff") values (870, 8, TO_DATE('2017-2-7 3:3:12'), 437, 44, 49);
insert into INVOICE ("id_invoice", "id_paiment_type", "purchase_time", "id_invoice_detail", "id_client", "id_stuff") values (769, 7, TO_DATE('2017-6-11 9:28:13'), 544, 14, 40);
insert into INVOICE ("id_invoice", "id_paiment_type", "purchase_time", "id_invoice_detail", "id_client", "id_stuff") values (432, 3, TO_DATE('2017-12-23 20:2:34'), 135, 33, 10);
insert into INVOICE ("id_invoice", "id_paiment_type", "purchase_time", "id_invoice_detail", "id_client", "id_stuff") values (354, 3, TO_DATE('2017-2-11 3:17:14'), 544, 14, 20);
insert into INVOICE ("id_invoice", "id_paiment_type", "purchase_time", "id_invoice_detail", "id_client", "id_stuff") values (161, 7, TO_DATE('2017-4-15 6:35:30'), 424, 49, 46);
insert into INVOICE ("id_invoice", "id_paiment_type", "purchase_time", "id_invoice_detail", "id_client", "id_stuff") values (258, 5, TO_DATE('2017-2-28 4:8:42'), 982, 45, 21);
insert into INVOICE ("id_invoice", "id_paiment_type", "purchase_time", "id_invoice_detail", "id_client", "id_stuff") values (722, 2, TO_DATE('2017-8-9 12:40:29'), 203, 50, 48);
insert into INVOICE ("id_invoice", "id_paiment_type", "purchase_time", "id_invoice_detail", "id_client", "id_stuff") values (267, 2, TO_DATE('2017-8-11 12:46:40'), 135, 3, 22);
insert into INVOICE ("id_invoice", "id_paiment_type", "purchase_time", "id_invoice_detail", "id_client", "id_stuff") values (632, 5, TO_DATE('2017-9-4 14:12:48'), 424, 11, 26);
insert into INVOICE ("id_invoice", "id_paiment_type", "purchase_time", "id_invoice_detail", "id_client", "id_stuff") values (517, 9, TO_DATE('2017-11-27 18:34:32'), 544, 27, 41);
insert into INVOICE ("id_invoice", "id_paiment_type", "purchase_time", "id_invoice_detail", "id_client", "id_stuff") values (668, 3, TO_DATE('2017-2-13 3:21:44'), 718, 33, 19);
insert into INVOICE ("id_invoice", "id_paiment_type", "purchase_time", "id_invoice_detail", "id_client", "id_stuff") values (812, 3, TO_DATE('2017-9-17 14:52:14'), 424, 10, 32);
insert into INVOICE ("id_invoice", "id_paiment_type", "purchase_time", "id_invoice_detail", "id_client", "id_stuff") values (332, 7, TO_DATE('2017-9-16 14:48:58'), 718, 14, 41);
insert into INVOICE ("id_invoice", "id_paiment_type", "purchase_time", "id_invoice_detail", "id_client", "id_stuff") values (83, 5, TO_DATE('2017-6-24 10:10:16'), 718, 33, 47);
insert into INVOICE ("id_invoice", "id_paiment_type", "purchase_time", "id_invoice_detail", "id_client", "id_stuff") values (649, 7, TO_DATE('2017-1-12 1:38:17'), 203, 17, 2);
insert into INVOICE ("id_invoice", "id_paiment_type", "purchase_time", "id_invoice_detail", "id_client", "id_stuff") values (418, 7, TO_DATE('2018-1-20 21:22:18'), 437, 45, 16);
insert into INVOICE ("id_invoice", "id_paiment_type", "purchase_time", "id_invoice_detail", "id_client", "id_stuff") values (259, 1, TO_DATE('2017-4-23 6:57:53'), 718, 30, 34);
insert into INVOICE ("id_invoice", "id_paiment_type", "purchase_time", "id_invoice_detail", "id_client", "id_stuff") values (139, 5, TO_DATE('2017-4-27 7:10:49'), 982, 28, 49);
insert into INVOICE ("id_invoice", "id_paiment_type", "purchase_time", "id_invoice_detail", "id_client", "id_stuff") values (387, 3, TO_DATE('2017-11-16 17:59:16'), 135, 23, 12);
insert into INVOICE ("id_invoice", "id_paiment_type", "purchase_time", "id_invoice_detail", "id_client", "id_stuff") values (135, 9, TO_DATE('2017-5-14 8:9:26'), 15, 25, 8);
insert into INVOICE ("id_invoice", "id_paiment_type", "purchase_time", "id_invoice_detail", "id_client", "id_stuff") values (58, 3, TO_DATE('2017-3-1 4:15:8'), 203, 21, 17);
insert into INVOICE ("id_invoice", "id_paiment_type", "purchase_time", "id_invoice_detail", "id_client", "id_stuff") values (73, 3, TO_DATE('2017-3-5 4:26:28'), 718, 1, 10);
insert into INVOICE ("id_invoice", "id_paiment_type", "purchase_time", "id_invoice_detail", "id_client", "id_stuff") values (933, 5, TO_DATE('2017-8-28 13:49:18'), 544, 21, 22);
insert into INVOICE ("id_invoice", "id_paiment_type", "purchase_time", "id_invoice_detail", "id_client", "id_stuff") values (198, 3, TO_DATE('2018-2-24 23:8:23'), 15, 20, 28);
insert into INVOICE ("id_invoice", "id_paiment_type", "purchase_time", "id_invoice_detail", "id_client", "id_stuff") values (430, 4, TO_DATE('2017-12-22 19:57:13'), 135, 24, 50);
insert into INVOICE ("id_invoice", "id_paiment_type", "purchase_time", "id_invoice_detail", "id_client", "id_stuff") values (6, 8, TO_DATE('2017-4-27 7:14:25'), 718, 40, 43);
insert into INVOICE ("id_invoice", "id_paiment_type", "purchase_time", "id_invoice_detail", "id_client", "id_stuff") values (566, 4, TO_DATE('2017-1-23 2:16:55'), 135, 7, 14);
insert into INVOICE ("id_invoice", "id_paiment_type", "purchase_time", "id_invoice_detail", "id_client", "id_stuff") values (445, 8, TO_DATE('2017-6-15 9:43:50'), 437, 8, 36);
insert into INVOICE ("id_invoice", "id_paiment_type", "purchase_time", "id_invoice_detail", "id_client", "id_stuff") values (737, 8, TO_DATE('2017-5-19 8:22:58'), 544, 21, 1);
insert into INVOICE ("id_invoice", "id_paiment_type", "purchase_time", "id_invoice_detail", "id_client", "id_stuff") values (900, 2, TO_DATE('2017-10-20 16:36:54'), 718, 29, 13);
insert into INVOICE ("id_invoice", "id_paiment_type", "purchase_time", "id_invoice_detail", "id_client", "id_stuff") values (821, 4, TO_DATE('2017-2-20 3:43:21'), 718, 47, 9);
insert into INVOICE ("id_invoice", "id_paiment_type", "purchase_time", "id_invoice_detail", "id_client", "id_stuff") values (916, 2, TO_DATE('2017-4-19 6:49:54'), 718, 37, 49);
insert into INVOICE ("id_invoice", "id_paiment_type", "purchase_time", "id_invoice_detail", "id_client", "id_stuff") values (738, 2, TO_DATE('2017-10-2 15:36:21'), 437, 21, 14);
insert into INVOICE ("id_invoice", "id_paiment_type", "purchase_time", "id_invoice_detail", "id_client", "id_stuff") values (556, 3, TO_DATE('2017-12-12 19:29:21'), 424, 9, 1);
insert into INVOICE ("id_invoice", "id_paiment_type", "purchase_time", "id_invoice_detail", "id_client", "id_stuff") values (606, 5, TO_DATE('2017-3-4 4:24:50'), 203, 7, 5);
insert into INVOICE ("id_invoice", "id_paiment_type", "purchase_time", "id_invoice_detail", "id_client", "id_stuff") values (193, 9, TO_DATE('2017-7-19 11:31:7'), 203, 6, 21);
insert into INVOICE ("id_invoice", "id_paiment_type", "purchase_time", "id_invoice_detail", "id_client", "id_stuff") values (20, 5, TO_DATE('2018-3-4 23:35:31'), 424, 3, 19);
insert into INVOICE ("id_invoice", "id_paiment_type", "purchase_time", "id_invoice_detail", "id_client", "id_stuff") values (989, 3, TO_DATE('2017-5-5 7:38:27'), 424, 29, 26);
insert into INVOICE ("id_invoice", "id_paiment_type", "purchase_time", "id_invoice_detail", "id_client", "id_stuff") values (34, 9, TO_DATE('2017-5-9 7:47:24'), 437, 12, 50);
insert into INVOICE ("id_invoice", "id_paiment_type", "purchase_time", "id_invoice_detail", "id_client", "id_stuff") values (688, 9, TO_DATE('2017-11-21 18:15:4'), 424, 32, 35);
insert into INVOICE ("id_invoice", "id_paiment_type", "purchase_time", "id_invoice_detail", "id_client", "id_stuff") values (290, 3, TO_DATE('2017-3-20 5:10:56'), 544, 43, 13);
insert into INVOICE ("id_invoice", "id_paiment_type", "purchase_time", "id_invoice_detail", "id_client", "id_stuff") values (700, 7, TO_DATE('2017-10-8 15:57:10'), 437, 21, 36);
insert into INVOICE ("id_invoice", "id_paiment_type", "purchase_time", "id_invoice_detail", "id_client", "id_stuff") values (171, 1, TO_DATE('2017-3-28 5:39:45'), 437, 27, 42);
insert into INVOICE ("id_invoice", "id_paiment_type", "purchase_time", "id_invoice_detail", "id_client", "id_stuff") values (786, 8, TO_DATE('2017-2-7 3:4:55'), 15, 20, 42);
insert into INVOICE ("id_invoice", "id_paiment_type", "purchase_time", "id_invoice_detail", "id_client", "id_stuff") values (673, 1, TO_DATE('2017-11-30 18:44:12'), 437, 7, 21);
insert into INVOICE ("id_invoice", "id_paiment_type", "purchase_time", "id_invoice_detail", "id_client", "id_stuff") values (761, 9, TO_DATE('2017-9-17 14:53:27'), 718, 40, 26);
insert into INVOICE ("id_invoice", "id_paiment_type", "purchase_time", "id_invoice_detail", "id_client", "id_stuff") values (588, 4, TO_DATE('2017-6-4 9:7:33'), 15, 25, 1);
insert into INVOICE ("id_invoice", "id_paiment_type", "purchase_time", "id_invoice_detail", "id_client", "id_stuff") values (52, 7, TO_DATE('2017-12-2 18:51:58'), 982, 46, 8);
insert into INVOICE ("id_invoice", "id_paiment_type", "purchase_time", "id_invoice_detail", "id_client", "id_stuff") values (107, 8, TO_DATE('2017-7-7 10:53:13'), 203, 34, 7);
insert into INVOICE ("id_invoice", "id_paiment_type", "purchase_time", "id_invoice_detail", "id_client", "id_stuff") values (194, 7, TO_DATE('2017-4-15 6:34:20'), 135, 20, 38);
insert into INVOICE ("id_invoice", "id_paiment_type", "purchase_time", "id_invoice_detail", "id_client", "id_stuff") values (837, 2, TO_DATE('2017-6-26 10:13:41'), 718, 19, 5);
insert into INVOICE ("id_invoice", "id_paiment_type", "purchase_time", "id_invoice_detail", "id_client", "id_stuff") values (974, 2, TO_DATE('2017-6-23 10:7:45'), 437, 49, 41);
insert into INVOICE ("id_invoice", "id_paiment_type", "purchase_time", "id_invoice_detail", "id_client", "id_stuff") values (779, 5, TO_DATE('2017-8-29 13:52:33'), 203, 29, 23);
insert into INVOICE ("id_invoice", "id_paiment_type", "purchase_time", "id_invoice_detail", "id_client", "id_stuff") values (683, 2, TO_DATE('2018-1-23 21:30:12'), 15, 41, 8);
insert into INVOICE ("id_invoice", "id_paiment_type", "purchase_time", "id_invoice_detail", "id_client", "id_stuff") values (233, 5, TO_DATE('2017-8-21 13:25:37'), 15, 41, 50);
insert into INVOICE ("id_invoice", "id_paiment_type", "purchase_time", "id_invoice_detail", "id_client", "id_stuff") values (140, 1, TO_DATE('2017-5-15 8:13:45'), 982, 6, 46);
insert into INVOICE ("id_invoice", "id_paiment_type", "purchase_time", "id_invoice_detail", "id_client", "id_stuff") values (951, 7, TO_DATE('2017-8-15 13:3:1'), 135, 29, 7);
insert into INVOICE ("id_invoice", "id_paiment_type", "purchase_time", "id_invoice_detail", "id_client", "id_stuff") values (111, 9, TO_DATE('2017-1-18 1:58:55'), 203, 11, 9);
insert into INVOICE ("id_invoice", "id_paiment_type", "purchase_time", "id_invoice_detail", "id_client", "id_stuff") values (114, 8, TO_DATE('2017-6-19 9:53:59'), 203, 15, 27);
insert into INVOICE ("id_invoice", "id_paiment_type", "purchase_time", "id_invoice_detail", "id_client", "id_stuff") values (834, 3, TO_DATE('2017-10-20 16:37:45'), 135, 27, 3);
insert into INVOICE ("id_invoice", "id_paiment_type", "purchase_time", "id_invoice_detail", "id_client", "id_stuff") values (774, 2, TO_DATE('2017-2-22 3:47:49'), 544, 48, 30);
insert into INVOICE ("id_invoice", "id_paiment_type", "purchase_time", "id_invoice_detail", "id_client", "id_stuff") values (614, 9, TO_DATE('2017-11-29 18:41:31'), 982, 14, 8);
insert into INVOICE ("id_invoice", "id_paiment_type", "purchase_time", "id_invoice_detail", "id_client", "id_stuff") values (421, 5, TO_DATE('2017-10-23 16:44:17'), 135, 23, 36);
insert into INVOICE ("id_invoice", "id_paiment_type", "purchase_time", "id_invoice_detail", "id_client", "id_stuff") values (475, 3, TO_DATE('2017-12-7 19:11:24'), 203, 46, 47);
insert into INVOICE ("id_invoice", "id_paiment_type", "purchase_time", "id_invoice_detail", "id_client", "id_stuff") values (444, 1, TO_DATE('2017-6-8 9:21:23'), 718, 28, 43);
insert into INVOICE ("id_invoice", "id_paiment_type", "purchase_time", "id_invoice_detail", "id_client", "id_stuff") values (227, 1, TO_DATE('2017-12-17 19:43:41'), 135, 35, 39);
insert into INVOICE ("id_invoice", "id_paiment_type", "purchase_time", "id_invoice_detail", "id_client", "id_stuff") values (220, 3, TO_DATE('2018-2-9 22:20:25'), 203, 18, 31);
insert into INVOICE ("id_invoice", "id_paiment_type", "purchase_time", "id_invoice_detail", "id_client", "id_stuff") values (975, 5, TO_DATE('2018-2-18 22:46:47'), 424, 22, 26);
insert into INVOICE ("id_invoice", "id_paiment_type", "purchase_time", "id_invoice_detail", "id_client", "id_stuff") values (302, 3, TO_DATE('2017-8-15 13:5:42'), 437, 13, 30);
insert into INVOICE ("id_invoice", "id_paiment_type", "purchase_time", "id_invoice_detail", "id_client", "id_stuff") values (277, 2, TO_DATE('2017-10-3 15:40:58'), 982, 49, 38);
insert into INVOICE ("id_invoice", "id_paiment_type", "purchase_time", "id_invoice_detail", "id_client", "id_stuff") values (813, 5, TO_DATE('2017-7-12 11:8:44'), 544, 7, 18);
insert into INVOICE ("id_invoice", "id_paiment_type", "purchase_time", "id_invoice_detail", "id_client", "id_stuff") values (586, 3, TO_DATE('2017-4-5 6:2:42'), 437, 38, 34);
insert into INVOICE ("id_invoice", "id_paiment_type", "purchase_time", "id_invoice_detail", "id_client", "id_stuff") values (428, 8, TO_DATE('2018-1-19 21:17:8'), 544, 3, 48);
insert into INVOICE ("id_invoice", "id_paiment_type", "purchase_time", "id_invoice_detail", "id_client", "id_stuff") values (593, 8, TO_DATE('2017-10-19 16:33:43'), 437, 27, 24);
insert into INVOICE ("id_invoice", "id_paiment_type", "purchase_time", "id_invoice_detail", "id_client", "id_stuff") values (912, 4, TO_DATE('2017-10-5 15:47:49'), 135, 1, 12);
insert into INVOICE ("id_invoice", "id_paiment_type", "purchase_time", "id_invoice_detail", "id_client", "id_stuff") values (403, 4, TO_DATE('2017-11-22 18:16:55'), 15, 3, 9);
insert into INVOICE ("id_invoice", "id_paiment_type", "purchase_time", "id_invoice_detail", "id_client", "id_stuff") values (164, 1, TO_DATE('2017-10-29 17:6:11'), 203, 47, 13);
insert into INVOICE ("id_invoice", "id_paiment_type", "purchase_time", "id_invoice_detail", "id_client", "id_stuff") values (512, 7, TO_DATE('2017-5-27 8:44:26'), 437, 31, 11);
insert into INVOICE ("id_invoice", "id_paiment_type", "purchase_time", "id_invoice_detail", "id_client", "id_stuff") values (634, 1, TO_DATE('2017-1-19 2:3:20'), 15, 3, 33);
insert into INVOICE ("id_invoice", "id_paiment_type", "purchase_time", "id_invoice_detail", "id_client", "id_stuff") values (158, 5, TO_DATE('2017-7-30 12:4:15'), 15, 47, 4);
insert into INVOICE ("id_invoice", "id_paiment_type", "purchase_time", "id_invoice_detail", "id_client", "id_stuff") values (391, 8, TO_DATE('2017-9-26 15:21:40'), 437, 5, 8);
insert into INVOICE ("id_invoice", "id_paiment_type", "purchase_time", "id_invoice_detail", "id_client", "id_stuff") values (226, 4, TO_DATE('2017-12-21 19:55:15'), 718, 4, 28);
insert into INVOICE ("id_invoice", "id_paiment_type", "purchase_time", "id_invoice_detail", "id_client", "id_stuff") values (699, 5, TO_DATE('2017-1-21 2:12:31'), 544, 24, 20);
insert into INVOICE ("id_invoice", "id_paiment_type", "purchase_time", "id_invoice_detail", "id_client", "id_stuff") values (429, 4, TO_DATE('2017-11-12 17:48:38'), 424, 48, 26);
insert into INVOICE ("id_invoice", "id_paiment_type", "purchase_time", "id_invoice_detail", "id_client", "id_stuff") values (69, 2, TO_DATE('2017-10-28 17:0:53'), 424, 2, 23);
insert into INVOICE ("id_invoice", "id_paiment_type", "purchase_time", "id_invoice_detail", "id_client", "id_stuff") values (680, 2, TO_DATE('2017-10-18 16:31:23'), 424, 11, 36);
insert into INVOICE ("id_invoice", "id_paiment_type", "purchase_time", "id_invoice_detail", "id_client", "id_stuff") values (505, 8, TO_DATE('2017-3-21 5:14:44'), 718, 33, 50);
insert into INVOICE ("id_invoice", "id_paiment_type", "purchase_time", "id_invoice_detail", "id_client", "id_stuff") values (47, 7, TO_DATE('2018-1-21 21:23:34'), 718, 28, 10);
insert into INVOICE ("id_invoice", "id_paiment_type", "purchase_time", "id_invoice_detail", "id_client", "id_stuff") values (792, 9, TO_DATE('2017-11-24 18:26:6'), 135, 24, 27);
insert into INVOICE ("id_invoice", "id_paiment_type", "purchase_time", "id_invoice_detail", "id_client", "id_stuff") values (637, 3, TO_DATE('2017-4-23 7:0:17'), 135, 45, 23);
insert into INVOICE ("id_invoice", "id_paiment_type", "purchase_time", "id_invoice_detail", "id_client", "id_stuff") values (452, 9, TO_DATE('2017-8-4 12:24:9'), 15, 2, 40);
insert into INVOICE ("id_invoice", "id_paiment_type", "purchase_time", "id_invoice_detail", "id_client", "id_stuff") values (466, 1, TO_DATE('2017-2-18 3:35:44'), 135, 17, 8);
insert into INVOICE ("id_invoice", "id_paiment_type", "purchase_time", "id_invoice_detail", "id_client", "id_stuff") values (150, 8, TO_DATE('2017-9-19 15:0:17'), 203, 46, 8);
insert into INVOICE ("id_invoice", "id_paiment_type", "purchase_time", "id_invoice_detail", "id_client", "id_stuff") values (359, 1, TO_DATE('2017-7-30 12:6:7'), 15, 17, 33);
insert into INVOICE ("id_invoice", "id_paiment_type", "purchase_time", "id_invoice_detail", "id_client", "id_stuff") values (526, 7, TO_DATE('2017-1-31 2:42:37'), 203, 50, 4);
insert into INVOICE ("id_invoice", "id_paiment_type", "purchase_time", "id_invoice_detail", "id_client", "id_stuff") values (487, 4, TO_DATE('2017-12-2 18:50:32'), 15, 13, 6);
insert into INVOICE ("id_invoice", "id_paiment_type", "purchase_time", "id_invoice_detail", "id_client", "id_stuff") values (149, 5, TO_DATE('2017-4-13 6:30:12'), 15, 18, 3);
insert into INVOICE ("id_invoice", "id_paiment_type", "purchase_time", "id_invoice_detail", "id_client", "id_stuff") values (7, 5, TO_DATE('2017-6-8 9:20:16'), 135, 34, 17);
insert into INVOICE ("id_invoice", "id_paiment_type", "purchase_time", "id_invoice_detail", "id_client", "id_stuff") values (122, 5, TO_DATE('2017-4-30 7:23:0'), 982, 2, 17);
insert into INVOICE ("id_invoice", "id_paiment_type", "purchase_time", "id_invoice_detail", "id_client", "id_stuff") values (440, 2, TO_DATE('2018-2-13 22:33:34'), 135, 33, 42);
insert into INVOICE ("id_invoice", "id_paiment_type", "purchase_time", "id_invoice_detail", "id_client", "id_stuff") values (360, 1, TO_DATE('2017-8-28 13:48:29'), 718, 26, 22);
insert into INVOICE ("id_invoice", "id_paiment_type", "purchase_time", "id_invoice_detail", "id_client", "id_stuff") values (780, 7, TO_DATE('2017-9-8 14:24:20'), 203, 29, 24);
insert into INVOICE ("id_invoice", "id_paiment_type", "purchase_time", "id_invoice_detail", "id_client", "id_stuff") values (109, 9, TO_DATE('2017-10-12 16:9:31'), 135, 17, 40);
insert into INVOICE ("id_invoice", "id_paiment_type", "purchase_time", "id_invoice_detail", "id_client", "id_stuff") values (263, 2, TO_DATE('2017-6-21 10:2:1'), 718, 5, 2);
insert into INVOICE ("id_invoice", "id_paiment_type", "purchase_time", "id_invoice_detail", "id_client", "id_stuff") values (165, 3, TO_DATE('2017-1-14 1:42:44'), 982, 21, 17);
insert into INVOICE ("id_invoice", "id_paiment_type", "purchase_time", "id_invoice_detail", "id_client", "id_stuff") values (309, 7, TO_DATE('2017-1-19 2:5:10'), 15, 3, 1);
insert into INVOICE ("id_invoice", "id_paiment_type", "purchase_time", "id_invoice_detail", "id_client", "id_stuff") values (66, 8, TO_DATE('2017-10-13 16:12:38'), 424, 32, 40);
insert into INVOICE ("id_invoice", "id_paiment_type", "purchase_time", "id_invoice_detail", "id_client", "id_stuff") values (859, 9, TO_DATE('2017-1-5 1:14:17'), 544, 38, 49);
insert into INVOICE ("id_invoice", "id_paiment_type", "purchase_time", "id_invoice_detail", "id_client", "id_stuff") values (579, 3, TO_DATE('2017-5-1 7:26:45'), 437, 45, 22);
insert into INVOICE ("id_invoice", "id_paiment_type", "purchase_time", "id_invoice_detail", "id_client", "id_stuff") values (465, 8, TO_DATE('2017-8-5 12:25:22'), 424, 31, 31);
insert into INVOICE ("id_invoice", "id_paiment_type", "purchase_time", "id_invoice_detail", "id_client", "id_stuff") values (372, 1, TO_DATE('2017-10-1 15:31:46'), 437, 3, 6);
insert into INVOICE ("id_invoice", "id_paiment_type", "purchase_time", "id_invoice_detail", "id_client", "id_stuff") values (607, 7, TO_DATE('2017-2-28 4:12:17'), 982, 29, 34);
insert into INVOICE ("id_invoice", "id_paiment_type", "purchase_time", "id_invoice_detail", "id_client", "id_stuff") values (999, 3, TO_DATE('2017-9-14 14:46:3'), 437, 45, 49);
insert into INVOICE ("id_invoice", "id_paiment_type", "purchase_time", "id_invoice_detail", "id_client", "id_stuff") values (887, 3, TO_DATE('2017-1-9 1:29:11'), 135, 20, 5);
insert into INVOICE ("id_invoice", "id_paiment_type", "purchase_time", "id_invoice_detail", "id_client", "id_stuff") values (257, 3, TO_DATE('2017-6-17 9:48:35'), 982, 31, 31);
insert into INVOICE ("id_invoice", "id_paiment_type", "purchase_time", "id_invoice_detail", "id_client", "id_stuff") values (509, 9, TO_DATE('2017-7-22 11:37:37'), 982, 20, 26);
insert into INVOICE ("id_invoice", "id_paiment_type", "purchase_time", "id_invoice_detail", "id_client", "id_stuff") values (727, 1, TO_DATE('2017-8-14 12:57:45'), 544, 6, 4);
insert into INVOICE ("id_invoice", "id_paiment_type", "purchase_time", "id_invoice_detail", "id_client", "id_stuff") values (647, 4, TO_DATE('2017-2-16 3:30:53'), 203, 45, 41);
insert into INVOICE ("id_invoice", "id_paiment_type", "purchase_time", "id_invoice_detail", "id_client", "id_stuff") values (286, 1, TO_DATE('2017-12-12 19:27:46'), 424, 24, 32);
insert into INVOICE ("id_invoice", "id_paiment_type", "purchase_time", "id_invoice_detail", "id_client", "id_stuff") values (623, 2, TO_DATE('2017-2-24 3:54:8'), 15, 32, 19);
insert into INVOICE ("id_invoice", "id_paiment_type", "purchase_time", "id_invoice_detail", "id_client", "id_stuff") values (405, 2, TO_DATE('2017-3-29 5:44:36'), 544, 39, 31);
insert into INVOICE ("id_invoice", "id_paiment_type", "purchase_time", "id_invoice_detail", "id_client", "id_stuff") values (724, 1, TO_DATE('2017-9-25 15:19:22'), 982, 4, 19);
insert into INVOICE ("id_invoice", "id_paiment_type", "purchase_time", "id_invoice_detail", "id_client", "id_stuff") values (48, 5, TO_DATE('2017-2-27 4:5:3'), 982, 9, 14);
insert into INVOICE ("id_invoice", "id_paiment_type", "purchase_time", "id_invoice_detail", "id_client", "id_stuff") values (511, 9, TO_DATE('2017-6-15 9:45:4'), 135, 20, 42);
insert into INVOICE ("id_invoice", "id_paiment_type", "purchase_time", "id_invoice_detail", "id_client", "id_stuff") values (67, 3, TO_DATE('2018-1-18 21:14:4'), 15, 15, 45);
insert into INVOICE ("id_invoice", "id_paiment_type", "purchase_time", "id_invoice_detail", "id_client", "id_stuff") values (239, 3, TO_DATE('2017-2-8 3:6:52'), 437, 24, 28);
insert into INVOICE ("id_invoice", "id_paiment_type", "purchase_time", "id_invoice_detail", "id_client", "id_stuff") values (829, 1, TO_DATE('2017-2-28 4:13:54'), 424, 45, 29);
insert into INVOICE ("id_invoice", "id_paiment_type", "purchase_time", "id_invoice_detail", "id_client", "id_stuff") values (451, 5, TO_DATE('2017-9-20 15:2:3'), 544, 3, 39);
insert into INVOICE ("id_invoice", "id_paiment_type", "purchase_time", "id_invoice_detail", "id_client", "id_stuff") values (338, 4, TO_DATE('2017-8-7 12:32:45'), 203, 37, 11);
insert into INVOICE ("id_invoice", "id_paiment_type", "purchase_time", "id_invoice_detail", "id_client", "id_stuff") values (142, 8, TO_DATE('2017-8-30 13:53:19'), 437, 1, 17);
insert into INVOICE ("id_invoice", "id_paiment_type", "purchase_time", "id_invoice_detail", "id_client", "id_stuff") values (654, 9, TO_DATE('2017-3-15 4:54:18'), 15, 39, 18);
insert into INVOICE ("id_invoice", "id_paiment_type", "purchase_time", "id_invoice_detail", "id_client", "id_stuff") values (978, 2, TO_DATE('2017-12-19 19:50:47'), 15, 50, 50);
insert into INVOICE ("id_invoice", "id_paiment_type", "purchase_time", "id_invoice_detail", "id_client", "id_stuff") values (304, 9, TO_DATE('2017-12-1 18:46:50'), 718, 22, 24);
insert into INVOICE ("id_invoice", "id_paiment_type", "purchase_time", "id_invoice_detail", "id_client", "id_stuff") values (112, 5, TO_DATE('2017-7-11 11:5:52'), 982, 19, 45);
insert into INVOICE ("id_invoice", "id_paiment_type", "purchase_time", "id_invoice_detail", "id_client", "id_stuff") values (266, 2, TO_DATE('2017-9-15 14:46:43'), 424, 34, 14);
insert into INVOICE ("id_invoice", "id_paiment_type", "purchase_time", "id_invoice_detail", "id_client", "id_stuff") values (662, 2, TO_DATE('2018-2-11 22:25:23'), 544, 31, 18);
insert into INVOICE ("id_invoice", "id_paiment_type", "purchase_time", "id_invoice_detail", "id_client", "id_stuff") values (88, 8, TO_DATE('2017-2-14 3:23:34'), 718, 7, 48);
insert into INVOICE ("id_invoice", "id_paiment_type", "purchase_time", "id_invoice_detail", "id_client", "id_stuff") values (363, 5, TO_DATE('2017-6-11 9:29:5'), 15, 40, 27);
insert into INVOICE ("id_invoice", "id_paiment_type", "purchase_time", "id_invoice_detail", "id_client", "id_stuff") values (385, 8, TO_DATE('2017-9-21 15:7:52'), 203, 48, 26);
insert into INVOICE ("id_invoice", "id_paiment_type", "purchase_time", "id_invoice_detail", "id_client", "id_stuff") values (801, 5, TO_DATE('2017-6-20 9:58:48'), 135, 46, 42);
insert into INVOICE ("id_invoice", "id_paiment_type", "purchase_time", "id_invoice_detail", "id_client", "id_stuff") values (730, 9, TO_DATE('2017-5-8 7:44:53'), 718, 8, 45);
insert into INVOICE ("id_invoice", "id_paiment_type", "purchase_time", "id_invoice_detail", "id_client", "id_stuff") values (63, 5, TO_DATE('2017-3-2 4:16:21'), 544, 9, 7);
insert into INVOICE ("id_invoice", "id_paiment_type", "purchase_time", "id_invoice_detail", "id_client", "id_stuff") values (768, 3, TO_DATE('2017-2-26 4:3:50'), 718, 46, 41);
insert into INVOICE ("id_invoice", "id_paiment_type", "purchase_time", "id_invoice_detail", "id_client", "id_stuff") values (807, 4, TO_DATE('2017-9-11 14:35:24'), 203, 22, 22);
insert into INVOICE ("id_invoice", "id_paiment_type", "purchase_time", "id_invoice_detail", "id_client", "id_stuff") values (927, 7, TO_DATE('2017-1-1 1:4:20'), 544, 1, 11);
insert into INVOICE ("id_invoice", "id_paiment_type", "purchase_time", "id_invoice_detail", "id_client", "id_stuff") values (596, 9, TO_DATE('2017-8-25 13:38:44'), 544, 30, 21);
insert into INVOICE ("id_invoice", "id_paiment_type", "purchase_time", "id_invoice_detail", "id_client", "id_stuff") values (341, 1, TO_DATE('2017-3-10 4:41:36'), 718, 9, 50);
insert into INVOICE ("id_invoice", "id_paiment_type", "purchase_time", "id_invoice_detail", "id_client", "id_stuff") values (539, 4, TO_DATE('2018-3-5 23:38:11'), 718, 5, 27);
insert into INVOICE ("id_invoice", "id_paiment_type", "purchase_time", "id_invoice_detail", "id_client", "id_stuff") values (491, 7, TO_DATE('2017-11-13 17:50:58'), 424, 8, 7);
insert into INVOICE ("id_invoice", "id_paiment_type", "purchase_time", "id_invoice_detail", "id_client", "id_stuff") values (60, 1, TO_DATE('2018-2-9 22:18:44'), 135, 24, 36);
insert into INVOICE ("id_invoice", "id_paiment_type", "purchase_time", "id_invoice_detail", "id_client", "id_stuff") values (936, 4, TO_DATE('2018-1-17 21:10:47'), 544, 48, 31);
insert into INVOICE ("id_invoice", "id_paiment_type", "purchase_time", "id_invoice_detail", "id_client", "id_stuff") values (824, 9, TO_DATE('2017-3-23 5:20:27'), 424, 18, 13);
insert into INVOICE ("id_invoice", "id_paiment_type", "purchase_time", "id_invoice_detail", "id_client", "id_stuff") values (984, 3, TO_DATE('2018-1-25 21:37:11'), 718, 48, 33);
insert into INVOICE ("id_invoice", "id_paiment_type", "purchase_time", "id_invoice_detail", "id_client", "id_stuff") values (296, 5, TO_DATE('2018-2-19 22:52:12'), 718, 26, 26);
insert into INVOICE ("id_invoice", "id_paiment_type", "purchase_time", "id_invoice_detail", "id_client", "id_stuff") values (548, 8, TO_DATE('2017-7-25 11:47:34'), 424, 47, 1);
insert into INVOICE ("id_invoice", "id_paiment_type", "purchase_time", "id_invoice_detail", "id_client", "id_stuff") values (285, 8, TO_DATE('2017-11-8 17:35:25'), 982, 9, 30);
insert into INVOICE ("id_invoice", "id_paiment_type", "purchase_time", "id_invoice_detail", "id_client", "id_stuff") values (721, 3, TO_DATE('2017-9-23 15:13:7'), 437, 32, 17);
insert into INVOICE ("id_invoice", "id_paiment_type", "purchase_time", "id_invoice_detail", "id_client", "id_stuff") values (574, 9, TO_DATE('2018-1-26 21:43:0'), 544, 36, 28);
insert into INVOICE ("id_invoice", "id_paiment_type", "purchase_time", "id_invoice_detail", "id_client", "id_stuff") values (611, 8, TO_DATE('2017-11-5 17:27:35'), 135, 1, 30);
insert into INVOICE ("id_invoice", "id_paiment_type", "purchase_time", "id_invoice_detail", "id_client", "id_stuff") values (154, 2, TO_DATE('2017-6-9 9:22:5'), 203, 46, 28);
insert into INVOICE ("id_invoice", "id_paiment_type", "purchase_time", "id_invoice_detail", "id_client", "id_stuff") values (740, 2, TO_DATE('2017-10-2 15:39:15'), 15, 40, 28);
insert into INVOICE ("id_invoice", "id_paiment_type", "purchase_time", "id_invoice_detail", "id_client", "id_stuff") values (528, 2, TO_DATE('2018-1-14 21:4:36'), 718, 30, 21);
insert into INVOICE ("id_invoice", "id_paiment_type", "purchase_time", "id_invoice_detail", "id_client", "id_stuff") values (492, 3, TO_DATE('2018-1-31 21:58:1'), 15, 11, 6);
insert into INVOICE ("id_invoice", "id_paiment_type", "purchase_time", "id_invoice_detail", "id_client", "id_stuff") values (126, 1, TO_DATE('2017-5-7 7:42:35'), 437, 30, 1);
insert into INVOICE ("id_invoice", "id_paiment_type", "purchase_time", "id_invoice_detail", "id_client", "id_stuff") values (879, 4, TO_DATE('2018-1-28 21:48:26'), 15, 29, 30);
insert into INVOICE ("id_invoice", "id_paiment_type", "purchase_time", "id_invoice_detail", "id_client", "id_stuff") values (982, 9, TO_DATE('2018-1-21 21:24:43'), 15, 48, 4);
insert into INVOICE ("id_invoice", "id_paiment_type", "purchase_time", "id_invoice_detail", "id_client", "id_stuff") values (124, 5, TO_DATE('2017-5-26 8:41:43'), 135, 1, 14);
insert into INVOICE ("id_invoice", "id_paiment_type", "purchase_time", "id_invoice_detail", "id_client", "id_stuff") values (153, 7, TO_DATE('2017-9-7 14:22:38'), 424, 2, 8);
insert into INVOICE ("id_invoice", "id_paiment_type", "purchase_time", "id_invoice_detail", "id_client", "id_stuff") values (27, 5, TO_DATE('2017-7-29 11:58:49'), 424, 25, 14);
insert into INVOICE ("id_invoice", "id_paiment_type", "purchase_time", "id_invoice_detail", "id_client", "id_stuff") values (720, 7, TO_DATE('2017-9-10 14:32:1'), 15, 5, 36);
insert into INVOICE ("id_invoice", "id_paiment_type", "purchase_time", "id_invoice_detail", "id_client", "id_stuff") values (287, 7, TO_DATE('2017-4-5 6:4:4'), 718, 5, 33);
insert into INVOICE ("id_invoice", "id_paiment_type", "purchase_time", "id_invoice_detail", "id_client", "id_stuff") values (971, 7, TO_DATE('2018-2-14 22:34:35'), 203, 49, 19);
insert into INVOICE ("id_invoice", "id_paiment_type", "purchase_time", "id_invoice_detail", "id_client", "id_stuff") values (39, 8, TO_DATE('2017-12-6 19:5:52'), 424, 7, 16);
insert into INVOICE ("id_invoice", "id_paiment_type", "purchase_time", "id_invoice_detail", "id_client", "id_stuff") values (468, 7, TO_DATE('2017-4-22 6:55:33'), 544, 43, 43);
insert into INVOICE ("id_invoice", "id_paiment_type", "purchase_time", "id_invoice_detail", "id_client", "id_stuff") values (826, 9, TO_DATE('2017-6-19 9:55:16'), 982, 32, 45);
insert into INVOICE ("id_invoice", "id_paiment_type", "purchase_time", "id_invoice_detail", "id_client", "id_stuff") values (555, 2, TO_DATE('2018-2-15 22:37:37'), 718, 16, 12);
insert into INVOICE ("id_invoice", "id_paiment_type", "purchase_time", "id_invoice_detail", "id_client", "id_stuff") values (550, 7, TO_DATE('2017-7-13 11:14:6'), 982, 17, 20);
insert into INVOICE ("id_invoice", "id_paiment_type", "purchase_time", "id_invoice_detail", "id_client", "id_stuff") values (203, 8, TO_DATE('2018-2-24 23:6:40'), 437, 3, 39);
insert into INVOICE ("id_invoice", "id_paiment_type", "purchase_time", "id_invoice_detail", "id_client", "id_stuff") values (94, 4, TO_DATE('2017-11-2 17:18:42'), 982, 50, 49);
insert into INVOICE ("id_invoice", "id_paiment_type", "purchase_time", "id_invoice_detail", "id_client", "id_stuff") values (82, 8, TO_DATE('2018-1-19 21:18:1'), 982, 27, 13);
insert into INVOICE ("id_invoice", "id_paiment_type", "purchase_time", "id_invoice_detail", "id_client", "id_stuff") values (245, 9, TO_DATE('2018-2-19 22:49:48'), 718, 43, 39);
insert into INVOICE ("id_invoice", "id_paiment_type", "purchase_time", "id_invoice_detail", "id_client", "id_stuff") values (397, 7, TO_DATE('2017-4-21 6:54:42'), 437, 42, 4);
insert into INVOICE ("id_invoice", "id_paiment_type", "purchase_time", "id_invoice_detail", "id_client", "id_stuff") values (398, 7, TO_DATE('2017-9-28 15:24:53'), 544, 47, 40);
insert into INVOICE ("id_invoice", "id_paiment_type", "purchase_time", "id_invoice_detail", "id_client", "id_stuff") values (168, 3, TO_DATE('2017-10-28 17:0:8'), 982, 34, 18);
insert into INVOICE ("id_invoice", "id_paiment_type", "purchase_time", "id_invoice_detail", "id_client", "id_stuff") values (507, 5, TO_DATE('2017-10-30 17:8:56'), 544, 20, 27);
insert into INVOICE ("id_invoice", "id_paiment_type", "purchase_time", "id_invoice_detail", "id_client", "id_stuff") values (268, 8, TO_DATE('2017-10-27 16:57:31'), 424, 9, 26);
insert into INVOICE ("id_invoice", "id_paiment_type", "purchase_time", "id_invoice_detail", "id_client", "id_stuff") values (894, 2, TO_DATE('2017-4-24 7:2:14'), 982, 14, 49);
insert into INVOICE ("id_invoice", "id_paiment_type", "purchase_time", "id_invoice_detail", "id_client", "id_stuff") values (251, 3, TO_DATE('2017-10-8 15:59:7'), 135, 24, 7);
insert into INVOICE ("id_invoice", "id_paiment_type", "purchase_time", "id_invoice_detail", "id_client", "id_stuff") values (144, 5, TO_DATE('2017-5-13 8:3:41'), 718, 31, 49);
insert into INVOICE ("id_invoice", "id_paiment_type", "purchase_time", "id_invoice_detail", "id_client", "id_stuff") values (707, 2, TO_DATE('2017-10-31 17:13:23'), 718, 9, 2);
insert into INVOICE ("id_invoice", "id_paiment_type", "purchase_time", "id_invoice_detail", "id_client", "id_stuff") values (169, 9, TO_DATE('2017-3-31 5:50:42'), 982, 29, 29);
insert into INVOICE ("id_invoice", "id_paiment_type", "purchase_time", "id_invoice_detail", "id_client", "id_stuff") values (909, 4, TO_DATE('2018-2-4 22:6:44'), 424, 40, 49);
insert into INVOICE ("id_invoice", "id_paiment_type", "purchase_time", "id_invoice_detail", "id_client", "id_stuff") values (719, 9, TO_DATE('2017-7-6 10:47:36'), 982, 11, 32);
insert into INVOICE ("id_invoice", "id_paiment_type", "purchase_time", "id_invoice_detail", "id_client", "id_stuff") values (57, 5, TO_DATE('2017-5-28 8:46:18'), 982, 39, 11);
insert into INVOICE ("id_invoice", "id_paiment_type", "purchase_time", "id_invoice_detail", "id_client", "id_stuff") values (192, 4, TO_DATE('2017-5-14 8:5:42'), 424, 21, 3);
insert into INVOICE ("id_invoice", "id_paiment_type", "purchase_time", "id_invoice_detail", "id_client", "id_stuff") values (515, 1, TO_DATE('2018-1-3 20:36:20'), 437, 23, 37);
insert into INVOICE ("id_invoice", "id_paiment_type", "purchase_time", "id_invoice_detail", "id_client", "id_stuff") values (631, 7, TO_DATE('2017-7-8 10:55:36'), 718, 35, 32);
insert into INVOICE ("id_invoice", "id_paiment_type", "purchase_time", "id_invoice_detail", "id_client", "id_stuff") values (415, 2, TO_DATE('2017-12-27 20:11:44'), 718, 19, 4);
insert into INVOICE ("id_invoice", "id_paiment_type", "purchase_time", "id_invoice_detail", "id_client", "id_stuff") values (248, 7, TO_DATE('2017-1-20 2:10:2'), 424, 18, 11);
insert into INVOICE ("id_invoice", "id_paiment_type", "purchase_time", "id_invoice_detail", "id_client", "id_stuff") values (467, 3, TO_DATE('2017-2-7 3:6:6'), 15, 23, 18);
insert into INVOICE ("id_invoice", "id_paiment_type", "purchase_time", "id_invoice_detail", "id_client", "id_stuff") values (818, 2, TO_DATE('2017-5-8 7:46:36'), 437, 28, 47);
insert into INVOICE ("id_invoice", "id_paiment_type", "purchase_time", "id_invoice_detail", "id_client", "id_stuff") values (311, 7, TO_DATE('2017-11-28 18:35:50'), 424, 9, 34);
insert into INVOICE ("id_invoice", "id_paiment_type", "purchase_time", "id_invoice_detail", "id_client", "id_stuff") values (788, 2, TO_DATE('2017-4-8 6:14:58'), 544, 21, 8);
insert into INVOICE ("id_invoice", "id_paiment_type", "purchase_time", "id_invoice_detail", "id_client", "id_stuff") values (55, 5, TO_DATE('2018-2-10 22:23:15'), 718, 45, 26);
insert into INVOICE ("id_invoice", "id_paiment_type", "purchase_time", "id_invoice_detail", "id_client", "id_stuff") values (163, 9, TO_DATE('2017-4-20 6:52:19'), 15, 46, 12);
insert into INVOICE ("id_invoice", "id_paiment_type", "purchase_time", "id_invoice_detail", "id_client", "id_stuff") values (249, 8, TO_DATE('2017-2-21 3:46:18'), 15, 2, 26);
insert into INVOICE ("id_invoice", "id_paiment_type", "purchase_time", "id_invoice_detail", "id_client", "id_stuff") values (426, 9, TO_DATE('2017-7-26 11:48:43'), 718, 24, 14);
insert into INVOICE ("id_invoice", "id_paiment_type", "purchase_time", "id_invoice_detail", "id_client", "id_stuff") values (393, 7, TO_DATE('2017-12-26 20:8:50'), 135, 34, 44);
insert into INVOICE ("id_invoice", "id_paiment_type", "purchase_time", "id_invoice_detail", "id_client", "id_stuff") values (180, 5, TO_DATE('2017-12-18 19:45:46'), 424, 26, 30);
insert into INVOICE ("id_invoice", "id_paiment_type", "purchase_time", "id_invoice_detail", "id_client", "id_stuff") values (347, 2, TO_DATE('2017-5-18 8:22:13'), 135, 20, 5);
insert into INVOICE ("id_invoice", "id_paiment_type", "purchase_time", "id_invoice_detail", "id_client", "id_stuff") values (457, 7, TO_DATE('2017-9-11 14:32:44'), 982, 18, 31);
insert into INVOICE ("id_invoice", "id_paiment_type", "purchase_time", "id_invoice_detail", "id_client", "id_stuff") values (3, 9, TO_DATE('2017-1-28 2:33:54'), 424, 21, 28);
insert into INVOICE ("id_invoice", "id_paiment_type", "purchase_time", "id_invoice_detail", "id_client", "id_stuff") values (320, 1, TO_DATE('2017-10-12 16:10:27'), 718, 2, 50);
insert into INVOICE ("id_invoice", "id_paiment_type", "purchase_time", "id_invoice_detail", "id_client", "id_stuff") values (166, 8, TO_DATE('2017-8-24 13:34:42'), 437, 33, 50);
insert into INVOICE ("id_invoice", "id_paiment_type", "purchase_time", "id_invoice_detail", "id_client", "id_stuff") values (705, 7, TO_DATE('2017-11-10 17:41:39'), 437, 9, 18);
insert into INVOICE ("id_invoice", "id_paiment_type", "purchase_time", "id_invoice_detail", "id_client", "id_stuff") values (866, 2, TO_DATE('2017-8-27 13:47:4'), 544, 16, 13);
insert into INVOICE ("id_invoice", "id_paiment_type", "purchase_time", "id_invoice_detail", "id_client", "id_stuff") values (832, 8, TO_DATE('2017-3-24 5:23:2'), 544, 44, 5);
insert into INVOICE ("id_invoice", "id_paiment_type", "purchase_time", "id_invoice_detail", "id_client", "id_stuff") values (503, 9, TO_DATE('2018-1-11 20:55:50'), 982, 20, 33);
insert into INVOICE ("id_invoice", "id_paiment_type", "purchase_time", "id_invoice_detail", "id_client", "id_stuff") values (420, 5, TO_DATE('2018-2-3 22:5:5'), 718, 42, 2);
insert into INVOICE ("id_invoice", "id_paiment_type", "purchase_time", "id_invoice_detail", "id_client", "id_stuff") values (454, 2, TO_DATE('2017-10-10 16:1:27'), 135, 30, 7);
insert into INVOICE ("id_invoice", "id_paiment_type", "purchase_time", "id_invoice_detail", "id_client", "id_stuff") values (842, 1, TO_DATE('2017-11-17 18:1:29'), 203, 12, 24);
insert into INVOICE ("id_invoice", "id_paiment_type", "purchase_time", "id_invoice_detail", "id_client", "id_stuff") values (795, 9, TO_DATE('2017-6-7 9:17:43'), 544, 37, 27);
insert into INVOICE ("id_invoice", "id_paiment_type", "purchase_time", "id_invoice_detail", "id_client", "id_stuff") values (925, 8, TO_DATE('2017-12-4 19:1:30'), 15, 47, 23);
insert into INVOICE ("id_invoice", "id_paiment_type", "purchase_time", "id_invoice_detail", "id_client", "id_stuff") values (513, 9, TO_DATE('2017-7-9 10:59:56'), 718, 42, 47);
insert into INVOICE ("id_invoice", "id_paiment_type", "purchase_time", "id_invoice_detail", "id_client", "id_stuff") values (790, 3, TO_DATE('2017-8-23 13:31:57'), 982, 5, 14);
insert into INVOICE ("id_invoice", "id_paiment_type", "purchase_time", "id_invoice_detail", "id_client", "id_stuff") values (241, 4, TO_DATE('2018-2-24 23:4:53'), 544, 35, 33);
insert into INVOICE ("id_invoice", "id_paiment_type", "purchase_time", "id_invoice_detail", "id_client", "id_stuff") values (752, 8, TO_DATE('2017-11-14 17:53:16'), 437, 8, 45);
insert into INVOICE ("id_invoice", "id_paiment_type", "purchase_time", "id_invoice_detail", "id_client", "id_stuff") values (197, 5, TO_DATE('2017-8-5 12:27:26'), 203, 4, 43);
insert into INVOICE ("id_invoice", "id_paiment_type", "purchase_time", "id_invoice_detail", "id_client", "id_stuff") values (37, 8, TO_DATE('2017-7-1 10:28:30'), 982, 9, 18);
insert into INVOICE ("id_invoice", "id_paiment_type", "purchase_time", "id_invoice_detail", "id_client", "id_stuff") values (303, 9, TO_DATE('2017-9-8 14:26:4'), 135, 32, 5);
insert into INVOICE ("id_invoice", "id_paiment_type", "purchase_time", "id_invoice_detail", "id_client", "id_stuff") values (110, 5, TO_DATE('2017-3-13 4:50:28'), 544, 39, 44);
insert into INVOICE ("id_invoice", "id_paiment_type", "purchase_time", "id_invoice_detail", "id_client", "id_stuff") values (75, 2, TO_DATE('2017-9-8 14:27:23'), 15, 45, 43);
insert into INVOICE ("id_invoice", "id_paiment_type", "purchase_time", "id_invoice_detail", "id_client", "id_stuff") values (375, 8, TO_DATE('2017-10-14 16:15:2'), 135, 29, 4);
insert into INVOICE ("id_invoice", "id_paiment_type", "purchase_time", "id_invoice_detail", "id_client", "id_stuff") values (804, 9, TO_DATE('2017-2-2 2:45:46'), 544, 50, 30);
insert into INVOICE ("id_invoice", "id_paiment_type", "purchase_time", "id_invoice_detail", "id_client", "id_stuff") values (869, 2, TO_DATE('2017-6-13 9:35:51'), 203, 30, 31);
insert into INVOICE ("id_invoice", "id_paiment_type", "purchase_time", "id_invoice_detail", "id_client", "id_stuff") values (640, 1, TO_DATE('2017-8-18 13:12:40'), 203, 38, 16);
insert into INVOICE ("id_invoice", "id_paiment_type", "purchase_time", "id_invoice_detail", "id_client", "id_stuff") values (317, 8, TO_DATE('2017-11-10 17:42:41'), 135, 15, 40);
insert into INVOICE ("id_invoice", "id_paiment_type", "purchase_time", "id_invoice_detail", "id_client", "id_stuff") values (913, 4, TO_DATE('2017-7-30 12:2:49'), 424, 18, 2);
insert into INVOICE ("id_invoice", "id_paiment_type", "purchase_time", "id_invoice_detail", "id_client", "id_stuff") values (17, 7, TO_DATE('2017-3-8 4:36:0'), 718, 34, 10);
insert into INVOICE ("id_invoice", "id_paiment_type", "purchase_time", "id_invoice_detail", "id_client", "id_stuff") values (201, 4, TO_DATE('2017-8-22 13:27:13'), 15, 32, 34);
insert into INVOICE ("id_invoice", "id_paiment_type", "purchase_time", "id_invoice_detail", "id_client", "id_stuff") values (661, 2, TO_DATE('2018-3-3 23:29:57'), 424, 35, 2);
insert into INVOICE ("id_invoice", "id_paiment_type", "purchase_time", "id_invoice_detail", "id_client", "id_stuff") values (938, 1, TO_DATE('2017-11-10 17:39:54'), 15, 40, 27);
insert into INVOICE ("id_invoice", "id_paiment_type", "purchase_time", "id_invoice_detail", "id_client", "id_stuff") values (473, 1, TO_DATE('2018-1-26 21:41:15'), 135, 35, 32);
insert into INVOICE ("id_invoice", "id_paiment_type", "purchase_time", "id_invoice_detail", "id_client", "id_stuff") values (282, 1, TO_DATE('2017-2-4 2:52:48'), 718, 29, 22);
insert into INVOICE ("id_invoice", "id_paiment_type", "purchase_time", "id_invoice_detail", "id_client", "id_stuff") values (176, 3, TO_DATE('2017-4-17 6:39:51'), 718, 12, 7);
insert into INVOICE ("id_invoice", "id_paiment_type", "purchase_time", "id_invoice_detail", "id_client", "id_stuff") values (343, 4, TO_DATE('2017-7-6 10:51:15'), 135, 27, 19);
insert into INVOICE ("id_invoice", "id_paiment_type", "purchase_time", "id_invoice_detail", "id_client", "id_stuff") values (300, 7, TO_DATE('2017-1-24 2:22:22'), 718, 40, 16);
insert into INVOICE ("id_invoice", "id_paiment_type", "purchase_time", "id_invoice_detail", "id_client", "id_stuff") values (184, 2, TO_DATE('2017-4-16 6:37:45'), 982, 48, 43);
insert into INVOICE ("id_invoice", "id_paiment_type", "purchase_time", "id_invoice_detail", "id_client", "id_stuff") values (371, 5, TO_DATE('2017-10-21 16:39:12'), 544, 8, 14);
insert into INVOICE ("id_invoice", "id_paiment_type", "purchase_time", "id_invoice_detail", "id_client", "id_stuff") values (81, 3, TO_DATE('2017-2-17 3:34:12'), 15, 37, 22);
insert into INVOICE ("id_invoice", "id_paiment_type", "purchase_time", "id_invoice_detail", "id_client", "id_stuff") values (762, 1, TO_DATE('2017-5-13 8:1:56'), 15, 41, 28);
insert into INVOICE ("id_invoice", "id_paiment_type", "purchase_time", "id_invoice_detail", "id_client", "id_stuff") values (334, 1, TO_DATE('2017-8-31 13:58:0'), 424, 12, 33);
insert into INVOICE ("id_invoice", "id_paiment_type", "purchase_time", "id_invoice_detail", "id_client", "id_stuff") values (991, 3, TO_DATE('2017-11-19 18:5:42'), 544, 14, 26);
insert into INVOICE ("id_invoice", "id_paiment_type", "purchase_time", "id_invoice_detail", "id_client", "id_stuff") values (542, 8, TO_DATE('2017-1-26 2:25:55'), 15, 43, 20);
insert into INVOICE ("id_invoice", "id_paiment_type", "purchase_time", "id_invoice_detail", "id_client", "id_stuff") values (742, 8, TO_DATE('2017-6-21 10:0:37'), 544, 27, 20);
insert into INVOICE ("id_invoice", "id_paiment_type", "purchase_time", "id_invoice_detail", "id_client", "id_stuff") values (115, 1, TO_DATE('2017-8-20 13:17:55'), 424, 28, 27);
insert into INVOICE ("id_invoice", "id_paiment_type", "purchase_time", "id_invoice_detail", "id_client", "id_stuff") values (85, 1, TO_DATE('2017-10-9 16:0:3'), 437, 48, 3);
insert into INVOICE ("id_invoice", "id_paiment_type", "purchase_time", "id_invoice_detail", "id_client", "id_stuff") values (902, 1, TO_DATE('2017-7-11 11:6:56'), 718, 40, 35);
insert into INVOICE ("id_invoice", "id_paiment_type", "purchase_time", "id_invoice_detail", "id_client", "id_stuff") values (855, 9, TO_DATE('2017-8-1 12:11:55'), 15, 9, 13);
insert into INVOICE ("id_invoice", "id_paiment_type", "purchase_time", "id_invoice_detail", "id_client", "id_stuff") values (479, 9, TO_DATE('2017-2-9 3:12:45'), 203, 16, 41);
insert into INVOICE ("id_invoice", "id_paiment_type", "purchase_time", "id_invoice_detail", "id_client", "id_stuff") values (147, 8, TO_DATE('2017-5-11 7:57:28'), 424, 6, 25);
insert into INVOICE ("id_invoice", "id_paiment_type", "purchase_time", "id_invoice_detail", "id_client", "id_stuff") values (214, 8, TO_DATE('2017-5-14 8:7:31'), 424, 44, 31);
insert into INVOICE ("id_invoice", "id_paiment_type", "purchase_time", "id_invoice_detail", "id_client", "id_stuff") values (766, 7, TO_DATE('2017-11-4 17:24:56'), 424, 15, 25);
insert into INVOICE ("id_invoice", "id_paiment_type", "purchase_time", "id_invoice_detail", "id_client", "id_stuff") values (960, 4, TO_DATE('2018-3-5 23:39:4'), 544, 20, 11);
insert into INVOICE ("id_invoice", "id_paiment_type", "purchase_time", "id_invoice_detail", "id_client", "id_stuff") values (262, 1, TO_DATE('2018-1-31 21:56:18'), 15, 44, 39);
insert into INVOICE ("id_invoice", "id_paiment_type", "purchase_time", "id_invoice_detail", "id_client", "id_stuff") values (367, 8, TO_DATE('2018-2-6 22:13:50'), 203, 34, 27);
insert into INVOICE ("id_invoice", "id_paiment_type", "purchase_time", "id_invoice_detail", "id_client", "id_stuff") values (427, 1, TO_DATE('2017-11-16 17:59:59'), 544, 7, 21);
insert into INVOICE ("id_invoice", "id_paiment_type", "purchase_time", "id_invoice_detail", "id_client", "id_stuff") values (486, 8, TO_DATE('2017-3-19 5:8:28'), 135, 41, 16);
insert into INVOICE ("id_invoice", "id_paiment_type", "purchase_time", "id_invoice_detail", "id_client", "id_stuff") values (755, 8, TO_DATE('2018-1-13 21:1:48'), 424, 11, 8);
insert into INVOICE ("id_invoice", "id_paiment_type", "purchase_time", "id_invoice_detail", "id_client", "id_stuff") values (676, 4, TO_DATE('2017-11-23 18:20:23'), 203, 36, 19);
insert into INVOICE ("id_invoice", "id_paiment_type", "purchase_time", "id_invoice_detail", "id_client", "id_stuff") values (254, 2, TO_DATE('2017-2-23 3:51:19'), 15, 39, 14);
insert into INVOICE ("id_invoice", "id_paiment_type", "purchase_time", "id_invoice_detail", "id_client", "id_stuff") values (560, 2, TO_DATE('2017-11-14 17:54:53'), 982, 44, 46);
insert into INVOICE ("id_invoice", "id_paiment_type", "purchase_time", "id_invoice_detail", "id_client", "id_stuff") values (874, 4, TO_DATE('2017-2-19 3:38:44'), 437, 10, 39);
insert into INVOICE ("id_invoice", "id_paiment_type", "purchase_time", "id_invoice_detail", "id_client", "id_stuff") values (850, 9, TO_DATE('2017-1-30 2:37:54'), 203, 37, 14);
insert into INVOICE ("id_invoice", "id_paiment_type", "purchase_time", "id_invoice_detail", "id_client", "id_stuff") values (78, 2, TO_DATE('2017-1-10 1:32:19'), 544, 47, 6);
insert into INVOICE ("id_invoice", "id_paiment_type", "purchase_time", "id_invoice_detail", "id_client", "id_stuff") values (472, 4, TO_DATE('2018-2-28 23:22:8'), 203, 29, 31);
insert into INVOICE ("id_invoice", "id_paiment_type", "purchase_time", "id_invoice_detail", "id_client", "id_stuff") values (101, 3, TO_DATE('2017-9-22 15:11:44'), 203, 20, 48);
insert into INVOICE ("id_invoice", "id_paiment_type", "purchase_time", "id_invoice_detail", "id_client", "id_stuff") values (206, 2, TO_DATE('2018-2-22 23:1:19'), 424, 25, 22);
insert into INVOICE ("id_invoice", "id_paiment_type", "purchase_time", "id_invoice_detail", "id_client", "id_stuff") values (410, 2, TO_DATE('2017-10-11 16:7:46'), 424, 19, 20);
insert into INVOICE ("id_invoice", "id_paiment_type", "purchase_time", "id_invoice_detail", "id_client", "id_stuff") values (735, 2, TO_DATE('2017-2-5 2:56:51'), 203, 4, 33);
insert into INVOICE ("id_invoice", "id_paiment_type", "purchase_time", "id_invoice_detail", "id_client", "id_stuff") values (881, 3, TO_DATE('2017-12-1 18:48:46'), 15, 32, 35);
insert into INVOICE ("id_invoice", "id_paiment_type", "purchase_time", "id_invoice_detail", "id_client", "id_stuff") values (348, 2, TO_DATE('2017-11-29 18:39:1'), 718, 21, 10);
insert into INVOICE ("id_invoice", "id_paiment_type", "purchase_time", "id_invoice_detail", "id_client", "id_stuff") values (146, 2, TO_DATE('2017-3-21 5:16:17'), 15, 35, 12);
insert into INVOICE ("id_invoice", "id_paiment_type", "purchase_time", "id_invoice_detail", "id_client", "id_stuff") values (22, 9, TO_DATE('2017-7-18 11:27:49'), 982, 46, 23);
insert into INVOICE ("id_invoice", "id_paiment_type", "purchase_time", "id_invoice_detail", "id_client", "id_stuff") values (929, 1, TO_DATE('2018-1-10 20:51:18'), 203, 43, 3);
insert into INVOICE ("id_invoice", "id_paiment_type", "purchase_time", "id_invoice_detail", "id_client", "id_stuff") values (875, 4, TO_DATE('2017-11-15 17:56:24'), 424, 33, 42);
insert into INVOICE ("id_invoice", "id_paiment_type", "purchase_time", "id_invoice_detail", "id_client", "id_stuff") values (675, 5, TO_DATE('2017-7-19 11:30:0'), 135, 1, 10);
insert into INVOICE ("id_invoice", "id_paiment_type", "purchase_time", "id_invoice_detail", "id_client", "id_stuff") values (743, 3, TO_DATE('2018-1-26 21:39:4'), 15, 49, 27);
insert into INVOICE ("id_invoice", "id_paiment_type", "purchase_time", "id_invoice_detail", "id_client", "id_stuff") values (412, 1, TO_DATE('2017-4-29 7:20:18'), 15, 34, 44);
insert into INVOICE ("id_invoice", "id_paiment_type", "purchase_time", "id_invoice_detail", "id_client", "id_stuff") values (538, 1, TO_DATE('2017-4-14 6:32:19'), 982, 4, 33);
insert into INVOICE ("id_invoice", "id_paiment_type", "purchase_time", "id_invoice_detail", "id_client", "id_stuff") values (612, 5, TO_DATE('2017-2-6 2:59:43'), 203, 17, 16);
insert into INVOICE ("id_invoice", "id_paiment_type", "purchase_time", "id_invoice_detail", "id_client", "id_stuff") values (222, 8, TO_DATE('2017-12-2 18:53:12'), 203, 46, 23);
insert into INVOICE ("id_invoice", "id_paiment_type", "purchase_time", "id_invoice_detail", "id_client", "id_stuff") values (718, 3, TO_DATE('2018-1-10 20:52:29'), 135, 19, 21);
insert into INVOICE ("id_invoice", "id_paiment_type", "purchase_time", "id_invoice_detail", "id_client", "id_stuff") values (520, 9, TO_DATE('2017-9-18 14:56:21'), 15, 23, 31);
insert into INVOICE ("id_invoice", "id_paiment_type", "purchase_time", "id_invoice_detail", "id_client", "id_stuff") values (350, 5, TO_DATE('2017-9-9 14:29:51'), 424, 10, 8);
insert into INVOICE ("id_invoice", "id_paiment_type", "purchase_time", "id_invoice_detail", "id_client", "id_stuff") values (691, 9, TO_DATE('2017-6-2 9:2:12'), 718, 29, 9);
insert into INVOICE ("id_invoice", "id_paiment_type", "purchase_time", "id_invoice_detail", "id_client", "id_stuff") values (288, 1, TO_DATE('2018-1-9 20:48:50'), 424, 23, 35);
insert into INVOICE ("id_invoice", "id_paiment_type", "purchase_time", "id_invoice_detail", "id_client", "id_stuff") values (980, 1, TO_DATE('2018-2-10 22:24:13'), 15, 30, 37);
insert into INVOICE ("id_invoice", "id_paiment_type", "purchase_time", "id_invoice_detail", "id_client", "id_stuff") values (496, 9, TO_DATE('2018-2-5 22:10:53'), 544, 30, 10);
insert into INVOICE ("id_invoice", "id_paiment_type", "purchase_time", "id_invoice_detail", "id_client", "id_stuff") values (672, 8, TO_DATE('2017-9-20 15:4:40'), 424, 9, 21);
insert into INVOICE ("id_invoice", "id_paiment_type", "purchase_time", "id_invoice_detail", "id_client", "id_stuff") values (92, 1, TO_DATE('2017-12-16 19:41:5'), 437, 34, 24);
insert into INVOICE ("id_invoice", "id_paiment_type", "purchase_time", "id_invoice_detail", "id_client", "id_stuff") values (423, 4, TO_DATE('2017-9-11 14:33:56'), 15, 39, 37);
insert into INVOICE ("id_invoice", "id_paiment_type", "purchase_time", "id_invoice_detail", "id_client", "id_stuff") values (116, 1, TO_DATE('2017-12-7 19:9:38'), 203, 31, 14);
insert into INVOICE ("id_invoice", "id_paiment_type", "purchase_time", "id_invoice_detail", "id_client", "id_stuff") values (711, 9, TO_DATE('2017-3-29 5:41:20'), 437, 45, 36);
insert into INVOICE ("id_invoice", "id_paiment_type", "purchase_time", "id_invoice_detail", "id_client", "id_stuff") values (805, 8, TO_DATE('2017-12-4 18:58:20'), 718, 36, 38);
insert into INVOICE ("id_invoice", "id_paiment_type", "purchase_time", "id_invoice_detail", "id_client", "id_stuff") values (636, 4, TO_DATE('2017-4-2 5:57:8'), 437, 8, 19);
insert into INVOICE ("id_invoice", "id_paiment_type", "purchase_time", "id_invoice_detail", "id_client", "id_stuff") values (1, 2, TO_DATE('2017-5-26 8:40:36'), 15, 32, 7);
insert into INVOICE ("id_invoice", "id_paiment_type", "purchase_time", "id_invoice_detail", "id_client", "id_stuff") values (425, 7, TO_DATE('2017-7-12 11:9:41'), 718, 14, 24);
insert into INVOICE ("id_invoice", "id_paiment_type", "purchase_time", "id_invoice_detail", "id_client", "id_stuff") values (535, 9, TO_DATE('2017-12-28 20:14:13'), 424, 15, 33);
insert into INVOICE ("id_invoice", "id_paiment_type", "purchase_time", "id_invoice_detail", "id_client", "id_stuff") values (453, 4, TO_DATE('2017-5-23 8:33:57'), 718, 20, 40);
insert into INVOICE ("id_invoice", "id_paiment_type", "purchase_time", "id_invoice_detail", "id_client", "id_stuff") values (578, 3, TO_DATE('2017-3-29 5:42:36'), 718, 2, 18);
insert into INVOICE ("id_invoice", "id_paiment_type", "purchase_time", "id_invoice_detail", "id_client", "id_stuff") values (246, 2, TO_DATE('2017-3-10 4:39:43'), 135, 12, 25);
insert into INVOICE ("id_invoice", "id_paiment_type", "purchase_time", "id_invoice_detail", "id_client", "id_stuff") values (181, 8, TO_DATE('2017-4-14 6:31:14'), 718, 27, 21);
insert into INVOICE ("id_invoice", "id_paiment_type", "purchase_time", "id_invoice_detail", "id_client", "id_stuff") values (252, 5, TO_DATE('2017-12-13 19:32:28'), 982, 9, 26);
insert into INVOICE ("id_invoice", "id_paiment_type", "purchase_time", "id_invoice_detail", "id_client", "id_stuff") values (872, 9, TO_DATE('2017-3-14 4:52:56'), 544, 9, 37);
insert into INVOICE ("id_invoice", "id_paiment_type", "purchase_time", "id_invoice_detail", "id_client", "id_stuff") values (694, 7, TO_DATE('2017-10-23 16:45:9'), 424, 19, 40);
insert into INVOICE ("id_invoice", "id_paiment_type", "purchase_time", "id_invoice_detail", "id_client", "id_stuff") values (234, 5, TO_DATE('2017-12-10 19:20:30'), 718, 36, 32);
insert into INVOICE ("id_invoice", "id_paiment_type", "purchase_time", "id_invoice_detail", "id_client", "id_stuff") values (642, 9, TO_DATE('2018-1-29 21:51:1'), 203, 30, 46);
insert into INVOICE ("id_invoice", "id_paiment_type", "purchase_time", "id_invoice_detail", "id_client", "id_stuff") values (125, 3, TO_DATE('2017-8-8 12:34:57'), 437, 43, 27);
insert into INVOICE ("id_invoice", "id_paiment_type", "purchase_time", "id_invoice_detail", "id_client", "id_stuff") values (819, 7, TO_DATE('2017-11-26 18:30:26'), 982, 32, 3);
insert into INVOICE ("id_invoice", "id_paiment_type", "purchase_time", "id_invoice_detail", "id_client", "id_stuff") values (377, 2, TO_DATE('2017-2-20 3:41:35'), 15, 38, 11);
insert into INVOICE ("id_invoice", "id_paiment_type", "purchase_time", "id_invoice_detail", "id_client", "id_stuff") values (344, 8, TO_DATE('2017-12-17 19:42:46'), 718, 21, 14);
insert into INVOICE ("id_invoice", "id_paiment_type", "purchase_time", "id_invoice_detail", "id_client", "id_stuff") values (793, 1, TO_DATE('2017-6-30 10:25:12'), 15, 9, 47);
insert into INVOICE ("id_invoice", "id_paiment_type", "purchase_time", "id_invoice_detail", "id_client", "id_stuff") values (760, 9, TO_DATE('2017-10-17 16:27:20'), 15, 36, 13);
insert into INVOICE ("id_invoice", "id_paiment_type", "purchase_time", "id_invoice_detail", "id_client", "id_stuff") values (685, 3, TO_DATE('2017-12-17 19:45:1'), 718, 4, 8);
insert into INVOICE ("id_invoice", "id_paiment_type", "purchase_time", "id_invoice_detail", "id_client", "id_stuff") values (351, 1, TO_DATE('2017-5-16 8:16:23'), 135, 31, 48);
insert into INVOICE ("id_invoice", "id_paiment_type", "purchase_time", "id_invoice_detail", "id_client", "id_stuff") values (791, 3, TO_DATE('2017-6-22 10:4:43'), 15, 38, 45);
insert into INVOICE ("id_invoice", "id_paiment_type", "purchase_time", "id_invoice_detail", "id_client", "id_stuff") values (498, 5, TO_DATE('2017-1-3 1:9:49'), 135, 30, 3);
insert into INVOICE ("id_invoice", "id_paiment_type", "purchase_time", "id_invoice_detail", "id_client", "id_stuff") values (899, 4, TO_DATE('2017-3-27 5:34:21'), 15, 1, 9);
insert into INVOICE ("id_invoice", "id_paiment_type", "purchase_time", "id_invoice_detail", "id_client", "id_stuff") values (26, 2, TO_DATE('2017-2-1 2:44:19'), 135, 7, 34);
insert into INVOICE ("id_invoice", "id_paiment_type", "purchase_time", "id_invoice_detail", "id_client", "id_stuff") values (918, 9, TO_DATE('2018-1-27 21:43:51'), 982, 16, 43);
insert into INVOICE ("id_invoice", "id_paiment_type", "purchase_time", "id_invoice_detail", "id_client", "id_stuff") values (965, 5, TO_DATE('2017-12-12 19:26:22'), 203, 33, 5);
insert into INVOICE ("id_invoice", "id_paiment_type", "purchase_time", "id_invoice_detail", "id_client", "id_stuff") values (93, 4, TO_DATE('2018-1-17 21:12:9'), 437, 20, 17);
insert into INVOICE ("id_invoice", "id_paiment_type", "purchase_time", "id_invoice_detail", "id_client", "id_stuff") values (483, 2, TO_DATE('2018-2-2 22:3:2'), 437, 32, 17);
insert into INVOICE ("id_invoice", "id_paiment_type", "purchase_time", "id_invoice_detail", "id_client", "id_stuff") values (400, 4, TO_DATE('2018-2-9 22:21:34'), 424, 32, 11);
insert into INVOICE ("id_invoice", "id_paiment_type", "purchase_time", "id_invoice_detail", "id_client", "id_stuff") values (87, 7, TO_DATE('2017-6-5 9:10:39'), 424, 29, 28);
insert into INVOICE ("id_invoice", "id_paiment_type", "purchase_time", "id_invoice_detail", "id_client", "id_stuff") values (272, 4, TO_DATE('2017-11-19 18:8:9'), 437, 15, 44);
insert into INVOICE ("id_invoice", "id_paiment_type", "purchase_time", "id_invoice_detail", "id_client", "id_stuff") values (744, 8, TO_DATE('2017-9-5 14:14:51'), 203, 49, 17);
insert into INVOICE ("id_invoice", "id_paiment_type", "purchase_time", "id_invoice_detail", "id_client", "id_stuff") values (577, 4, TO_DATE('2018-1-1 20:28:8'), 15, 9, 27);
insert into INVOICE ("id_invoice", "id_paiment_type", "purchase_time", "id_invoice_detail", "id_client", "id_stuff") values (585, 1, TO_DATE('2017-9-25 15:17:34'), 437, 28, 49);
insert into INVOICE ("id_invoice", "id_paiment_type", "purchase_time", "id_invoice_detail", "id_client", "id_stuff") values (502, 2, TO_DATE('2017-10-17 16:29:20'), 437, 41, 1);
insert into INVOICE ("id_invoice", "id_paiment_type", "purchase_time", "id_invoice_detail", "id_client", "id_stuff") values (956, 7, TO_DATE('2017-1-17 1:54:25'), 437, 29, 12);
insert into INVOICE ("id_invoice", "id_paiment_type", "purchase_time", "id_invoice_detail", "id_client", "id_stuff") values (765, 1, TO_DATE('2017-6-14 9:39:7'), 424, 20, 42);
insert into INVOICE ("id_invoice", "id_paiment_type", "purchase_time", "id_invoice_detail", "id_client", "id_stuff") values (544, 3, TO_DATE('2017-6-10 9:26:4'), 718, 43, 21);
insert into INVOICE ("id_invoice", "id_paiment_type", "purchase_time", "id_invoice_detail", "id_client", "id_stuff") values (565, 4, TO_DATE('2017-12-11 19:24:33'), 15, 25, 1);
insert into INVOICE ("id_invoice", "id_paiment_type", "purchase_time", "id_invoice_detail", "id_client", "id_stuff") values (265, 8, TO_DATE('2018-1-26 21:40:11'), 203, 39, 32);
insert into INVOICE ("id_invoice", "id_paiment_type", "purchase_time", "id_invoice_detail", "id_client", "id_stuff") values (876, 3, TO_DATE('2018-1-28 21:46:50'), 544, 41, 4);
insert into INVOICE ("id_invoice", "id_paiment_type", "purchase_time", "id_invoice_detail", "id_client", "id_stuff") values (185, 3, TO_DATE('2017-8-12 12:51:14'), 135, 23, 49);
insert into INVOICE ("id_invoice", "id_paiment_type", "purchase_time", "id_invoice_detail", "id_client", "id_stuff") values (799, 4, TO_DATE('2017-9-3 14:8:36'), 437, 26, 7);
insert into INVOICE ("id_invoice", "id_paiment_type", "purchase_time", "id_invoice_detail", "id_client", "id_stuff") values (618, 9, TO_DATE('2017-9-5 14:16:17'), 544, 48, 28);
insert into INVOICE ("id_invoice", "id_paiment_type", "purchase_time", "id_invoice_detail", "id_client", "id_stuff") values (728, 3, TO_DATE('2018-1-27 21:45:3'), 437, 29, 24);
insert into INVOICE ("id_invoice", "id_paiment_type", "purchase_time", "id_invoice_detail", "id_client", "id_stuff") values (316, 2, TO_DATE('2017-10-22 16:41:30'), 437, 11, 10);
insert into INVOICE ("id_invoice", "id_paiment_type", "purchase_time", "id_invoice_detail", "id_client", "id_stuff") values (209, 2, TO_DATE('2017-5-28 8:48:2'), 135, 50, 31);
insert into INVOICE ("id_invoice", "id_paiment_type", "purchase_time", "id_invoice_detail", "id_client", "id_stuff") values (729, 3, TO_DATE('2017-4-3 5:59:43'), 135, 13, 7);
insert into INVOICE ("id_invoice", "id_paiment_type", "purchase_time", "id_invoice_detail", "id_client", "id_stuff") values (446, 8, TO_DATE('2018-2-21 22:59:55'), 544, 37, 10);
insert into INVOICE ("id_invoice", "id_paiment_type", "purchase_time", "id_invoice_detail", "id_client", "id_stuff") values (86, 9, TO_DATE('2018-2-22 23:2:22'), 718, 17, 46);
insert into INVOICE ("id_invoice", "id_paiment_type", "purchase_time", "id_invoice_detail", "id_client", "id_stuff") values (284, 7, TO_DATE('2017-10-31 17:10:31'), 135, 10, 27);
insert into INVOICE ("id_invoice", "id_paiment_type", "purchase_time", "id_invoice_detail", "id_client", "id_stuff") values (340, 8, TO_DATE('2017-3-26 5:31:13'), 544, 39, 45);
insert into INVOICE ("id_invoice", "id_paiment_type", "purchase_time", "id_invoice_detail", "id_client", "id_stuff") values (358, 4, TO_DATE('2017-3-23 5:21:13'), 203, 44, 7);
insert into INVOICE ("id_invoice", "id_paiment_type", "purchase_time", "id_invoice_detail", "id_client", "id_stuff") values (4, 1, TO_DATE('2017-3-15 4:56:10'), 982, 28, 48);
insert into INVOICE ("id_invoice", "id_paiment_type", "purchase_time", "id_invoice_detail", "id_client", "id_stuff") values (349, 1, TO_DATE('2018-1-5 20:40:43'), 544, 47, 20);
insert into INVOICE ("id_invoice", "id_paiment_type", "purchase_time", "id_invoice_detail", "id_client", "id_stuff") values (240, 3, TO_DATE('2017-1-5 1:16:3'), 15, 17, 40);
insert into INVOICE ("id_invoice", "id_paiment_type", "purchase_time", "id_invoice_detail", "id_client", "id_stuff") values (369, 8, TO_DATE('2017-8-18 13:13:24'), 135, 21, 1);
insert into INVOICE ("id_invoice", "id_paiment_type", "purchase_time", "id_invoice_detail", "id_client", "id_stuff") values (459, 9, TO_DATE('2018-2-17 22:45:16'), 203, 47, 4);
insert into INVOICE ("id_invoice", "id_paiment_type", "purchase_time", "id_invoice_detail", "id_client", "id_stuff") values (298, 2, TO_DATE('2017-3-6 4:27:46'), 982, 24, 46);
insert into INVOICE ("id_invoice", "id_paiment_type", "purchase_time", "id_invoice_detail", "id_client", "id_stuff") values (269, 4, TO_DATE('2017-7-2 10:33:16'), 544, 45, 46);
insert into INVOICE ("id_invoice", "id_paiment_type", "purchase_time", "id_invoice_detail", "id_client", "id_stuff") values (44, 4, TO_DATE('2017-6-2 9:1:19'), 718, 19, 7);
insert into INVOICE ("id_invoice", "id_paiment_type", "purchase_time", "id_invoice_detail", "id_client", "id_stuff") values (907, 3, TO_DATE('2017-2-22 3:49:29'), 718, 46, 20);
insert into INVOICE ("id_invoice", "id_paiment_type", "purchase_time", "id_invoice_detail", "id_client", "id_stuff") values (279, 3, TO_DATE('2017-3-11 4:45:32'), 424, 21, 47);
insert into INVOICE ("id_invoice", "id_paiment_type", "purchase_time", "id_invoice_detail", "id_client", "id_stuff") values (456, 5, TO_DATE('2018-1-2 20:29:58'), 544, 1, 47);
insert into INVOICE ("id_invoice", "id_paiment_type", "purchase_time", "id_invoice_detail", "id_client", "id_stuff") values (741, 1, TO_DATE('2017-9-16 14:50:15'), 544, 50, 28);
insert into INVOICE ("id_invoice", "id_paiment_type", "purchase_time", "id_invoice_detail", "id_client", "id_stuff") values (508, 9, TO_DATE('2017-12-23 20:1:1'), 203, 26, 18);
insert into INVOICE ("id_invoice", "id_paiment_type", "purchase_time", "id_invoice_detail", "id_client", "id_stuff") values (553, 9, TO_DATE('2017-7-17 11:25:26'), 718, 19, 11);
insert into INVOICE ("id_invoice", "id_paiment_type", "purchase_time", "id_invoice_detail", "id_client", "id_stuff") values (476, 5, TO_DATE('2017-3-14 4:51:25'), 15, 10, 22);
insert into INVOICE ("id_invoice", "id_paiment_type", "purchase_time", "id_invoice_detail", "id_client", "id_stuff") values (481, 9, TO_DATE('2018-1-7 20:46:35'), 15, 42, 24);
insert into INVOICE ("id_invoice", "id_paiment_type", "purchase_time", "id_invoice_detail", "id_client", "id_stuff") values (442, 4, TO_DATE('2017-5-5 7:37:8'), 544, 40, 10);
insert into INVOICE ("id_invoice", "id_paiment_type", "purchase_time", "id_invoice_detail", "id_client", "id_stuff") values (250, 2, TO_DATE('2018-1-2 20:32:53'), 982, 41, 26);
insert into INVOICE ("id_invoice", "id_paiment_type", "purchase_time", "id_invoice_detail", "id_client", "id_stuff") values (411, 7, TO_DATE('2017-9-16 14:51:0'), 135, 7, 2);
insert into INVOICE ("id_invoice", "id_paiment_type", "purchase_time", "id_invoice_detail", "id_client", "id_stuff") values (624, 8, TO_DATE('2018-1-1 20:29:10'), 982, 9, 49);
insert into INVOICE ("id_invoice", "id_paiment_type", "purchase_time", "id_invoice_detail", "id_client", "id_stuff") values (530, 2, TO_DATE('2017-8-19 13:16:20'), 544, 18, 41);
insert into INVOICE ("id_invoice", "id_paiment_type", "purchase_time", "id_invoice_detail", "id_client", "id_stuff") values (702, 2, TO_DATE('2017-9-7 14:21:19'), 424, 29, 49);
insert into INVOICE ("id_invoice", "id_paiment_type", "purchase_time", "id_invoice_detail", "id_client", "id_stuff") values (674, 2, TO_DATE('2017-3-7 4:30:23'), 135, 45, 2);
insert into INVOICE ("id_invoice", "id_paiment_type", "purchase_time", "id_invoice_detail", "id_client", "id_stuff") values (493, 4, TO_DATE('2017-1-17 1:57:31'), 982, 35, 40);
insert into INVOICE ("id_invoice", "id_paiment_type", "purchase_time", "id_invoice_detail", "id_client", "id_stuff") values (335, 3, TO_DATE('2017-2-14 3:25:5'), 718, 17, 34);
insert into INVOICE ("id_invoice", "id_paiment_type", "purchase_time", "id_invoice_detail", "id_client", "id_stuff") values (504, 1, TO_DATE('2017-2-24 3:57:39'), 135, 36, 15);
insert into INVOICE ("id_invoice", "id_paiment_type", "purchase_time", "id_invoice_detail", "id_client", "id_stuff") values (657, 9, TO_DATE('2018-1-2 20:31:33'), 203, 38, 11);
insert into INVOICE ("id_invoice", "id_paiment_type", "purchase_time", "id_invoice_detail", "id_client", "id_stuff") values (679, 4, TO_DATE('2017-5-4 7:35:39'), 437, 6, 7);
insert into INVOICE ("id_invoice", "id_paiment_type", "purchase_time", "id_invoice_detail", "id_client", "id_stuff") values (739, 3, TO_DATE('2017-7-31 12:7:27'), 544, 44, 6);
insert into INVOICE ("id_invoice", "id_paiment_type", "purchase_time", "id_invoice_detail", "id_client", "id_stuff") values (29, 2, TO_DATE('2018-3-1 23:23:16'), 982, 46, 8);
insert into INVOICE ("id_invoice", "id_paiment_type", "purchase_time", "id_invoice_detail", "id_client", "id_stuff") values (407, 3, TO_DATE('2018-2-15 22:40:44'), 982, 28, 1);
insert into INVOICE ("id_invoice", "id_paiment_type", "purchase_time", "id_invoice_detail", "id_client", "id_stuff") values (200, 7, TO_DATE('2017-2-15 3:26:37'), 982, 15, 33);
insert into INVOICE ("id_invoice", "id_paiment_type", "purchase_time", "id_invoice_detail", "id_client", "id_stuff") values (573, 9, TO_DATE('2018-2-24 23:4:0'), 203, 17, 30);
insert into INVOICE ("id_invoice", "id_paiment_type", "purchase_time", "id_invoice_detail", "id_client", "id_stuff") values (838, 4, TO_DATE('2018-2-26 23:13:57'), 982, 29, 36);
insert into INVOICE ("id_invoice", "id_paiment_type", "purchase_time", "id_invoice_detail", "id_client", "id_stuff") values (816, 8, TO_DATE('2017-4-6 6:4:55'), 15, 31, 29);
insert into INVOICE ("id_invoice", "id_paiment_type", "purchase_time", "id_invoice_detail", "id_client", "id_stuff") values (56, 3, TO_DATE('2017-5-19 8:24:17'), 437, 7, 21);
insert into INVOICE ("id_invoice", "id_paiment_type", "purchase_time", "id_invoice_detail", "id_client", "id_stuff") values (630, 5, TO_DATE('2018-1-15 21:5:36'), 15, 6, 46);
insert into INVOICE ("id_invoice", "id_paiment_type", "purchase_time", "id_invoice_detail", "id_client", "id_stuff") values (518, 8, TO_DATE('2017-7-10 11:2:28'), 718, 4, 8);
insert into INVOICE ("id_invoice", "id_paiment_type", "purchase_time", "id_invoice_detail", "id_client", "id_stuff") values (583, 9, TO_DATE('2017-9-18 14:54:55'), 982, 1, 33);
insert into INVOICE ("id_invoice", "id_paiment_type", "purchase_time", "id_invoice_detail", "id_client", "id_stuff") values (28, 7, TO_DATE('2017-2-15 3:25:56'), 424, 45, 4);
insert into INVOICE ("id_invoice", "id_paiment_type", "purchase_time", "id_invoice_detail", "id_client", "id_stuff") values (820, 7, TO_DATE('2017-2-20 3:44:48'), 424, 4, 7);
insert into INVOICE ("id_invoice", "id_paiment_type", "purchase_time", "id_invoice_detail", "id_client", "id_stuff") values (98, 5, TO_DATE('2018-1-4 20:38:39'), 424, 29, 30);
insert into INVOICE ("id_invoice", "id_paiment_type", "purchase_time", "id_invoice_detail", "id_client", "id_stuff") values (581, 8, TO_DATE('2017-6-25 10:11:6'), 437, 15, 45);
insert into INVOICE ("id_invoice", "id_paiment_type", "purchase_time", "id_invoice_detail", "id_client", "id_stuff") values (895, 1, TO_DATE('2018-1-10 20:53:28'), 718, 18, 30);
insert into INVOICE ("id_invoice", "id_paiment_type", "purchase_time", "id_invoice_detail", "id_client", "id_stuff") values (270, 3, TO_DATE('2017-4-19 6:46:55'), 203, 35, 39);
insert into INVOICE ("id_invoice", "id_paiment_type", "purchase_time", "id_invoice_detail", "id_client", "id_stuff") values (431, 7, TO_DATE('2018-2-21 22:58:47'), 544, 39, 30);
insert into INVOICE ("id_invoice", "id_paiment_type", "purchase_time", "id_invoice_detail", "id_client", "id_stuff") values (911, 5, TO_DATE('2017-2-25 4:0:34'), 544, 47, 16);
insert into INVOICE ("id_invoice", "id_paiment_type", "purchase_time", "id_invoice_detail", "id_client", "id_stuff") values (134, 4, TO_DATE('2017-7-27 11:53:29'), 437, 2, 5);
insert into INVOICE ("id_invoice", "id_paiment_type", "purchase_time", "id_invoice_detail", "id_client", "id_stuff") values (828, 3, TO_DATE('2018-1-30 21:54:40'), 135, 5, 26);
insert into INVOICE ("id_invoice", "id_paiment_type", "purchase_time", "id_invoice_detail", "id_client", "id_stuff") values (949, 4, TO_DATE('2018-1-4 20:37:22'), 544, 14, 29);
insert into INVOICE ("id_invoice", "id_paiment_type", "purchase_time", "id_invoice_detail", "id_client", "id_stuff") values (710, 1, TO_DATE('2017-8-25 13:37:2'), 982, 6, 26);
insert into INVOICE ("id_invoice", "id_paiment_type", "purchase_time", "id_invoice_detail", "id_client", "id_stuff") values (506, 2, TO_DATE('2017-11-16 17:58:2'), 544, 36, 23);
insert into INVOICE ("id_invoice", "id_paiment_type", "purchase_time", "id_invoice_detail", "id_client", "id_stuff") values (963, 4, TO_DATE('2017-9-30 15:30:34'), 15, 7, 49);
insert into INVOICE ("id_invoice", "id_paiment_type", "purchase_time", "id_invoice_detail", "id_client", "id_stuff") values (84, 9, TO_DATE('2017-6-12 9:31:6'), 15, 30, 9);
insert into INVOICE ("id_invoice", "id_paiment_type", "purchase_time", "id_invoice_detail", "id_client", "id_stuff") values (228, 4, TO_DATE('2017-4-6 6:8:36'), 135, 14, 10);
insert into INVOICE ("id_invoice", "id_paiment_type", "purchase_time", "id_invoice_detail", "id_client", "id_stuff") values (946, 3, TO_DATE('2017-11-12 17:49:21'), 982, 37, 32);
insert into INVOICE ("id_invoice", "id_paiment_type", "purchase_time", "id_invoice_detail", "id_client", "id_stuff") values (775, 5, TO_DATE('2017-6-23 10:8:36'), 982, 2, 40);
insert into INVOICE ("id_invoice", "id_paiment_type", "purchase_time", "id_invoice_detail", "id_client", "id_stuff") values (811, 2, TO_DATE('2017-7-21 11:35:26'), 424, 2, 22);
insert into INVOICE ("id_invoice", "id_paiment_type", "purchase_time", "id_invoice_detail", "id_client", "id_stuff") values (883, 9, TO_DATE('2017-7-13 11:15:10'), 15, 27, 13);
insert into INVOICE ("id_invoice", "id_paiment_type", "purchase_time", "id_invoice_detail", "id_client", "id_stuff") values (848, 4, TO_DATE('2017-9-2 14:5:10'), 424, 39, 4);
insert into INVOICE ("id_invoice", "id_paiment_type", "purchase_time", "id_invoice_detail", "id_client", "id_stuff") values (447, 1, TO_DATE('2017-9-6 14:19:33'), 437, 26, 39);
insert into INVOICE ("id_invoice", "id_paiment_type", "purchase_time", "id_invoice_detail", "id_client", "id_stuff") values (880, 8, TO_DATE('2017-2-10 3:16:10'), 437, 17, 25);
insert into INVOICE ("id_invoice", "id_paiment_type", "purchase_time", "id_invoice_detail", "id_client", "id_stuff") values (129, 9, TO_DATE('2017-6-15 9:43:8'), 203, 12, 5);
insert into INVOICE ("id_invoice", "id_paiment_type", "purchase_time", "id_invoice_detail", "id_client", "id_stuff") values (756, 9, TO_DATE('2017-7-26 11:50:8'), 544, 4, 12);
insert into INVOICE ("id_invoice", "id_paiment_type", "purchase_time", "id_invoice_detail", "id_client", "id_stuff") values (469, 5, TO_DATE('2017-3-2 4:18:48'), 135, 18, 49);
insert into INVOICE ("id_invoice", "id_paiment_type", "purchase_time", "id_invoice_detail", "id_client", "id_stuff") values (416, 8, TO_DATE('2017-7-23 11:41:19'), 15, 6, 4);
insert into INVOICE ("id_invoice", "id_paiment_type", "purchase_time", "id_invoice_detail", "id_client", "id_stuff") values (35, 8, TO_DATE('2018-2-1 22:0:22'), 718, 20, 21);
insert into INVOICE ("id_invoice", "id_paiment_type", "purchase_time", "id_invoice_detail", "id_client", "id_stuff") values (817, 2, TO_DATE('2017-2-24 3:53:13'), 437, 16, 50);
insert into INVOICE ("id_invoice", "id_paiment_type", "purchase_time", "id_invoice_detail", "id_client", "id_stuff") values (516, 9, TO_DATE('2017-5-9 7:48:24'), 544, 34, 6);
insert into INVOICE ("id_invoice", "id_paiment_type", "purchase_time", "id_invoice_detail", "id_client", "id_stuff") values (523, 4, TO_DATE('2017-6-15 9:41:17'), 15, 10, 22);
insert into INVOICE ("id_invoice", "id_paiment_type", "purchase_time", "id_invoice_detail", "id_client", "id_stuff") values (100, 1, TO_DATE('2017-7-8 10:57:11'), 424, 32, 48);
insert into INVOICE ("id_invoice", "id_paiment_type", "purchase_time", "id_invoice_detail", "id_client", "id_stuff") values (977, 2, TO_DATE('2018-2-16 22:42:39'), 544, 29, 25);
insert into INVOICE ("id_invoice", "id_paiment_type", "purchase_time", "id_invoice_detail", "id_client", "id_stuff") values (490, 3, TO_DATE('2017-9-2 14:3:40'), 15, 49, 36);
insert into INVOICE ("id_invoice", "id_paiment_type", "purchase_time", "id_invoice_detail", "id_client", "id_stuff") values (392, 1, TO_DATE('2017-11-26 18:31:56'), 424, 50, 17);
insert into INVOICE ("id_invoice", "id_paiment_type", "purchase_time", "id_invoice_detail", "id_client", "id_stuff") values (701, 4, TO_DATE('2017-1-1 1:1:1'), 203, 25, 49);
insert into INVOICE ("id_invoice", "id_paiment_type", "purchase_time", "id_invoice_detail", "id_client", "id_stuff") values (119, 5, TO_DATE('2017-12-3 18:57:30'), 982, 21, 6);
insert into INVOICE ("id_invoice", "id_paiment_type", "purchase_time", "id_invoice_detail", "id_client", "id_stuff") values (8, 3, TO_DATE('2017-7-4 10:43:11'), 718, 36, 18);
insert into INVOICE ("id_invoice", "id_paiment_type", "purchase_time", "id_invoice_detail", "id_client", "id_stuff") values (604, 9, TO_DATE('2017-5-4 7:34:55'), 15, 23, 26);
insert into INVOICE ("id_invoice", "id_paiment_type", "purchase_time", "id_invoice_detail", "id_client", "id_stuff") values (489, 1, TO_DATE('2017-5-1 7:24:49'), 437, 49, 8);
insert into INVOICE ("id_invoice", "id_paiment_type", "purchase_time", "id_invoice_detail", "id_client", "id_stuff") values (42, 8, TO_DATE('2018-1-7 20:45:11'), 424, 40, 44);
insert into INVOICE ("id_invoice", "id_paiment_type", "purchase_time", "id_invoice_detail", "id_client", "id_stuff") values (80, 5, TO_DATE('2017-8-27 13:45:21'), 544, 3, 11);
insert into INVOICE ("id_invoice", "id_paiment_type", "purchase_time", "id_invoice_detail", "id_client", "id_stuff") values (800, 1, TO_DATE('2018-1-18 21:15:37'), 544, 5, 11);
insert into INVOICE ("id_invoice", "id_paiment_type", "purchase_time", "id_invoice_detail", "id_client", "id_stuff") values (205, 8, TO_DATE('2017-1-13 1:40:20'), 437, 21, 17);
insert into INVOICE ("id_invoice", "id_paiment_type", "purchase_time", "id_invoice_detail", "id_client", "id_stuff") values (833, 2, TO_DATE('2018-2-20 22:56:58'), 424, 7, 27);
insert into INVOICE ("id_invoice", "id_paiment_type", "purchase_time", "id_invoice_detail", "id_client", "id_stuff") values (709, 3, TO_DATE('2017-1-12 1:35:11'), 982, 27, 2);
insert into INVOICE ("id_invoice", "id_paiment_type", "purchase_time", "id_invoice_detail", "id_client", "id_stuff") values (733, 8, TO_DATE('2017-4-1 5:52:0'), 135, 19, 36);
insert into INVOICE ("id_invoice", "id_paiment_type", "purchase_time", "id_invoice_detail", "id_client", "id_stuff") values (891, 7, TO_DATE('2017-3-31 5:49:36'), 544, 6, 25);
insert into INVOICE ("id_invoice", "id_paiment_type", "purchase_time", "id_invoice_detail", "id_client", "id_stuff") values (273, 8, TO_DATE('2017-7-2 10:34:48'), 437, 27, 8);
insert into INVOICE ("id_invoice", "id_paiment_type", "purchase_time", "id_invoice_detail", "id_client", "id_stuff") values (422, 9, TO_DATE('2017-8-31 13:59:40'), 424, 10, 31);
insert into INVOICE ("id_invoice", "id_paiment_type", "purchase_time", "id_invoice_detail", "id_client", "id_stuff") values (68, 8, TO_DATE('2017-4-26 7:9:33'), 135, 25, 4);
insert into INVOICE ("id_invoice", "id_paiment_type", "purchase_time", "id_invoice_detail", "id_client", "id_stuff") values (810, 9, TO_DATE('2017-1-25 2:25:4'), 982, 17, 18);
insert into INVOICE ("id_invoice", "id_paiment_type", "purchase_time", "id_invoice_detail", "id_client", "id_stuff") values (763, 3, TO_DATE('2017-11-23 18:21:46'), 544, 41, 36);
insert into INVOICE ("id_invoice", "id_paiment_type", "purchase_time", "id_invoice_detail", "id_client", "id_stuff") values (641, 7, TO_DATE('2017-1-21 2:11:51'), 437, 10, 2);
insert into INVOICE ("id_invoice", "id_paiment_type", "purchase_time", "id_invoice_detail", "id_client", "id_stuff") values (448, 1, TO_DATE('2017-12-11 19:23:10'), 15, 23, 37);
insert into INVOICE ("id_invoice", "id_paiment_type", "purchase_time", "id_invoice_detail", "id_client", "id_stuff") values (103, 1, TO_DATE('2018-1-12 20:59:2'), 135, 21, 34);
insert into INVOICE ("id_invoice", "id_paiment_type", "purchase_time", "id_invoice_detail", "id_client", "id_stuff") values (972, 1, TO_DATE('2017-8-25 13:42:29'), 15, 15, 22);
insert into INVOICE ("id_invoice", "id_paiment_type", "purchase_time", "id_invoice_detail", "id_client", "id_stuff") values (207, 9, TO_DATE('2017-5-11 7:53:52'), 437, 25, 31);
insert into INVOICE ("id_invoice", "id_paiment_type", "purchase_time", "id_invoice_detail", "id_client", "id_stuff") values (525, 1, TO_DATE('2017-10-26 16:56:41'), 982, 35, 38);
insert into INVOICE ("id_invoice", "id_paiment_type", "purchase_time", "id_invoice_detail", "id_client", "id_stuff") values (753, 3, TO_DATE('2017-1-2 1:7:56'), 544, 30, 18);
insert into INVOICE ("id_invoice", "id_paiment_type", "purchase_time", "id_invoice_detail", "id_client", "id_stuff") values (589, 9, TO_DATE('2017-1-14 1:41:27'), 982, 23, 16);
insert into INVOICE ("id_invoice", "id_paiment_type", "purchase_time", "id_invoice_detail", "id_client", "id_stuff") values (77, 3, TO_DATE('2017-4-30 7:21:9'), 982, 39, 38);
insert into INVOICE ("id_invoice", "id_paiment_type", "purchase_time", "id_invoice_detail", "id_client", "id_stuff") values (725, 4, TO_DATE('2017-1-15 1:45:37'), 203, 22, 31);
insert into INVOICE ("id_invoice", "id_paiment_type", "purchase_time", "id_invoice_detail", "id_client", "id_stuff") values (682, 3, TO_DATE('2017-5-10 7:51:19'), 424, 26, 50);
insert into INVOICE ("id_invoice", "id_paiment_type", "purchase_time", "id_invoice_detail", "id_client", "id_stuff") values (871, 4, TO_DATE('2017-8-13 12:54:58'), 437, 47, 14);
insert into INVOICE ("id_invoice", "id_paiment_type", "purchase_time", "id_invoice_detail", "id_client", "id_stuff") values (979, 1, TO_DATE('2017-8-29 13:50:41'), 424, 10, 50);
insert into INVOICE ("id_invoice", "id_paiment_type", "purchase_time", "id_invoice_detail", "id_client", "id_stuff") values (567, 4, TO_DATE('2017-5-2 7:27:52'), 982, 11, 1);
insert into INVOICE ("id_invoice", "id_paiment_type", "purchase_time", "id_invoice_detail", "id_client", "id_stuff") values (155, 8, TO_DATE('2017-4-2 5:55:40'), 982, 38, 18);
insert into INVOICE ("id_invoice", "id_paiment_type", "purchase_time", "id_invoice_detail", "id_client", "id_stuff") values (860, 4, TO_DATE('2018-2-11 22:26:37'), 135, 46, 24);
insert into INVOICE ("id_invoice", "id_paiment_type", "purchase_time", "id_invoice_detail", "id_client", "id_stuff") values (809, 3, TO_DATE('2017-7-7 10:52:6'), 718, 46, 40);
insert into INVOICE ("id_invoice", "id_paiment_type", "purchase_time", "id_invoice_detail", "id_client", "id_stuff") values (732, 4, TO_DATE('2017-4-6 6:6:46'), 424, 36, 49);
insert into INVOICE ("id_invoice", "id_paiment_type", "purchase_time", "id_invoice_detail", "id_client", "id_stuff") values (484, 3, TO_DATE('2017-6-20 9:56:22'), 982, 42, 45);
insert into INVOICE ("id_invoice", "id_paiment_type", "purchase_time", "id_invoice_detail", "id_client", "id_stuff") values (159, 4, TO_DATE('2018-3-4 23:36:12'), 544, 15, 12);
insert into INVOICE ("id_invoice", "id_paiment_type", "purchase_time", "id_invoice_detail", "id_client", "id_stuff") values (568, 3, TO_DATE('2017-9-22 15:9:51'), 437, 41, 48);
insert into INVOICE ("id_invoice", "id_paiment_type", "purchase_time", "id_invoice_detail", "id_client", "id_stuff") values (615, 8, TO_DATE('2017-7-21 11:34:39'), 15, 27, 14);
insert into INVOICE ("id_invoice", "id_paiment_type", "purchase_time", "id_invoice_detail", "id_client", "id_stuff") values (294, 5, TO_DATE('2017-12-24 20:5:24'), 437, 9, 35);
insert into INVOICE ("id_invoice", "id_paiment_type", "purchase_time", "id_invoice_detail", "id_client", "id_stuff") values (905, 9, TO_DATE('2017-11-14 17:55:39'), 718, 41, 42);
insert into INVOICE ("id_invoice", "id_paiment_type", "purchase_time", "id_invoice_detail", "id_client", "id_stuff") values (750, 2, TO_DATE('2017-11-19 18:6:24'), 982, 47, 25);
insert into INVOICE ("id_invoice", "id_paiment_type", "purchase_time", "id_invoice_detail", "id_client", "id_stuff") values (993, 2, TO_DATE('2017-7-17 11:26:28'), 982, 11, 35);
insert into INVOICE ("id_invoice", "id_paiment_type", "purchase_time", "id_invoice_detail", "id_client", "id_stuff") values (449, 7, TO_DATE('2017-12-7 19:12:5'), 15, 5, 44);
insert into INVOICE ("id_invoice", "id_paiment_type", "purchase_time", "id_invoice_detail", "id_client", "id_stuff") values (778, 4, TO_DATE('2017-12-8 19:14:54'), 135, 23, 35);
insert into INVOICE ("id_invoice", "id_paiment_type", "purchase_time", "id_invoice_detail", "id_client", "id_stuff") values (610, 4, TO_DATE('2017-1-29 2:36:40'), 203, 33, 6);
insert into INVOICE ("id_invoice", "id_paiment_type", "purchase_time", "id_invoice_detail", "id_client", "id_stuff") values (318, 1, TO_DATE('2017-7-5 10:44:56'), 15, 26, 5);
insert into INVOICE ("id_invoice", "id_paiment_type", "purchase_time", "id_invoice_detail", "id_client", "id_stuff") values (104, 3, TO_DATE('2017-6-21 10:3:48'), 15, 47, 6);
insert into INVOICE ("id_invoice", "id_paiment_type", "purchase_time", "id_invoice_detail", "id_client", "id_stuff") values (357, 4, TO_DATE('2017-3-22 5:19:23'), 135, 15, 2);
insert into INVOICE ("id_invoice", "id_paiment_type", "purchase_time", "id_invoice_detail", "id_client", "id_stuff") values (671, 1, TO_DATE('2017-1-19 2:5:51'), 718, 49, 3);
insert into INVOICE ("id_invoice", "id_paiment_type", "purchase_time", "id_invoice_detail", "id_client", "id_stuff") values (677, 3, TO_DATE('2017-5-7 7:41:27'), 982, 10, 1);
insert into INVOICE ("id_invoice", "id_paiment_type", "purchase_time", "id_invoice_detail", "id_client", "id_stuff") values (225, 9, TO_DATE('2017-11-7 17:33:5'), 203, 35, 40);
insert into INVOICE ("id_invoice", "id_paiment_type", "purchase_time", "id_invoice_detail", "id_client", "id_stuff") values (952, 2, TO_DATE('2017-10-10 16:2:52'), 718, 50, 18);
insert into INVOICE ("id_invoice", "id_paiment_type", "purchase_time", "id_invoice_detail", "id_client", "id_stuff") values (388, 8, TO_DATE('2017-8-11 12:49:17'), 15, 2, 35);
insert into INVOICE ("id_invoice", "id_paiment_type", "purchase_time", "id_invoice_detail", "id_client", "id_stuff") values (54, 4, TO_DATE('2018-2-12 22:31:3'), 203, 43, 31);
insert into INVOICE ("id_invoice", "id_paiment_type", "purchase_time", "id_invoice_detail", "id_client", "id_stuff") values (264, 3, TO_DATE('2017-4-28 7:16:27'), 718, 27, 37);
insert into INVOICE ("id_invoice", "id_paiment_type", "purchase_time", "id_invoice_detail", "id_client", "id_stuff") values (549, 8, TO_DATE('2017-4-24 7:1:6'), 203, 47, 22);
insert into INVOICE ("id_invoice", "id_paiment_type", "purchase_time", "id_invoice_detail", "id_client", "id_stuff") values (713, 7, TO_DATE('2017-1-16 1:52:34'), 203, 18, 31);
insert into INVOICE ("id_invoice", "id_paiment_type", "purchase_time", "id_invoice_detail", "id_client", "id_stuff") values (559, 1, TO_DATE('2017-10-25 16:50:47'), 718, 41, 38);
insert into INVOICE ("id_invoice", "id_paiment_type", "purchase_time", "id_invoice_detail", "id_client", "id_stuff") values (910, 8, TO_DATE('2017-10-29 17:4:21'), 15, 11, 29);
insert into INVOICE ("id_invoice", "id_paiment_type", "purchase_time", "id_invoice_detail", "id_client", "id_stuff") values (196, 9, TO_DATE('2017-12-24 20:3:47'), 203, 15, 5);
insert into INVOICE ("id_invoice", "id_paiment_type", "purchase_time", "id_invoice_detail", "id_client", "id_stuff") values (908, 4, TO_DATE('2018-2-7 22:14:43'), 982, 31, 4);
insert into INVOICE ("id_invoice", "id_paiment_type", "purchase_time", "id_invoice_detail", "id_client", "id_stuff") values (215, 7, TO_DATE('2017-1-17 1:55:42'), 982, 25, 22);
insert into INVOICE ("id_invoice", "id_paiment_type", "purchase_time", "id_invoice_detail", "id_client", "id_stuff") values (736, 1, TO_DATE('2018-2-4 22:9:8'), 15, 17, 13);
insert into INVOICE ("id_invoice", "id_paiment_type", "purchase_time", "id_invoice_detail", "id_client", "id_stuff") values (221, 5, TO_DATE('2017-2-21 3:47:2'), 135, 40, 29);
insert into INVOICE ("id_invoice", "id_paiment_type", "purchase_time", "id_invoice_detail", "id_client", "id_stuff") values (656, 4, TO_DATE('2017-10-4 15:46:29'), 15, 21, 43);
insert into INVOICE ("id_invoice", "id_paiment_type", "purchase_time", "id_invoice_detail", "id_client", "id_stuff") values (362, 1, TO_DATE('2017-7-6 10:49:13'), 437, 16, 41);
insert into INVOICE ("id_invoice", "id_paiment_type", "purchase_time", "id_invoice_detail", "id_client", "id_stuff") values (796, 3, TO_DATE('2018-1-24 21:35:24'), 718, 23, 38);
insert into INVOICE ("id_invoice", "id_paiment_type", "purchase_time", "id_invoice_detail", "id_client", "id_stuff") values (684, 4, TO_DATE('2017-8-2 12:14:15'), 203, 26, 27);
insert into INVOICE ("id_invoice", "id_paiment_type", "purchase_time", "id_invoice_detail", "id_client", "id_stuff") values (71, 7, TO_DATE('2017-12-5 19:3:32'), 135, 2, 3);
insert into INVOICE ("id_invoice", "id_paiment_type", "purchase_time", "id_invoice_detail", "id_client", "id_stuff") values (746, 3, TO_DATE('2017-1-24 2:23:47'), 15, 25, 7);
insert into INVOICE ("id_invoice", "id_paiment_type", "purchase_time", "id_invoice_detail", "id_client", "id_stuff") values (563, 9, TO_DATE('2017-4-18 6:41:41'), 203, 25, 31);
insert into INVOICE ("id_invoice", "id_paiment_type", "purchase_time", "id_invoice_detail", "id_client", "id_stuff") values (271, 2, TO_DATE('2017-3-11 4:43:35'), 982, 9, 9);
insert into INVOICE ("id_invoice", "id_paiment_type", "purchase_time", "id_invoice_detail", "id_client", "id_stuff") values (867, 5, TO_DATE('2018-2-25 23:11:24'), 424, 31, 3);
insert into INVOICE ("id_invoice", "id_paiment_type", "purchase_time", "id_invoice_detail", "id_client", "id_stuff") values (787, 2, TO_DATE('2017-3-12 4:47:28'), 718, 45, 32);
insert into INVOICE ("id_invoice", "id_paiment_type", "purchase_time", "id_invoice_detail", "id_client", "id_stuff") values (622, 5, TO_DATE('2017-2-28 4:10:21'), 718, 9, 28);
insert into INVOICE ("id_invoice", "id_paiment_type", "purchase_time", "id_invoice_detail", "id_client", "id_stuff") values (663, 5, TO_DATE('2017-9-3 14:7:46'), 982, 9, 43);
insert into INVOICE ("id_invoice", "id_paiment_type", "purchase_time", "id_invoice_detail", "id_client", "id_stuff") values (33, 5, TO_DATE('2017-12-31 20:23:43'), 135, 8, 39);
insert into INVOICE ("id_invoice", "id_paiment_type", "purchase_time", "id_invoice_detail", "id_client", "id_stuff") values (689, 7, TO_DATE('2017-8-6 12:31:1'), 135, 7, 18);
insert into INVOICE ("id_invoice", "id_paiment_type", "purchase_time", "id_invoice_detail", "id_client", "id_stuff") values (173, 8, TO_DATE('2017-8-22 13:28:37'), 982, 27, 24);
insert into INVOICE ("id_invoice", "id_paiment_type", "purchase_time", "id_invoice_detail", "id_client", "id_stuff") values (562, 1, TO_DATE('2017-4-11 6:24:13'), 544, 27, 8);
insert into INVOICE ("id_invoice", "id_paiment_type", "purchase_time", "id_invoice_detail", "id_client", "id_stuff") values (292, 7, TO_DATE('2017-1-12 1:36:59'), 424, 39, 15);
insert into INVOICE ("id_invoice", "id_paiment_type", "purchase_time", "id_invoice_detail", "id_client", "id_stuff") values (460, 2, TO_DATE('2017-1-28 2:32:25'), 424, 6, 22);
insert into INVOICE ("id_invoice", "id_paiment_type", "purchase_time", "id_invoice_detail", "id_client", "id_stuff") values (845, 4, TO_DATE('2017-3-9 4:37:10'), 15, 27, 23);
insert into INVOICE ("id_invoice", "id_paiment_type", "purchase_time", "id_invoice_detail", "id_client", "id_stuff") values (337, 2, TO_DATE('2017-10-11 16:6:21'), 718, 22, 45);
insert into INVOICE ("id_invoice", "id_paiment_type", "purchase_time", "id_invoice_detail", "id_client", "id_stuff") values (21, 4, TO_DATE('2017-2-6 3:1:14'), 718, 9, 31);
insert into INVOICE ("id_invoice", "id_paiment_type", "purchase_time", "id_invoice_detail", "id_client", "id_stuff") values (931, 5, TO_DATE('2017-6-3 9:4:59'), 424, 49, 23);
insert into INVOICE ("id_invoice", "id_paiment_type", "purchase_time", "id_invoice_detail", "id_client", "id_stuff") values (307, 4, TO_DATE('2017-2-17 3:32:10'), 15, 26, 18);
insert into INVOICE ("id_invoice", "id_paiment_type", "purchase_time", "id_invoice_detail", "id_client", "id_stuff") values (533, 8, TO_DATE('2017-8-2 12:16:16'), 718, 34, 50);
insert into INVOICE ("id_invoice", "id_paiment_type", "purchase_time", "id_invoice_detail", "id_client", "id_stuff") values (450, 9, TO_DATE('2017-4-11 6:20:43'), 135, 4, 47);
insert into INVOICE ("id_invoice", "id_paiment_type", "purchase_time", "id_invoice_detail", "id_client", "id_stuff") values (945, 7, TO_DATE('2017-7-15 11:21:19'), 203, 33, 31);
insert into INVOICE ("id_invoice", "id_paiment_type", "purchase_time", "id_invoice_detail", "id_client", "id_stuff") values (346, 9, TO_DATE('2017-9-13 14:42:11'), 424, 9, 8);
insert into INVOICE ("id_invoice", "id_paiment_type", "purchase_time", "id_invoice_detail", "id_client", "id_stuff") values (191, 2, TO_DATE('2017-12-31 20:22:55'), 982, 31, 44);
insert into INVOICE ("id_invoice", "id_paiment_type", "purchase_time", "id_invoice_detail", "id_client", "id_stuff") values (886, 1, TO_DATE('2017-9-3 14:10:1'), 135, 16, 40);
insert into INVOICE ("id_invoice", "id_paiment_type", "purchase_time", "id_invoice_detail", "id_client", "id_stuff") values (638, 9, TO_DATE('2018-2-8 22:16:4'), 135, 20, 27);
insert into INVOICE ("id_invoice", "id_paiment_type", "purchase_time", "id_invoice_detail", "id_client", "id_stuff") values (620, 2, TO_DATE('2017-3-12 4:46:40'), 718, 8, 31);
insert into INVOICE ("id_invoice", "id_paiment_type", "purchase_time", "id_invoice_detail", "id_client", "id_stuff") values (893, 8, TO_DATE('2017-12-13 19:34:2'), 544, 23, 28);
insert into INVOICE ("id_invoice", "id_paiment_type", "purchase_time", "id_invoice_detail", "id_client", "id_stuff") values (983, 9, TO_DATE('2017-11-6 17:28:47'), 718, 29, 25);
insert into INVOICE ("id_invoice", "id_paiment_type", "purchase_time", "id_invoice_detail", "id_client", "id_stuff") values (179, 5, TO_DATE('2017-5-22 8:32:21'), 982, 6, 4);
insert into INVOICE ("id_invoice", "id_paiment_type", "purchase_time", "id_invoice_detail", "id_client", "id_stuff") values (118, 4, TO_DATE('2017-11-2 17:16:52'), 135, 11, 38);
insert into INVOICE ("id_invoice", "id_paiment_type", "purchase_time", "id_invoice_detail", "id_client", "id_stuff") values (950, 9, TO_DATE('2017-1-11 1:33:7'), 15, 26, 50);
insert into INVOICE ("id_invoice", "id_paiment_type", "purchase_time", "id_invoice_detail", "id_client", "id_stuff") values (64, 9, TO_DATE('2018-1-29 21:52:10'), 135, 48, 22);
insert into INVOICE ("id_invoice", "id_paiment_type", "purchase_time", "id_invoice_detail", "id_client", "id_stuff") values (366, 5, TO_DATE('2017-7-15 11:19:27'), 718, 49, 34);
insert into INVOICE ("id_invoice", "id_paiment_type", "purchase_time", "id_invoice_detail", "id_client", "id_stuff") values (16, 4, TO_DATE('2017-3-8 4:34:29'), 203, 33, 1);
insert into INVOICE ("id_invoice", "id_paiment_type", "purchase_time", "id_invoice_detail", "id_client", "id_stuff") values (152, 9, TO_DATE('2017-7-29 12:0:58'), 544, 2, 2);
insert into INVOICE ("id_invoice", "id_paiment_type", "purchase_time", "id_invoice_detail", "id_client", "id_stuff") values (835, 8, TO_DATE('2017-1-7 1:22:27'), 437, 13, 45);
insert into INVOICE ("id_invoice", "id_paiment_type", "purchase_time", "id_invoice_detail", "id_client", "id_stuff") values (777, 3, TO_DATE('2017-6-12 9:32:58'), 203, 29, 39);
insert into INVOICE ("id_invoice", "id_paiment_type", "purchase_time", "id_invoice_detail", "id_client", "id_stuff") values (935, 1, TO_DATE('2017-10-2 15:37:31'), 437, 6, 37);
insert into INVOICE ("id_invoice", "id_paiment_type", "purchase_time", "id_invoice_detail", "id_client", "id_stuff") values (973, 3, TO_DATE('2017-1-29 2:34:40'), 203, 28, 5);
insert into INVOICE ("id_invoice", "id_paiment_type", "purchase_time", "id_invoice_detail", "id_client", "id_stuff") values (570, 3, TO_DATE('2017-4-10 6:19:12'), 424, 37, 36);
insert into INVOICE ("id_invoice", "id_paiment_type", "purchase_time", "id_invoice_detail", "id_client", "id_stuff") values (13, 2, TO_DATE('2017-9-29 15:26:35'), 15, 23, 42);
insert into INVOICE ("id_invoice", "id_paiment_type", "purchase_time", "id_invoice_detail", "id_client", "id_stuff") values (494, 8, TO_DATE('2017-11-11 17:45:2'), 982, 15, 19);
insert into INVOICE ("id_invoice", "id_paiment_type", "purchase_time", "id_invoice_detail", "id_client", "id_stuff") values (376, 8, TO_DATE('2018-2-3 22:4:7'), 203, 42, 17);
insert into INVOICE ("id_invoice", "id_paiment_type", "purchase_time", "id_invoice_detail", "id_client", "id_stuff") values (336, 1, TO_DATE('2018-1-16 21:9:51'), 544, 37, 4);
insert into INVOICE ("id_invoice", "id_paiment_type", "purchase_time", "id_invoice_detail", "id_client", "id_stuff") values (230, 5, TO_DATE('2017-5-30 8:52:36'), 437, 12, 47);
insert into INVOICE ("id_invoice", "id_paiment_type", "purchase_time", "id_invoice_detail", "id_client", "id_stuff") values (368, 4, TO_DATE('2017-1-7 1:23:46'), 203, 19, 46);
insert into INVOICE ("id_invoice", "id_paiment_type", "purchase_time", "id_invoice_detail", "id_client", "id_stuff") values (312, 7, TO_DATE('2017-8-7 12:31:47'), 15, 24, 11);
insert into INVOICE ("id_invoice", "id_paiment_type", "purchase_time", "id_invoice_detail", "id_client", "id_stuff") values (600, 2, TO_DATE('2017-6-29 10:23:48'), 718, 50, 11);
insert into INVOICE ("id_invoice", "id_paiment_type", "purchase_time", "id_invoice_detail", "id_client", "id_stuff") values (289, 7, TO_DATE('2017-12-20 19:52:36'), 982, 19, 22);
insert into INVOICE ("id_invoice", "id_paiment_type", "purchase_time", "id_invoice_detail", "id_client", "id_stuff") values (148, 9, TO_DATE('2017-2-4 2:53:47'), 15, 37, 18);
insert into INVOICE ("id_invoice", "id_paiment_type", "purchase_time", "id_invoice_detail", "id_client", "id_stuff") values (670, 1, TO_DATE('2017-6-28 10:21:0'), 718, 29, 34);
insert into INVOICE ("id_invoice", "id_paiment_type", "purchase_time", "id_invoice_detail", "id_client", "id_stuff") values (839, 3, TO_DATE('2017-7-10 11:0:57'), 203, 6, 36);
insert into INVOICE ("id_invoice", "id_paiment_type", "purchase_time", "id_invoice_detail", "id_client", "id_stuff") values (924, 7, TO_DATE('2017-12-30 20:20:7'), 718, 35, 25);
insert into INVOICE ("id_invoice", "id_paiment_type", "purchase_time", "id_invoice_detail", "id_client", "id_stuff") values (500, 3, TO_DATE('2017-9-26 15:20:21'), 203, 36, 34);
insert into INVOICE ("id_invoice", "id_paiment_type", "purchase_time", "id_invoice_detail", "id_client", "id_stuff") values (783, 9, TO_DATE('2017-2-3 2:47:59'), 424, 5, 2);
insert into INVOICE ("id_invoice", "id_paiment_type", "purchase_time", "id_invoice_detail", "id_client", "id_stuff") values (10, 5, TO_DATE('2017-6-12 9:34:29'), 203, 31, 26);
insert into INVOICE ("id_invoice", "id_paiment_type", "purchase_time", "id_invoice_detail", "id_client", "id_stuff") values (627, 8, TO_DATE('2017-1-8 1:27:18'), 544, 50, 8);
insert into INVOICE ("id_invoice", "id_paiment_type", "purchase_time", "id_invoice_detail", "id_client", "id_stuff") values (14, 2, TO_DATE('2017-3-24 5:24:59'), 424, 19, 26);
insert into INVOICE ("id_invoice", "id_paiment_type", "purchase_time", "id_invoice_detail", "id_client", "id_stuff") values (25, 9, TO_DATE('2017-12-6 19:4:46'), 424, 24, 4);
insert into INVOICE ("id_invoice", "id_paiment_type", "purchase_time", "id_invoice_detail", "id_client", "id_stuff") values (381, 3, TO_DATE('2017-9-30 15:28:55'), 203, 42, 43);
insert into INVOICE ("id_invoice", "id_paiment_type", "purchase_time", "id_invoice_detail", "id_client", "id_stuff") values (597, 9, TO_DATE('2017-5-21 8:30:44'), 135, 45, 14);
insert into INVOICE ("id_invoice", "id_paiment_type", "purchase_time", "id_invoice_detail", "id_client", "id_stuff") values (665, 7, TO_DATE('2018-1-22 21:26:43'), 544, 24, 39);
insert into INVOICE ("id_invoice", "id_paiment_type", "purchase_time", "id_invoice_detail", "id_client", "id_stuff") values (797, 3, TO_DATE('2017-9-6 14:18:17'), 982, 37, 26);
insert into INVOICE ("id_invoice", "id_paiment_type", "purchase_time", "id_invoice_detail", "id_client", "id_stuff") values (70, 7, TO_DATE('2017-10-26 16:55:49'), 424, 41, 15);
insert into INVOICE ("id_invoice", "id_paiment_type", "purchase_time", "id_invoice_detail", "id_client", "id_stuff") values (988, 8, TO_DATE('2017-2-25 3:58:46'), 544, 41, 19);
insert into INVOICE ("id_invoice", "id_paiment_type", "purchase_time", "id_invoice_detail", "id_client", "id_stuff") values (281, 8, TO_DATE('2017-1-8 1:25:44'), 15, 13, 45);
insert into INVOICE ("id_invoice", "id_paiment_type", "purchase_time", "id_invoice_detail", "id_client", "id_stuff") values (396, 3, TO_DATE('2017-10-28 17:2:43'), 15, 29, 39);
insert into INVOICE ("id_invoice", "id_paiment_type", "purchase_time", "id_invoice_detail", "id_client", "id_stuff") values (605, 7, TO_DATE('2017-12-18 19:46:40'), 544, 45, 3);
insert into INVOICE ("id_invoice", "id_paiment_type", "purchase_time", "id_invoice_detail", "id_client", "id_stuff") values (237, 5, TO_DATE('2017-1-13 1:39:15'), 15, 20, 15);
insert into INVOICE ("id_invoice", "id_paiment_type", "purchase_time", "id_invoice_detail", "id_client", "id_stuff") values (635, 9, TO_DATE('2017-1-24 2:20:49'), 437, 32, 35);
insert into INVOICE ("id_invoice", "id_paiment_type", "purchase_time", "id_invoice_detail", "id_client", "id_stuff") values (888, 1, TO_DATE('2017-11-21 18:14:21'), 424, 3, 14);
insert into INVOICE ("id_invoice", "id_paiment_type", "purchase_time", "id_invoice_detail", "id_client", "id_stuff") values (471, 1, TO_DATE('2017-6-6 9:15:13'), 544, 37, 34);
insert into INVOICE ("id_invoice", "id_paiment_type", "purchase_time", "id_invoice_detail", "id_client", "id_stuff") values (595, 7, TO_DATE('2017-4-7 6:11:58'), 982, 29, 27);
insert into INVOICE ("id_invoice", "id_paiment_type", "purchase_time", "id_invoice_detail", "id_client", "id_stuff") values (41, 8, TO_DATE('2018-2-23 23:3:5'), 15, 29, 25);
insert into INVOICE ("id_invoice", "id_paiment_type", "purchase_time", "id_invoice_detail", "id_client", "id_stuff") values (365, 8, TO_DATE('2017-1-23 2:18:33'), 437, 29, 18);
insert into INVOICE ("id_invoice", "id_paiment_type", "purchase_time", "id_invoice_detail", "id_client", "id_stuff") values (141, 5, TO_DATE('2017-3-4 4:23:15'), 203, 37, 41);
insert into INVOICE ("id_invoice", "id_paiment_type", "purchase_time", "id_invoice_detail", "id_client", "id_stuff") values (314, 5, TO_DATE('2017-7-25 11:46:8'), 718, 39, 30);
insert into INVOICE ("id_invoice", "id_paiment_type", "purchase_time", "id_invoice_detail", "id_client", "id_stuff") values (731, 1, TO_DATE('2017-11-29 18:42:34'), 15, 48, 21);
insert into INVOICE ("id_invoice", "id_paiment_type", "purchase_time", "id_invoice_detail", "id_client", "id_stuff") values (651, 8, TO_DATE('2017-12-14 19:36:26'), 135, 44, 14);
insert into INVOICE ("id_invoice", "id_paiment_type", "purchase_time", "id_invoice_detail", "id_client", "id_stuff") values (38, 4, TO_DATE('2017-1-3 1:10:54'), 544, 18, 32);
insert into INVOICE ("id_invoice", "id_paiment_type", "purchase_time", "id_invoice_detail", "id_client", "id_stuff") values (862, 3, TO_DATE('2017-8-3 12:18:52'), 203, 13, 43);
insert into INVOICE ("id_invoice", "id_paiment_type", "purchase_time", "id_invoice_detail", "id_client", "id_stuff") values (903, 7, TO_DATE('2017-8-26 13:43:11'), 203, 26, 17);
insert into INVOICE ("id_invoice", "id_paiment_type", "purchase_time", "id_invoice_detail", "id_client", "id_stuff") values (619, 8, TO_DATE('2017-11-3 17:20:16'), 718, 50, 4);
insert into INVOICE ("id_invoice", "id_paiment_type", "purchase_time", "id_invoice_detail", "id_client", "id_stuff") values (238, 1, TO_DATE('2017-12-21 19:54:24'), 982, 32, 30);
insert into INVOICE ("id_invoice", "id_paiment_type", "purchase_time", "id_invoice_detail", "id_client", "id_stuff") values (342, 2, TO_DATE('2017-3-6 4:29:40'), 424, 25, 3);
insert into INVOICE ("id_invoice", "id_paiment_type", "purchase_time", "id_invoice_detail", "id_client", "id_stuff") values (458, 2, TO_DATE('2017-3-7 4:33:1'), 718, 35, 4);
insert into INVOICE ("id_invoice", "id_paiment_type", "purchase_time", "id_invoice_detail", "id_client", "id_stuff") values (274, 3, TO_DATE('2017-3-3 4:19:29'), 135, 47, 43);
insert into INVOICE ("id_invoice", "id_paiment_type", "purchase_time", "id_invoice_detail", "id_client", "id_stuff") values (137, 4, TO_DATE('2017-7-13 11:11:23'), 718, 46, 9);
insert into INVOICE ("id_invoice", "id_paiment_type", "purchase_time", "id_invoice_detail", "id_client", "id_stuff") values (113, 5, TO_DATE('2017-1-15 1:49:16'), 15, 24, 14);
insert into INVOICE ("id_invoice", "id_paiment_type", "purchase_time", "id_invoice_detail", "id_client", "id_stuff") values (224, 7, TO_DATE('2017-2-18 3:37:32'), 15, 7, 21);
insert into INVOICE ("id_invoice", "id_paiment_type", "purchase_time", "id_invoice_detail", "id_client", "id_stuff") values (954, 7, TO_DATE('2017-6-22 10:5:48'), 544, 8, 49);
insert into INVOICE ("id_invoice", "id_paiment_type", "purchase_time", "id_invoice_detail", "id_client", "id_stuff") values (522, 3, TO_DATE('2017-5-25 8:39:17'), 203, 45, 42);
insert into INVOICE ("id_invoice", "id_paiment_type", "purchase_time", "id_invoice_detail", "id_client", "id_stuff") values (968, 8, TO_DATE('2017-7-23 11:39:18'), 135, 23, 21);
insert into INVOICE ("id_invoice", "id_paiment_type", "purchase_time", "id_invoice_detail", "id_client", "id_stuff") values (414, 1, TO_DATE('2017-11-7 17:32:21'), 15, 42, 11);
insert into INVOICE ("id_invoice", "id_paiment_type", "purchase_time", "id_invoice_detail", "id_client", "id_stuff") values (934, 8, TO_DATE('2017-6-9 9:23:47'), 982, 11, 12);
insert into INVOICE ("id_invoice", "id_paiment_type", "purchase_time", "id_invoice_detail", "id_client", "id_stuff") values (751, 1, TO_DATE('2017-10-19 16:34:31'), 437, 3, 12);
insert into INVOICE ("id_invoice", "id_paiment_type", "purchase_time", "id_invoice_detail", "id_client", "id_stuff") values (199, 7, TO_DATE('2017-4-13 6:28:28'), 203, 48, 5);
insert into INVOICE ("id_invoice", "id_paiment_type", "purchase_time", "id_invoice_detail", "id_client", "id_stuff") values (914, 8, TO_DATE('2017-4-17 6:38:48'), 424, 25, 10);
insert into INVOICE ("id_invoice", "id_paiment_type", "purchase_time", "id_invoice_detail", "id_client", "id_stuff") values (609, 8, TO_DATE('2018-3-3 23:31:43'), 424, 28, 43);
insert into INVOICE ("id_invoice", "id_paiment_type", "purchase_time", "id_invoice_detail", "id_client", "id_stuff") values (182, 4, TO_DATE('2017-4-8 6:13:46'), 544, 45, 1);
insert into INVOICE ("id_invoice", "id_paiment_type", "purchase_time", "id_invoice_detail", "id_client", "id_stuff") values (987, 1, TO_DATE('2017-4-21 6:53:48'), 544, 35, 7);
insert into INVOICE ("id_invoice", "id_paiment_type", "purchase_time", "id_invoice_detail", "id_client", "id_stuff") values (408, 9, TO_DATE('2017-10-22 16:43:10'), 718, 30, 35);
insert into INVOICE ("id_invoice", "id_paiment_type", "purchase_time", "id_invoice_detail", "id_client", "id_stuff") values (280, 4, TO_DATE('2017-10-7 15:54:28'), 544, 15, 1);
insert into INVOICE ("id_invoice", "id_paiment_type", "purchase_time", "id_invoice_detail", "id_client", "id_stuff") values (681, 2, TO_DATE('2017-10-15 16:21:49'), 135, 35, 11);
insert into INVOICE ("id_invoice", "id_paiment_type", "purchase_time", "id_invoice_detail", "id_client", "id_stuff") values (399, 5, TO_DATE('2017-10-26 16:54:32'), 982, 20, 15);
insert into INVOICE ("id_invoice", "id_paiment_type", "purchase_time", "id_invoice_detail", "id_client", "id_stuff") values (803, 8, TO_DATE('2017-4-20 6:51:8'), 544, 45, 1);
insert into INVOICE ("id_invoice", "id_paiment_type", "purchase_time", "id_invoice_detail", "id_client", "id_stuff") values (865, 1, TO_DATE('2017-1-16 1:50:59'), 15, 25, 46);
insert into INVOICE ("id_invoice", "id_paiment_type", "purchase_time", "id_invoice_detail", "id_client", "id_stuff") values (571, 8, TO_DATE('2017-11-1 17:14:7'), 203, 35, 17);
insert into INVOICE ("id_invoice", "id_paiment_type", "purchase_time", "id_invoice_detail", "id_client", "id_stuff") values (690, 8, TO_DATE('2018-1-13 21:0:51'), 544, 43, 12);
insert into INVOICE ("id_invoice", "id_paiment_type", "purchase_time", "id_invoice_detail", "id_client", "id_stuff") values (785, 2, TO_DATE('2017-3-30 5:46:6'), 718, 31, 47);
insert into INVOICE ("id_invoice", "id_paiment_type", "purchase_time", "id_invoice_detail", "id_client", "id_stuff") values (592, 7, TO_DATE('2017-8-11 12:48:9'), 982, 11, 13);
insert into INVOICE ("id_invoice", "id_paiment_type", "purchase_time", "id_invoice_detail", "id_client", "id_stuff") values (328, 3, TO_DATE('2017-4-12 6:25:49'), 15, 23, 44);
insert into INVOICE ("id_invoice", "id_paiment_type", "purchase_time", "id_invoice_detail", "id_client", "id_stuff") values (49, 9, TO_DATE('2017-6-1 9:0:36'), 15, 32, 46);
insert into INVOICE ("id_invoice", "id_paiment_type", "purchase_time", "id_invoice_detail", "id_client", "id_stuff") values (653, 7, TO_DATE('2017-7-4 10:41:40'), 135, 39, 8);
insert into INVOICE ("id_invoice", "id_paiment_type", "purchase_time", "id_invoice_detail", "id_client", "id_stuff") values (123, 5, TO_DATE('2017-9-1 14:0:33'), 437, 47, 10);
insert into INVOICE ("id_invoice", "id_paiment_type", "purchase_time", "id_invoice_detail", "id_client", "id_stuff") values (306, 5, TO_DATE('2017-3-28 5:38:12'), 15, 2, 34);
insert into INVOICE ("id_invoice", "id_paiment_type", "purchase_time", "id_invoice_detail", "id_client", "id_stuff") values (439, 2, TO_DATE('2017-6-3 9:3:36'), 718, 29, 13);
insert into INVOICE ("id_invoice", "id_paiment_type", "purchase_time", "id_invoice_detail", "id_client", "id_stuff") values (325, 4, TO_DATE('2017-1-22 2:13:39'), 718, 11, 31);
insert into INVOICE ("id_invoice", "id_paiment_type", "purchase_time", "id_invoice_detail", "id_client", "id_stuff") values (942, 4, TO_DATE('2017-3-7 4:31:28'), 203, 16, 49);
insert into INVOICE ("id_invoice", "id_paiment_type", "purchase_time", "id_invoice_detail", "id_client", "id_stuff") values (441, 8, TO_DATE('2017-3-20 5:9:53'), 424, 50, 22);
insert into INVOICE ("id_invoice", "id_paiment_type", "purchase_time", "id_invoice_detail", "id_client", "id_stuff") values (461, 1, TO_DATE('2018-1-6 20:43:19'), 424, 30, 31);
insert into INVOICE ("id_invoice", "id_paiment_type", "purchase_time", "id_invoice_detail", "id_client", "id_stuff") values (276, 2, TO_DATE('2017-4-12 6:27:33'), 135, 33, 28);
insert into INVOICE ("id_invoice", "id_paiment_type", "purchase_time", "id_invoice_detail", "id_client", "id_stuff") values (370, 5, TO_DATE('2017-1-26 2:28:45'), 544, 37, 44);
insert into INVOICE ("id_invoice", "id_paiment_type", "purchase_time", "id_invoice_detail", "id_client", "id_stuff") values (716, 8, TO_DATE('2017-1-15 1:47:20'), 203, 32, 16);
insert into INVOICE ("id_invoice", "id_paiment_type", "purchase_time", "id_invoice_detail", "id_client", "id_stuff") values (843, 8, TO_DATE('2017-10-21 16:40:26'), 544, 7, 42);
insert into INVOICE ("id_invoice", "id_paiment_type", "purchase_time", "id_invoice_detail", "id_client", "id_stuff") values (802, 8, TO_DATE('2017-7-3 10:38:6'), 424, 10, 18);
insert into INVOICE ("id_invoice", "id_paiment_type", "purchase_time", "id_invoice_detail", "id_client", "id_stuff") values (162, 3, TO_DATE('2017-6-25 10:11:46'), 135, 34, 32);
insert into INVOICE ("id_invoice", "id_paiment_type", "purchase_time", "id_invoice_detail", "id_client", "id_stuff") values (757, 3, TO_DATE('2017-9-12 14:37:11'), 437, 27, 29);
insert into INVOICE ("id_invoice", "id_paiment_type", "purchase_time", "id_invoice_detail", "id_client", "id_stuff") values (19, 4, TO_DATE('2017-3-20 5:12:57'), 982, 15, 5);
insert into INVOICE ("id_invoice", "id_paiment_type", "purchase_time", "id_invoice_detail", "id_client", "id_stuff") values (771, 3, TO_DATE('2017-8-8 12:36:21'), 135, 21, 39);
insert into INVOICE ("id_invoice", "id_paiment_type", "purchase_time", "id_invoice_detail", "id_client", "id_stuff") values (841, 5, TO_DATE('2018-1-11 20:54:53'), 544, 29, 48);
insert into INVOICE ("id_invoice", "id_paiment_type", "purchase_time", "id_invoice_detail", "id_client", "id_stuff") values (858, 2, TO_DATE('2017-11-27 18:33:20'), 15, 37, 18);
insert into INVOICE ("id_invoice", "id_paiment_type", "purchase_time", "id_invoice_detail", "id_client", "id_stuff") values (564, 7, TO_DATE('2017-3-25 5:26:38'), 424, 14, 7);
insert into INVOICE ("id_invoice", "id_paiment_type", "purchase_time", "id_invoice_detail", "id_client", "id_stuff") values (9, 1, TO_DATE('2017-12-3 18:55:9'), 544, 9, 7);
insert into INVOICE ("id_invoice", "id_paiment_type", "purchase_time", "id_invoice_detail", "id_client", "id_stuff") values (204, 9, TO_DATE('2017-9-24 15:14:44'), 437, 19, 39);
insert into INVOICE ("id_invoice", "id_paiment_type", "purchase_time", "id_invoice_detail", "id_client", "id_stuff") values (851, 1, TO_DATE('2017-11-22 18:18:14'), 437, 6, 20);
insert into INVOICE ("id_invoice", "id_paiment_type", "purchase_time", "id_invoice_detail", "id_client", "id_stuff") values (106, 5, TO_DATE('2017-1-2 1:7:3'), 203, 48, 31);
insert into INVOICE ("id_invoice", "id_paiment_type", "purchase_time", "id_invoice_detail", "id_client", "id_stuff") values (748, 2, TO_DATE('2017-12-19 19:49:1'), 203, 33, 2);
insert into INVOICE ("id_invoice", "id_paiment_type", "purchase_time", "id_invoice_detail", "id_client", "id_stuff") values (794, 4, TO_DATE('2017-6-16 9:46:42'), 203, 48, 48);
insert into INVOICE ("id_invoice", "id_paiment_type", "purchase_time", "id_invoice_detail", "id_client", "id_stuff") values (840, 3, TO_DATE('2017-7-20 11:32:21'), 544, 16, 7);
insert into INVOICE ("id_invoice", "id_paiment_type", "purchase_time", "id_invoice_detail", "id_client", "id_stuff") values (941, 4, TO_DATE('2017-11-6 17:30:8'), 982, 27, 34);
insert into INVOICE ("id_invoice", "id_paiment_type", "purchase_time", "id_invoice_detail", "id_client", "id_stuff") values (678, 1, TO_DATE('2017-5-10 7:52:4'), 718, 14, 41);
insert into INVOICE ("id_invoice", "id_paiment_type", "purchase_time", "id_invoice_detail", "id_client", "id_stuff") values (497, 1, TO_DATE('2017-1-30 2:39:7'), 437, 20, 24);
insert into INVOICE ("id_invoice", "id_paiment_type", "purchase_time", "id_invoice_detail", "id_client", "id_stuff") values (917, 1, TO_DATE('2017-6-14 9:40:10'), 135, 37, 22);
insert into INVOICE ("id_invoice", "id_paiment_type", "purchase_time", "id_invoice_detail", "id_client", "id_stuff") values (643, 2, TO_DATE('2017-9-21 15:6:28'), 424, 27, 38);
insert into INVOICE ("id_invoice", "id_paiment_type", "purchase_time", "id_invoice_detail", "id_client", "id_stuff") values (438, 5, TO_DATE('2017-3-3 4:21:16'), 437, 13, 11);
insert into INVOICE ("id_invoice", "id_paiment_type", "purchase_time", "id_invoice_detail", "id_client", "id_stuff") values (864, 1, TO_DATE('2017-11-11 17:44:8'), 15, 8, 23);
insert into INVOICE ("id_invoice", "id_paiment_type", "purchase_time", "id_invoice_detail", "id_client", "id_stuff") values (174, 7, TO_DATE('2018-1-8 20:47:20'), 203, 7, 17);
insert into INVOICE ("id_invoice", "id_paiment_type", "purchase_time", "id_invoice_detail", "id_client", "id_stuff") values (167, 4, TO_DATE('2017-5-10 7:49:42'), 15, 32, 48);
insert into INVOICE ("id_invoice", "id_paiment_type", "purchase_time", "id_invoice_detail", "id_client", "id_stuff") values (957, 9, TO_DATE('2017-3-26 5:30:6'), 982, 24, 32);
insert into INVOICE ("id_invoice", "id_paiment_type", "purchase_time", "id_invoice_detail", "id_client", "id_stuff") values (885, 8, TO_DATE('2017-5-25 8:37:25'), 424, 9, 12);
insert into INVOICE ("id_invoice", "id_paiment_type", "purchase_time", "id_invoice_detail", "id_client", "id_stuff") values (424, 5, TO_DATE('2017-7-16 11:24:7'), 135, 35, 33);
insert into INVOICE ("id_invoice", "id_paiment_type", "purchase_time", "id_invoice_detail", "id_client", "id_stuff") values (853, 5, TO_DATE('2017-12-28 20:15:57'), 203, 34, 11);
insert into INVOICE ("id_invoice", "id_paiment_type", "purchase_time", "id_invoice_detail", "id_client", "id_stuff") values (531, 9, TO_DATE('2017-6-30 10:26:39'), 203, 13, 19);
insert into INVOICE ("id_invoice", "id_paiment_type", "purchase_time", "id_invoice_detail", "id_client", "id_stuff") values (704, 2, TO_DATE('2017-9-15 14:48:9'), 424, 20, 3);
insert into INVOICE ("id_invoice", "id_paiment_type", "purchase_time", "id_invoice_detail", "id_client", "id_stuff") values (31, 4, TO_DATE('2017-8-14 13:1:27'), 437, 1, 11);
insert into INVOICE ("id_invoice", "id_paiment_type", "purchase_time", "id_invoice_detail", "id_client", "id_stuff") values (698, 8, TO_DATE('2017-6-27 10:18:27'), 718, 24, 31);
insert into INVOICE ("id_invoice", "id_paiment_type", "purchase_time", "id_invoice_detail", "id_client", "id_stuff") values (326, 9, TO_DATE('2017-2-3 2:50:58'), 718, 32, 18);
insert into INVOICE ("id_invoice", "id_paiment_type", "purchase_time", "id_invoice_detail", "id_client", "id_stuff") values (136, 9, TO_DATE('2017-8-17 13:8:59'), 203, 48, 9);
insert into INVOICE ("id_invoice", "id_paiment_type", "purchase_time", "id_invoice_detail", "id_client", "id_stuff") values (953, 7, TO_DATE('2018-2-27 23:19:17'), 982, 14, 23);
insert into INVOICE ("id_invoice", "id_paiment_type", "purchase_time", "id_invoice_detail", "id_client", "id_stuff") values (994, 3, TO_DATE('2017-7-5 10:46:40'), 544, 3, 23);
insert into INVOICE ("id_invoice", "id_paiment_type", "purchase_time", "id_invoice_detail", "id_client", "id_stuff") values (708, 3, TO_DATE('2018-2-26 23:12:45'), 982, 13, 17);
insert into INVOICE ("id_invoice", "id_paiment_type", "purchase_time", "id_invoice_detail", "id_client", "id_stuff") values (572, 4, TO_DATE('2017-3-30 5:48:1'), 203, 39, 23);
insert into INVOICE ("id_invoice", "id_paiment_type", "purchase_time", "id_invoice_detail", "id_client", "id_stuff") values (836, 8, TO_DATE('2017-2-16 3:29:55'), 203, 24, 33);
insert into INVOICE ("id_invoice", "id_paiment_type", "purchase_time", "id_invoice_detail", "id_client", "id_stuff") values (40, 2, TO_DATE('2017-4-11 6:22:45'), 437, 49, 36);
insert into INVOICE ("id_invoice", "id_paiment_type", "purchase_time", "id_invoice_detail", "id_client", "id_stuff") values (2, 8, TO_DATE('2017-12-8 19:15:37'), 15, 28, 26);
insert into INVOICE ("id_invoice", "id_paiment_type", "purchase_time", "id_invoice_detail", "id_client", "id_stuff") values (463, 9, TO_DATE('2017-3-16 5:0:0'), 718, 35, 42);
insert into INVOICE ("id_invoice", "id_paiment_type", "purchase_time", "id_invoice_detail", "id_client", "id_stuff") values (889, 8, TO_DATE('2017-8-13 12:56:34'), 437, 34, 13);
insert into INVOICE ("id_invoice", "id_paiment_type", "purchase_time", "id_invoice_detail", "id_client", "id_stuff") values (260, 8, TO_DATE('2017-8-20 13:19:27'), 135, 34, 19);
insert into INVOICE ("id_invoice", "id_paiment_type", "purchase_time", "id_invoice_detail", "id_client", "id_stuff") values (852, 1, TO_DATE('2017-5-29 8:49:47'), 437, 30, 40);
insert into INVOICE ("id_invoice", "id_paiment_type", "purchase_time", "id_invoice_detail", "id_client", "id_stuff") values (183, 5, TO_DATE('2017-1-10 1:30:22'), 982, 33, 36);
insert into INVOICE ("id_invoice", "id_paiment_type", "purchase_time", "id_invoice_detail", "id_client", "id_stuff") values (847, 7, TO_DATE('2017-11-4 17:23:48'), 203, 22, 38);
insert into INVOICE ("id_invoice", "id_paiment_type", "purchase_time", "id_invoice_detail", "id_client", "id_stuff") values (51, 7, TO_DATE('2017-8-8 12:38:11'), 718, 9, 21);
insert into INVOICE ("id_invoice", "id_paiment_type", "purchase_time", "id_invoice_detail", "id_client", "id_stuff") values (102, 4, TO_DATE('2017-12-10 19:21:54'), 135, 37, 21);
insert into INVOICE ("id_invoice", "id_paiment_type", "purchase_time", "id_invoice_detail", "id_client", "id_stuff") values (759, 3, TO_DATE('2017-6-4 9:9:17'), 982, 16, 1);
insert into INVOICE ("id_invoice", "id_paiment_type", "purchase_time", "id_invoice_detail", "id_client", "id_stuff") values (726, 5, TO_DATE('2018-2-26 23:16:41'), 544, 47, 4);
insert into INVOICE ("id_invoice", "id_paiment_type", "purchase_time", "id_invoice_detail", "id_client", "id_stuff") values (920, 2, TO_DATE('2017-2-10 3:14:15'), 544, 13, 38);
insert into INVOICE ("id_invoice", "id_paiment_type", "purchase_time", "id_invoice_detail", "id_client", "id_stuff") values (892, 7, TO_DATE('2017-7-28 11:56:54'), 718, 28, 33);
insert into INVOICE ("id_invoice", "id_paiment_type", "purchase_time", "id_invoice_detail", "id_client", "id_stuff") values (932, 3, TO_DATE('2017-8-10 12:45:0'), 544, 26, 38);
insert into INVOICE ("id_invoice", "id_paiment_type", "purchase_time", "id_invoice_detail", "id_client", "id_stuff") values (823, 1, TO_DATE('2017-5-15 8:11:27'), 982, 14, 24);
insert into INVOICE ("id_invoice", "id_paiment_type", "purchase_time", "id_invoice_detail", "id_client", "id_stuff") values (247, 8, TO_DATE('2017-11-22 18:19:16'), 424, 9, 21);
insert into INVOICE ("id_invoice", "id_paiment_type", "purchase_time", "id_invoice_detail", "id_client", "id_stuff") values (844, 1, TO_DATE('2017-7-20 11:33:38'), 982, 21, 31);
insert into INVOICE ("id_invoice", "id_paiment_type", "purchase_time", "id_invoice_detail", "id_client", "id_stuff") values (696, 8, TO_DATE('2017-3-17 5:1:4'), 424, 49, 29);
insert into INVOICE ("id_invoice", "id_paiment_type", "purchase_time", "id_invoice_detail", "id_client", "id_stuff") values (629, 4, TO_DATE('2017-5-6 7:39:31'), 135, 6, 19);
insert into INVOICE ("id_invoice", "id_paiment_type", "purchase_time", "id_invoice_detail", "id_client", "id_stuff") values (232, 1, TO_DATE('2017-12-6 19:7:47'), 544, 24, 27);
insert into INVOICE ("id_invoice", "id_paiment_type", "purchase_time", "id_invoice_detail", "id_client", "id_stuff") values (327, 1, TO_DATE('2017-3-15 4:57:30'), 203, 22, 23);
insert into INVOICE ("id_invoice", "id_paiment_type", "purchase_time", "id_invoice_detail", "id_client", "id_stuff") values (474, 1, TO_DATE('2017-5-26 8:42:25'), 718, 50, 49);
insert into INVOICE ("id_invoice", "id_paiment_type", "purchase_time", "id_invoice_detail", "id_client", "id_stuff") values (160, 1, TO_DATE('2017-7-26 11:51:24'), 424, 1, 45);
insert into INVOICE ("id_invoice", "id_paiment_type", "purchase_time", "id_invoice_detail", "id_client", "id_stuff") values (943, 3, TO_DATE('2017-6-27 10:16:39'), 424, 40, 5);
insert into INVOICE ("id_invoice", "id_paiment_type", "purchase_time", "id_invoice_detail", "id_client", "id_stuff") values (591, 1, TO_DATE('2018-1-22 21:28:22'), 135, 4, 36);
insert into INVOICE ("id_invoice", "id_paiment_type", "purchase_time", "id_invoice_detail", "id_client", "id_stuff") values (964, 5, TO_DATE('2017-12-13 19:30:32'), 203, 50, 50);
insert into INVOICE ("id_invoice", "id_paiment_type", "purchase_time", "id_invoice_detail", "id_client", "id_stuff") values (482, 3, TO_DATE('2018-2-27 23:18:30'), 15, 1, 12);
insert into INVOICE ("id_invoice", "id_paiment_type", "purchase_time", "id_invoice_detail", "id_client", "id_stuff") values (986, 3, TO_DATE('2017-2-1 2:45:2'), 982, 37, 5);
insert into INVOICE ("id_invoice", "id_paiment_type", "purchase_time", "id_invoice_detail", "id_client", "id_stuff") values (747, 5, TO_DATE('2017-7-29 11:59:37'), 982, 2, 30);
insert into INVOICE ("id_invoice", "id_paiment_type", "purchase_time", "id_invoice_detail", "id_client", "id_stuff") values (669, 4, TO_DATE('2017-5-23 8:33:15'), 203, 28, 41);
insert into INVOICE ("id_invoice", "id_paiment_type", "purchase_time", "id_invoice_detail", "id_client", "id_stuff") values (714, 3, TO_DATE('2017-3-17 5:2:35'), 203, 17, 45);
insert into INVOICE ("id_invoice", "id_paiment_type", "purchase_time", "id_invoice_detail", "id_client", "id_stuff") values (857, 9, TO_DATE('2017-7-24 11:44:54'), 15, 17, 4);
insert into INVOICE ("id_invoice", "id_paiment_type", "purchase_time", "id_invoice_detail", "id_client", "id_stuff") values (99, 3, TO_DATE('2017-11-9 17:39:1'), 437, 48, 35);
insert into INVOICE ("id_invoice", "id_paiment_type", "purchase_time", "id_invoice_detail", "id_client", "id_stuff") values (499, 8, TO_DATE('2017-12-23 19:59:6'), 544, 9, 22);
insert into INVOICE ("id_invoice", "id_paiment_type", "purchase_time", "id_invoice_detail", "id_client", "id_stuff") values (861, 5, TO_DATE('2017-7-11 11:4:30'), 982, 44, 14);
insert into INVOICE ("id_invoice", "id_paiment_type", "purchase_time", "id_invoice_detail", "id_client", "id_stuff") values (576, 3, TO_DATE('2017-7-8 10:53:58'), 437, 40, 47);
insert into INVOICE ("id_invoice", "id_paiment_type", "purchase_time", "id_invoice_detail", "id_client", "id_stuff") values (782, 7, TO_DATE('2017-5-27 8:45:24'), 544, 44, 18);
insert into INVOICE ("id_invoice", "id_paiment_type", "purchase_time", "id_invoice_detail", "id_client", "id_stuff") values (898, 4, TO_DATE('2017-1-31 2:40:46'), 982, 8, 11);
insert into INVOICE ("id_invoice", "id_paiment_type", "purchase_time", "id_invoice_detail", "id_client", "id_stuff") values (293, 4, TO_DATE('2017-1-15 1:44:22'), 544, 45, 47);
insert into INVOICE ("id_invoice", "id_paiment_type", "purchase_time", "id_invoice_detail", "id_client", "id_stuff") values (930, 1, TO_DATE('2017-2-27 4:6:44'), 982, 11, 50);
insert into INVOICE ("id_invoice", "id_paiment_type", "purchase_time", "id_invoice_detail", "id_client", "id_stuff") values (319, 7, TO_DATE('2017-10-25 16:53:18'), 15, 12, 38);
insert into INVOICE ("id_invoice", "id_paiment_type", "purchase_time", "id_invoice_detail", "id_client", "id_stuff") values (223, 9, TO_DATE('2017-8-17 13:10:53'), 135, 23, 23);
insert into INVOICE ("id_invoice", "id_paiment_type", "purchase_time", "id_invoice_detail", "id_client", "id_stuff") values (464, 3, TO_DATE('2017-7-13 11:12:56'), 544, 44, 23);
insert into INVOICE ("id_invoice", "id_paiment_type", "purchase_time", "id_invoice_detail", "id_client", "id_stuff") values (541, 8, TO_DATE('2017-4-18 6:43:7'), 982, 37, 39);
insert into INVOICE ("id_invoice", "id_paiment_type", "purchase_time", "id_invoice_detail", "id_client", "id_stuff") values (547, 1, TO_DATE('2017-11-20 18:13:16'), 135, 27, 32);
insert into INVOICE ("id_invoice", "id_paiment_type", "purchase_time", "id_invoice_detail", "id_client", "id_stuff") values (413, 1, TO_DATE('2017-12-31 20:24:39'), 544, 13, 10);
insert into INVOICE ("id_invoice", "id_paiment_type", "purchase_time", "id_invoice_detail", "id_client", "id_stuff") values (12, 7, TO_DATE('2017-11-18 18:3:36'), 437, 12, 31);
insert into INVOICE ("id_invoice", "id_paiment_type", "purchase_time", "id_invoice_detail", "id_client", "id_stuff") values (551, 7, TO_DATE('2018-2-16 22:43:50'), 135, 4, 45);
insert into INVOICE ("id_invoice", "id_paiment_type", "purchase_time", "id_invoice_detail", "id_client", "id_stuff") values (386, 7, TO_DATE('2017-11-25 18:27:54'), 15, 14, 41);
insert into INVOICE ("id_invoice", "id_paiment_type", "purchase_time", "id_invoice_detail", "id_client", "id_stuff") values (712, 1, TO_DATE('2017-5-30 8:54:36'), 135, 38, 25);
insert into INVOICE ("id_invoice", "id_paiment_type", "purchase_time", "id_invoice_detail", "id_client", "id_stuff") values (552, 2, TO_DATE('2017-8-9 12:39:6'), 544, 23, 50);
insert into INVOICE ("id_invoice", "id_paiment_type", "purchase_time", "id_invoice_detail", "id_client", "id_stuff") values (404, 4, TO_DATE('2017-3-26 5:32:34'), 203, 28, 32);
insert into INVOICE ("id_invoice", "id_paiment_type", "purchase_time", "id_invoice_detail", "id_client", "id_stuff") values (877, 7, TO_DATE('2017-11-30 18:45:24'), 718, 27, 38);
insert into INVOICE ("id_invoice", "id_paiment_type", "purchase_time", "id_invoice_detail", "id_client", "id_stuff") values (231, 4, TO_DATE('2018-2-4 22:7:24'), 544, 10, 17);
insert into INVOICE ("id_invoice", "id_paiment_type", "purchase_time", "id_invoice_detail", "id_client", "id_stuff") values (151, 7, TO_DATE('2017-2-12 3:18:15'), 544, 30, 37);
insert into INVOICE ("id_invoice", "id_paiment_type", "purchase_time", "id_invoice_detail", "id_client", "id_stuff") values (608, 1, TO_DATE('2017-8-4 12:22:24'), 718, 21, 11);
insert into INVOICE ("id_invoice", "id_paiment_type", "purchase_time", "id_invoice_detail", "id_client", "id_stuff") values (967, 1, TO_DATE('2017-5-11 7:55:52'), 982, 4, 39);
insert into INVOICE ("id_invoice", "id_paiment_type", "purchase_time", "id_invoice_detail", "id_client", "id_stuff") values (333, 8, TO_DATE('2017-5-31 8:56:24'), 424, 14, 24);
insert into INVOICE ("id_invoice", "id_paiment_type", "purchase_time", "id_invoice_detail", "id_client", "id_stuff") values (616, 7, TO_DATE('2018-2-20 22:54:14'), 437, 45, 17);
insert into INVOICE ("id_invoice", "id_paiment_type", "purchase_time", "id_invoice_detail", "id_client", "id_stuff") values (529, 9, TO_DATE('2017-5-21 8:28:59'), 203, 11, 21);
insert into INVOICE ("id_invoice", "id_paiment_type", "purchase_time", "id_invoice_detail", "id_client", "id_stuff") values (253, 5, TO_DATE('2017-12-8 19:13:18'), 135, 6, 47);
insert into INVOICE ("id_invoice", "id_paiment_type", "purchase_time", "id_invoice_detail", "id_client", "id_stuff") values (815, 9, TO_DATE('2018-1-1 20:26:7'), 982, 10, 27);
insert into INVOICE ("id_invoice", "id_paiment_type", "purchase_time", "id_invoice_detail", "id_client", "id_stuff") values (939, 7, TO_DATE('2018-2-1 21:59:39'), 982, 20, 40);
insert into INVOICE ("id_invoice", "id_paiment_type", "purchase_time", "id_invoice_detail", "id_client", "id_stuff") values (772, 8, TO_DATE('2017-9-27 15:23:3'), 135, 29, 50);
insert into INVOICE ("id_invoice", "id_paiment_type", "purchase_time", "id_invoice_detail", "id_client", "id_stuff") values (217, 1, TO_DATE('2017-5-22 8:31:31'), 135, 10, 22);
insert into INVOICE ("id_invoice", "id_paiment_type", "purchase_time", "id_invoice_detail", "id_client", "id_stuff") values (798, 9, TO_DATE('2017-8-20 13:21:6'), 203, 30, 29);
insert into INVOICE ("id_invoice", "id_paiment_type", "purchase_time", "id_invoice_detail", "id_client", "id_stuff") values (308, 5, TO_DATE('2017-6-3 9:5:53'), 424, 30, 41);
insert into INVOICE ("id_invoice", "id_paiment_type", "purchase_time", "id_invoice_detail", "id_client", "id_stuff") values (937, 8, TO_DATE('2017-6-16 9:47:24'), 544, 44, 12);
insert into INVOICE ("id_invoice", "id_paiment_type", "purchase_time", "id_invoice_detail", "id_client", "id_stuff") values (764, 1, TO_DATE('2017-6-26 10:15:52'), 718, 5, 1);
insert into INVOICE ("id_invoice", "id_paiment_type", "purchase_time", "id_invoice_detail", "id_client", "id_stuff") values (128, 7, TO_DATE('2017-2-24 3:55:56'), 982, 12, 28);
insert into INVOICE ("id_invoice", "id_paiment_type", "purchase_time", "id_invoice_detail", "id_client", "id_stuff") values (218, 3, TO_DATE('2017-5-17 8:18:56'), 135, 10, 36);
insert into INVOICE ("id_invoice", "id_paiment_type", "purchase_time", "id_invoice_detail", "id_client", "id_stuff") values (133, 5, TO_DATE('2017-11-18 18:4:57'), 982, 48, 42);
insert into INVOICE ("id_invoice", "id_paiment_type", "purchase_time", "id_invoice_detail", "id_client", "id_stuff") values (625, 7, TO_DATE('2017-6-26 10:14:24'), 544, 27, 43);
insert into INVOICE ("id_invoice", "id_paiment_type", "purchase_time", "id_invoice_detail", "id_client", "id_stuff") values (213, 3, TO_DATE('2017-12-9 19:18:52'), 982, 43, 33);
insert into INVOICE ("id_invoice", "id_paiment_type", "purchase_time", "id_invoice_detail", "id_client", "id_stuff") values (598, 9, TO_DATE('2017-9-13 14:39:3'), 203, 34, 13);
insert into INVOICE ("id_invoice", "id_paiment_type", "purchase_time", "id_invoice_detail", "id_client", "id_stuff") values (575, 2, TO_DATE('2017-12-29 20:17:35'), 424, 25, 16);
insert into INVOICE ("id_invoice", "id_paiment_type", "purchase_time", "id_invoice_detail", "id_client", "id_stuff") values (120, 4, TO_DATE('2017-4-10 6:18:5'), 15, 15, 1);
insert into INVOICE ("id_invoice", "id_paiment_type", "purchase_time", "id_invoice_detail", "id_client", "id_stuff") values (584, 3, TO_DATE('2017-1-18 2:1:36'), 982, 42, 38);
insert into INVOICE ("id_invoice", "id_paiment_type", "purchase_time", "id_invoice_detail", "id_client", "id_stuff") values (24, 1, TO_DATE('2017-11-23 18:24:54'), 15, 39, 4);
insert into INVOICE ("id_invoice", "id_paiment_type", "purchase_time", "id_invoice_detail", "id_client", "id_stuff") values (558, 1, TO_DATE('2017-10-12 16:11:48'), 135, 48, 31);
insert into INVOICE ("id_invoice", "id_paiment_type", "purchase_time", "id_invoice_detail", "id_client", "id_stuff") values (364, 9, TO_DATE('2017-8-26 13:44:6'), 424, 7, 43);
insert into INVOICE ("id_invoice", "id_paiment_type", "purchase_time", "id_invoice_detail", "id_client", "id_stuff") values (242, 2, TO_DATE('2017-10-5 15:48:35'), 135, 12, 28);
insert into INVOICE ("id_invoice", "id_paiment_type", "purchase_time", "id_invoice_detail", "id_client", "id_stuff") values (990, 9, TO_DATE('2017-4-7 6:12:57'), 15, 13, 6);
insert into INVOICE ("id_invoice", "id_paiment_type", "purchase_time", "id_invoice_detail", "id_client", "id_stuff") values (345, 9, TO_DATE('2017-4-9 6:16:3'), 203, 20, 33);
insert into INVOICE ("id_invoice", "id_paiment_type", "purchase_time", "id_invoice_detail", "id_client", "id_stuff") values (299, 4, TO_DATE('2017-4-7 6:10:25'), 424, 1, 43);
insert into INVOICE ("id_invoice", "id_paiment_type", "purchase_time", "id_invoice_detail", "id_client", "id_stuff") values (462, 4, TO_DATE('2017-10-10 16:4:20'), 203, 19, 20);
insert into INVOICE ("id_invoice", "id_paiment_type", "purchase_time", "id_invoice_detail", "id_client", "id_stuff") values (527, 3, TO_DATE('2018-2-8 22:18:3'), 718, 32, 4);
insert into INVOICE ("id_invoice", "id_paiment_type", "purchase_time", "id_invoice_detail", "id_client", "id_stuff") values (915, 1, TO_DATE('2017-12-18 19:47:46'), 718, 23, 37);
insert into INVOICE ("id_invoice", "id_paiment_type", "purchase_time", "id_invoice_detail", "id_client", "id_stuff") values (884, 2, TO_DATE('2017-5-21 8:27:40'), 982, 16, 8);
insert into INVOICE ("id_invoice", "id_paiment_type", "purchase_time", "id_invoice_detail", "id_client", "id_stuff") values (379, 3, TO_DATE('2017-11-1 17:15:45'), 203, 28, 30);
insert into INVOICE ("id_invoice", "id_paiment_type", "purchase_time", "id_invoice_detail", "id_client", "id_stuff") values (72, 2, TO_DATE('2017-5-20 8:25:58'), 15, 3, 2);
insert into INVOICE ("id_invoice", "id_paiment_type", "purchase_time", "id_invoice_detail", "id_client", "id_stuff") values (897, 7, TO_DATE('2017-8-6 12:29:12'), 718, 7, 36);
insert into INVOICE ("id_invoice", "id_paiment_type", "purchase_time", "id_invoice_detail", "id_client", "id_stuff") values (594, 7, TO_DATE('2018-2-15 22:38:56'), 544, 18, 32);
insert into INVOICE ("id_invoice", "id_paiment_type", "purchase_time", "id_invoice_detail", "id_client", "id_stuff") values (97, 3, TO_DATE('2017-6-5 9:12:35'), 437, 14, 21);
insert into INVOICE ("id_invoice", "id_paiment_type", "purchase_time", "id_invoice_detail", "id_client", "id_stuff") values (261, 8, TO_DATE('2017-11-3 17:22:11'), 424, 47, 9);
insert into INVOICE ("id_invoice", "id_paiment_type", "purchase_time", "id_invoice_detail", "id_client", "id_stuff") values (244, 3, TO_DATE('2017-9-9 14:30:48'), 15, 30, 34);
insert into INVOICE ("id_invoice", "id_paiment_type", "purchase_time", "id_invoice_detail", "id_client", "id_stuff") values (521, 2, TO_DATE('2017-3-6 4:28:37'), 135, 20, 7);
insert into INVOICE ("id_invoice", "id_paiment_type", "purchase_time", "id_invoice_detail", "id_client", "id_stuff") values (208, 1, TO_DATE('2017-4-26 7:8:15'), 982, 42, 11);
insert into INVOICE ("id_invoice", "id_paiment_type", "purchase_time", "id_invoice_detail", "id_client", "id_stuff") values (923, 4, TO_DATE('2018-2-20 22:55:59'), 203, 31, 37);
insert into INVOICE ("id_invoice", "id_paiment_type", "purchase_time", "id_invoice_detail", "id_client", "id_stuff") values (301, 1, TO_DATE('2018-2-25 23:9:33'), 424, 23, 43);
insert into INVOICE ("id_invoice", "id_paiment_type", "purchase_time", "id_invoice_detail", "id_client", "id_stuff") values (561, 2, TO_DATE('2017-8-1 12:11:12'), 424, 5, 4);
insert into INVOICE ("id_invoice", "id_paiment_type", "purchase_time", "id_invoice_detail", "id_client", "id_stuff") values (873, 3, TO_DATE('2017-1-9 1:28:16'), 544, 19, 44);
insert into INVOICE ("id_invoice", "id_paiment_type", "purchase_time", "id_invoice_detail", "id_client", "id_stuff") values (784, 2, TO_DATE('2017-3-18 5:6:34'), 718, 19, 46);
insert into INVOICE ("id_invoice", "id_paiment_type", "purchase_time", "id_invoice_detail", "id_client", "id_stuff") values (830, 2, TO_DATE('2017-11-23 18:23:20'), 544, 15, 33);
insert into INVOICE ("id_invoice", "id_paiment_type", "purchase_time", "id_invoice_detail", "id_client", "id_stuff") values (89, 8, TO_DATE('2017-7-14 11:17:3'), 437, 36, 13);
insert into INVOICE ("id_invoice", "id_paiment_type", "purchase_time", "id_invoice_detail", "id_client", "id_stuff") values (355, 3, TO_DATE('2017-3-2 4:17:52'), 135, 1, 7);
insert into INVOICE ("id_invoice", "id_paiment_type", "purchase_time", "id_invoice_detail", "id_client", "id_stuff") values (190, 8, TO_DATE('2017-5-16 8:14:39'), 544, 13, 4);
insert into INVOICE ("id_invoice", "id_paiment_type", "purchase_time", "id_invoice_detail", "id_client", "id_stuff") values (773, 9, TO_DATE('2017-10-24 16:46:12'), 203, 4, 34);
insert into INVOICE ("id_invoice", "id_paiment_type", "purchase_time", "id_invoice_detail", "id_client", "id_stuff") values (478, 9, TO_DATE('2018-2-28 23:20:16'), 718, 15, 47);
insert into INVOICE ("id_invoice", "id_paiment_type", "purchase_time", "id_invoice_detail", "id_client", "id_stuff") values (5, 9, TO_DATE('2017-8-16 13:8:1'), 203, 43, 27);
insert into INVOICE ("id_invoice", "id_paiment_type", "purchase_time", "id_invoice_detail", "id_client", "id_stuff") values (896, 8, TO_DATE('2017-8-22 13:30:20'), 982, 16, 32);
insert into INVOICE ("id_invoice", "id_paiment_type", "purchase_time", "id_invoice_detail", "id_client", "id_stuff") values (687, 1, TO_DATE('2018-2-12 22:29:11'), 437, 46, 50);
insert into INVOICE ("id_invoice", "id_paiment_type", "purchase_time", "id_invoice_detail", "id_client", "id_stuff") values (827, 9, TO_DATE('2017-2-5 2:57:42'), 437, 10, 42);
insert into INVOICE ("id_invoice", "id_paiment_type", "purchase_time", "id_invoice_detail", "id_client", "id_stuff") values (814, 7, TO_DATE('2017-11-7 17:31:30'), 544, 29, 4);
insert into INVOICE ("id_invoice", "id_paiment_type", "purchase_time", "id_invoice_detail", "id_client", "id_stuff") values (59, 7, TO_DATE('2017-4-25 7:7:4'), 135, 35, 24);
insert into INVOICE ("id_invoice", "id_paiment_type", "purchase_time", "id_invoice_detail", "id_client", "id_stuff") values (53, 1, TO_DATE('2018-2-26 23:15:1'), 203, 20, 24);
insert into INVOICE ("id_invoice", "id_paiment_type", "purchase_time", "id_invoice_detail", "id_client", "id_stuff") values (580, 1, TO_DATE('2018-2-6 22:11:48'), 135, 39, 9);
insert into INVOICE ("id_invoice", "id_paiment_type", "purchase_time", "id_invoice_detail", "id_client", "id_stuff") values (61, 7, TO_DATE('2017-11-8 17:33:59'), 437, 37, 31);
insert into INVOICE ("id_invoice", "id_paiment_type", "purchase_time", "id_invoice_detail", "id_client", "id_stuff") values (822, 3, TO_DATE('2018-1-5 20:39:36'), 15, 15, 16);
insert into INVOICE ("id_invoice", "id_paiment_type", "purchase_time", "id_invoice_detail", "id_client", "id_stuff") values (940, 1, TO_DATE('2017-8-25 13:40:44'), 718, 12, 8);
insert into INVOICE ("id_invoice", "id_paiment_type", "purchase_time", "id_invoice_detail", "id_client", "id_stuff") values (389, 1, TO_DATE('2017-4-3 5:58:3'), 424, 5, 4);
insert into INVOICE ("id_invoice", "id_paiment_type", "purchase_time", "id_invoice_detail", "id_client", "id_stuff") values (856, 4, TO_DATE('2017-3-22 5:18:1'), 203, 13, 29);
insert into INVOICE ("id_invoice", "id_paiment_type", "purchase_time", "id_invoice_detail", "id_client", "id_stuff") values (998, 9, TO_DATE('2017-10-14 16:16:49'), 135, 15, 50);
insert into INVOICE ("id_invoice", "id_paiment_type", "purchase_time", "id_invoice_detail", "id_client", "id_stuff") values (108, 5, TO_DATE('2017-11-25 18:29:29'), 203, 43, 27);
insert into INVOICE ("id_invoice", "id_paiment_type", "purchase_time", "id_invoice_detail", "id_client", "id_stuff") values (878, 1, TO_DATE('2017-4-18 6:45:9'), 718, 14, 29);
insert into INVOICE ("id_invoice", "id_paiment_type", "purchase_time", "id_invoice_detail", "id_client", "id_stuff") values (401, 3, TO_DATE('2017-12-9 19:17:14'), 718, 12, 38);
insert into INVOICE ("id_invoice", "id_paiment_type", "purchase_time", "id_invoice_detail", "id_client", "id_stuff") values (433, 3, TO_DATE('2017-11-17 18:2:11'), 437, 42, 30);
insert into INVOICE ("id_invoice", "id_paiment_type", "purchase_time", "id_invoice_detail", "id_client", "id_stuff") values (901, 8, TO_DATE('2017-1-4 1:13:13'), 424, 48, 27);
insert into INVOICE ("id_invoice", "id_paiment_type", "purchase_time", "id_invoice_detail", "id_client", "id_stuff") values (219, 9, TO_DATE('2017-5-18 8:21:28'), 544, 42, 11);
insert into INVOICE ("id_invoice", "id_paiment_type", "purchase_time", "id_invoice_detail", "id_client", "id_stuff") values (601, 8, TO_DATE('2017-2-15 3:27:56'), 424, 48, 28);
insert into INVOICE ("id_invoice", "id_paiment_type", "purchase_time", "id_invoice_detail", "id_client", "id_stuff") values (603, 9, TO_DATE('2017-9-2 14:6:12'), 15, 36, 46);
insert into INVOICE ("id_invoice", "id_paiment_type", "purchase_time", "id_invoice_detail", "id_client", "id_stuff") values (906, 1, TO_DATE('2017-4-4 6:1:11'), 437, 32, 42);
insert into INVOICE ("id_invoice", "id_paiment_type", "purchase_time", "id_invoice_detail", "id_client", "id_stuff") values (981, 4, TO_DATE('2017-6-13 9:37:8'), 982, 42, 21);
insert into INVOICE ("id_invoice", "id_paiment_type", "purchase_time", "id_invoice_detail", "id_client", "id_stuff") values (617, 2, TO_DATE('2017-9-27 15:23:53'), 135, 39, 6);
insert into INVOICE ("id_invoice", "id_paiment_type", "purchase_time", "id_invoice_detail", "id_client", "id_stuff") values (703, 3, TO_DATE('2017-6-1 8:59:52'), 437, 49, 44);
insert into INVOICE ("id_invoice", "id_paiment_type", "purchase_time", "id_invoice_detail", "id_client", "id_stuff") values (921, 7, TO_DATE('2017-9-24 15:15:27'), 982, 13, 42);
insert into INVOICE ("id_invoice", "id_paiment_type", "purchase_time", "id_invoice_detail", "id_client", "id_stuff") values (697, 1, TO_DATE('2017-8-10 12:41:54'), 437, 21, 48);
insert into INVOICE ("id_invoice", "id_paiment_type", "purchase_time", "id_invoice_detail", "id_client", "id_stuff") values (995, 2, TO_DATE('2017-5-15 8:12:17'), 544, 39, 40);
insert into INVOICE ("id_invoice", "id_paiment_type", "purchase_time", "id_invoice_detail", "id_client", "id_stuff") values (211, 2, TO_DATE('2017-10-16 16:24:33'), 718, 17, 40);
insert into INVOICE ("id_invoice", "id_paiment_type", "purchase_time", "id_invoice_detail", "id_client", "id_stuff") values (868, 1, TO_DATE('2018-1-14 21:3:25'), 203, 34, 11);
insert into INVOICE ("id_invoice", "id_paiment_type", "purchase_time", "id_invoice_detail", "id_client", "id_stuff") values (485, 8, TO_DATE('2017-10-7 15:52:40'), 135, 8, 21);
insert into INVOICE ("id_invoice", "id_paiment_type", "purchase_time", "id_invoice_detail", "id_client", "id_stuff") values (256, 7, TO_DATE('2017-8-12 12:53:0'), 437, 18, 11);
insert into INVOICE ("id_invoice", "id_paiment_type", "purchase_time", "id_invoice_detail", "id_client", "id_stuff") values (706, 7, TO_DATE('2018-1-3 20:34:24'), 718, 6, 49);
insert into INVOICE ("id_invoice", "id_paiment_type", "purchase_time", "id_invoice_detail", "id_client", "id_stuff") values (524, 8, TO_DATE('2017-12-16 19:42:1'), 135, 22, 27);
insert into INVOICE ("id_invoice", "id_paiment_type", "purchase_time", "id_invoice_detail", "id_client", "id_stuff") values (409, 8, TO_DATE('2017-7-3 10:40:1'), 424, 48, 30);
insert into INVOICE ("id_invoice", "id_paiment_type", "purchase_time", "id_invoice_detail", "id_client", "id_stuff") values (470, 8, TO_DATE('2017-9-4 14:10:46'), 203, 5, 17);
insert into INVOICE ("id_invoice", "id_paiment_type", "purchase_time", "id_invoice_detail", "id_client", "id_stuff") values (767, 7, TO_DATE('2017-8-30 13:56:15'), 437, 42, 50);
insert into INVOICE ("id_invoice", "id_paiment_type", "purchase_time", "id_invoice_detail", "id_client", "id_stuff") values (587, 8, TO_DATE('2017-10-14 16:18:29'), 135, 3, 12);
insert into INVOICE ("id_invoice", "id_paiment_type", "purchase_time", "id_invoice_detail", "id_client", "id_stuff") values (658, 1, TO_DATE('2017-3-25 5:28:33'), 718, 3, 23);
insert into INVOICE ("id_invoice", "id_paiment_type", "purchase_time", "id_invoice_detail", "id_client", "id_stuff") values (648, 3, TO_DATE('2017-10-3 15:42:53'), 544, 8, 9);
insert into INVOICE ("id_invoice", "id_paiment_type", "purchase_time", "id_invoice_detail", "id_client", "id_stuff") values (882, 8, TO_DATE('2017-8-1 12:9:45'), 437, 46, 43);
insert into INVOICE ("id_invoice", "id_paiment_type", "purchase_time", "id_invoice_detail", "id_client", "id_stuff") values (985, 5, TO_DATE('2017-6-6 9:16:18'), 203, 6, 22);
insert into INVOICE ("id_invoice", "id_paiment_type", "purchase_time", "id_invoice_detail", "id_client", "id_stuff") values (922, 4, TO_DATE('2017-12-14 19:35:6'), 135, 35, 34);
insert into INVOICE ("id_invoice", "id_paiment_type", "purchase_time", "id_invoice_detail", "id_client", "id_stuff") values (188, 4, TO_DATE('2017-9-19 14:59:26'), 424, 15, 24);
insert into INVOICE ("id_invoice", "id_paiment_type", "purchase_time", "id_invoice_detail", "id_client", "id_stuff") values (569, 2, TO_DATE('2017-11-5 17:26:54'), 437, 2, 3);
insert into INVOICE ("id_invoice", "id_paiment_type", "purchase_time", "id_invoice_detail", "id_client", "id_stuff") values (283, 9, TO_DATE('2017-9-29 15:27:17'), 135, 38, 41);
insert into INVOICE ("id_invoice", "id_paiment_type", "purchase_time", "id_invoice_detail", "id_client", "id_stuff") values (36, 5, TO_DATE('2017-8-4 12:20:51'), 982, 38, 8);
insert into INVOICE ("id_invoice", "id_paiment_type", "purchase_time", "id_invoice_detail", "id_client", "id_stuff") values (187, 4, TO_DATE('2018-2-18 22:48:3'), 982, 37, 18);
insert into INVOICE ("id_invoice", "id_paiment_type", "purchase_time", "id_invoice_detail", "id_client", "id_stuff") values (305, 8, TO_DATE('2017-8-15 13:7:2'), 424, 26, 12);
insert into INVOICE ("id_invoice", "id_paiment_type", "purchase_time", "id_invoice_detail", "id_client", "id_stuff") values (955, 8, TO_DATE('2017-11-13 17:51:44'), 135, 34, 45);
insert into INVOICE ("id_invoice", "id_paiment_type", "purchase_time", "id_invoice_detail", "id_client", "id_stuff") values (278, 8, TO_DATE('2017-4-23 6:59:14'), 15, 25, 35);
insert into INVOICE ("id_invoice", "id_paiment_type", "purchase_time", "id_invoice_detail", "id_client", "id_stuff") values (96, 8, TO_DATE('2017-1-20 2:6:59'), 424, 21, 19);
insert into INVOICE ("id_invoice", "id_paiment_type", "purchase_time", "id_invoice_detail", "id_client", "id_stuff") values (996, 9, TO_DATE('2017-5-17 8:20:9'), 424, 19, 46);
insert into INVOICE ("id_invoice", "id_paiment_type", "purchase_time", "id_invoice_detail", "id_client", "id_stuff") values (352, 7, TO_DATE('2017-12-15 19:39:24'), 203, 4, 18);
insert into INVOICE ("id_invoice", "id_paiment_type", "purchase_time", "id_invoice_detail", "id_client", "id_stuff") values (734, 2, TO_DATE('2018-2-2 22:1:32'), 544, 46, 12);
insert into INVOICE ("id_invoice", "id_paiment_type", "purchase_time", "id_invoice_detail", "id_client", "id_stuff") values (30, 9, TO_DATE('2017-4-19 6:47:57'), 15, 20, 5);
insert into INVOICE ("id_invoice", "id_paiment_type", "purchase_time", "id_invoice_detail", "id_client", "id_stuff") values (557, 9, TO_DATE('2017-8-10 12:43:39'), 424, 26, 5);
insert into INVOICE ("id_invoice", "id_paiment_type", "purchase_time", "id_invoice_detail", "id_client", "id_stuff") values (132, 8, TO_DATE('2017-1-6 1:18:35'), 437, 11, 47);
insert into INVOICE ("id_invoice", "id_paiment_type", "purchase_time", "id_invoice_detail", "id_client", "id_stuff") values (958, 3, TO_DATE('2017-6-24 10:9:23'), 544, 44, 30);
insert into INVOICE ("id_invoice", "id_paiment_type", "purchase_time", "id_invoice_detail", "id_client", "id_stuff") values (32, 5, TO_DATE('2017-4-15 6:37:1'), 203, 49, 7);
insert into INVOICE ("id_invoice", "id_paiment_type", "purchase_time", "id_invoice_detail", "id_client", "id_stuff") values (62, 3, TO_DATE('2017-8-24 13:35:34'), 203, 34, 24);
insert into INVOICE ("id_invoice", "id_paiment_type", "purchase_time", "id_invoice_detail", "id_client", "id_stuff") values (613, 7, TO_DATE('2018-3-1 23:25:18'), 203, 38, 38);
insert into INVOICE ("id_invoice", "id_paiment_type", "purchase_time", "id_invoice_detail", "id_client", "id_stuff") values (394, 1, TO_DATE('2017-9-9 14:28:41'), 437, 38, 28);
insert into INVOICE ("id_invoice", "id_paiment_type", "purchase_time", "id_invoice_detail", "id_client", "id_stuff") values (488, 2, TO_DATE('2017-10-24 16:47:4'), 203, 37, 32);
insert into INVOICE ("id_invoice", "id_paiment_type", "purchase_time", "id_invoice_detail", "id_client", "id_stuff") values (723, 5, TO_DATE('2017-10-4 15:44:54'), 203, 35, 7);
insert into INVOICE ("id_invoice", "id_paiment_type", "purchase_time", "id_invoice_detail", "id_client", "id_stuff") values (156, 5, TO_DATE('2017-11-25 18:28:40'), 424, 40, 12);
insert into INVOICE ("id_invoice", "id_paiment_type", "purchase_time", "id_invoice_detail", "id_client", "id_stuff") values (402, 2, TO_DATE('2017-5-2 7:30:40'), 15, 1, 12);
insert into INVOICE ("id_invoice", "id_paiment_type", "purchase_time", "id_invoice_detail", "id_client", "id_stuff") values (590, 4, TO_DATE('2017-12-15 19:38:2'), 15, 38, 35);
insert into INVOICE ("id_invoice", "id_paiment_type", "purchase_time", "id_invoice_detail", "id_client", "id_stuff") values (178, 1, TO_DATE('2017-4-9 6:17:2'), 437, 36, 12);
insert into INVOICE ("id_invoice", "id_paiment_type", "purchase_time", "id_invoice_detail", "id_client", "id_stuff") values (582, 1, TO_DATE('2017-10-30 17:7:13'), 437, 24, 23);
insert into INVOICE ("id_invoice", "id_paiment_type", "purchase_time", "id_invoice_detail", "id_client", "id_stuff") values (105, 9, TO_DATE('2017-1-7 1:20:29'), 15, 12, 27);
insert into INVOICE ("id_invoice", "id_paiment_type", "purchase_time", "id_invoice_detail", "id_client", "id_stuff") values (145, 9, TO_DATE('2017-8-15 13:4:21'), 15, 9, 41);
insert into INVOICE ("id_invoice", "id_paiment_type", "purchase_time", "id_invoice_detail", "id_client", "id_stuff") values (210, 9, TO_DATE('2017-2-26 4:2:21'), 135, 13, 43);
insert into INVOICE ("id_invoice", "id_paiment_type", "purchase_time", "id_invoice_detail", "id_client", "id_stuff") values (406, 1, TO_DATE('2017-6-29 10:22:31'), 15, 30, 17);
insert into INVOICE ("id_invoice", "id_paiment_type", "purchase_time", "id_invoice_detail", "id_client", "id_stuff") values (926, 7, TO_DATE('2017-2-3 2:49:38'), 544, 30, 21);
insert into INVOICE ("id_invoice", "id_paiment_type", "purchase_time", "id_invoice_detail", "id_client", "id_stuff") values (46, 5, TO_DATE('2017-7-9 10:58:32'), 424, 19, 10);
insert into INVOICE ("id_invoice", "id_paiment_type", "purchase_time", "id_invoice_detail", "id_client", "id_stuff") values (695, 1, TO_DATE('2017-9-24 15:16:20'), 437, 46, 24);
insert into INVOICE ("id_invoice", "id_paiment_type", "purchase_time", "id_invoice_detail", "id_client", "id_stuff") values (384, 9, TO_DATE('2017-8-17 13:9:41'), 437, 34, 22);
insert into INVOICE ("id_invoice", "id_paiment_type", "purchase_time", "id_invoice_detail", "id_client", "id_stuff") values (510, 9, TO_DATE('2017-4-24 7:3:53'), 718, 45, 49);
insert into INVOICE ("id_invoice", "id_paiment_type", "purchase_time", "id_invoice_detail", "id_client", "id_stuff") values (157, 1, TO_DATE('2017-5-29 8:51:17'), 437, 12, 43);
insert into INVOICE ("id_invoice", "id_paiment_type", "purchase_time", "id_invoice_detail", "id_client", "id_stuff") values (324, 5, TO_DATE('2017-5-20 8:26:54'), 424, 50, 41);
insert into INVOICE ("id_invoice", "id_paiment_type", "purchase_time", "id_invoice_detail", "id_client", "id_stuff") values (831, 8, TO_DATE('2017-1-27 2:31:17'), 544, 23, 30);
insert into INVOICE ("id_invoice", "id_paiment_type", "purchase_time", "id_invoice_detail", "id_client", "id_stuff") values (621, 3, TO_DATE('2017-9-12 14:37:51'), 718, 9, 3);
insert into INVOICE ("id_invoice", "id_paiment_type", "purchase_time", "id_invoice_detail", "id_client", "id_stuff") values (536, 9, TO_DATE('2017-12-29 20:18:15'), 135, 24, 9);
insert into INVOICE ("id_invoice", "id_paiment_type", "purchase_time", "id_invoice_detail", "id_client", "id_stuff") values (330, 7, TO_DATE('2017-9-28 15:25:45'), 718, 29, 42);
insert into INVOICE ("id_invoice", "id_paiment_type", "purchase_time", "id_invoice_detail", "id_client", "id_stuff") values (602, 9, TO_DATE('2017-10-18 16:30:15'), 982, 14, 24);
insert into INVOICE ("id_invoice", "id_paiment_type", "purchase_time", "id_invoice_detail", "id_client", "id_stuff") values (18, 5, TO_DATE('2017-8-7 12:34:9'), 544, 29, 24);
insert into INVOICE ("id_invoice", "id_paiment_type", "purchase_time", "id_invoice_detail", "id_client", "id_stuff") values (127, 1, TO_DATE('2017-7-1 10:30:33'), 15, 4, 7);
insert into INVOICE ("id_invoice", "id_paiment_type", "purchase_time", "id_invoice_detail", "id_client", "id_stuff") values (172, 4, TO_DATE('2018-1-15 21:6:46'), 135, 5, 45);
insert into INVOICE ("id_invoice", "id_paiment_type", "purchase_time", "id_invoice_detail", "id_client", "id_stuff") values (50, 2, TO_DATE('2017-10-25 16:51:59'), 203, 35, 34);
insert into INVOICE ("id_invoice", "id_paiment_type", "purchase_time", "id_invoice_detail", "id_client", "id_stuff") values (501, 5, TO_DATE('2017-9-1 14:1:54'), 424, 49, 34);
insert into INVOICE ("id_invoice", "id_paiment_type", "purchase_time", "id_invoice_detail", "id_client", "id_stuff") values (962, 5, TO_DATE('2017-1-20 2:8:29'), 135, 43, 28);
insert into INVOICE ("id_invoice", "id_paiment_type", "purchase_time", "id_invoice_detail", "id_client", "id_stuff") values (806, 5, TO_DATE('2018-1-25 21:38:14'), 135, 38, 47);
insert into INVOICE ("id_invoice", "id_paiment_type", "purchase_time", "id_invoice_detail", "id_client", "id_stuff") values (480, 7, TO_DATE('2017-10-22 16:42:16'), 424, 22, 9);
insert into INVOICE ("id_invoice", "id_paiment_type", "purchase_time", "id_invoice_detail", "id_client", "id_stuff") values (948, 8, TO_DATE('2017-5-24 8:36:19'), 544, 7, 25);
insert into INVOICE ("id_invoice", "id_paiment_type", "purchase_time", "id_invoice_detail", "id_client", "id_stuff") values (383, 5, TO_DATE('2017-7-22 11:36:47'), 203, 38, 3);
insert into INVOICE ("id_invoice", "id_paiment_type", "purchase_time", "id_invoice_detail", "id_client", "id_stuff") values (928, 2, TO_DATE('2017-10-19 16:32:35'), 437, 44, 24);
insert into INVOICE ("id_invoice", "id_paiment_type", "purchase_time", "id_invoice_detail", "id_client", "id_stuff") values (310, 7, TO_DATE('2017-2-12 3:21:2'), 424, 39, 19);
insert into INVOICE ("id_invoice", "id_paiment_type", "purchase_time", "id_invoice_detail", "id_client", "id_stuff") values (854, 7, TO_DATE('2017-5-2 7:29:20'), 544, 40, 24);
insert into INVOICE ("id_invoice", "id_paiment_type", "purchase_time", "id_invoice_detail", "id_client", "id_stuff") values (825, 5, TO_DATE('2017-2-2 2:46:42'), 718, 16, 50);
insert into INVOICE ("id_invoice", "id_paiment_type", "purchase_time", "id_invoice_detail", "id_client", "id_stuff") values (628, 4, TO_DATE('2017-8-5 12:26:2'), 424, 14, 41);
insert into INVOICE ("id_invoice", "id_paiment_type", "purchase_time", "id_invoice_detail", "id_client", "id_stuff") values (329, 3, TO_DATE('2017-5-3 7:32:5'), 718, 25, 29);
insert into INVOICE ("id_invoice", "id_paiment_type", "purchase_time", "id_invoice_detail", "id_client", "id_stuff") values (130, 8, TO_DATE('2017-1-27 2:29:49'), 135, 45, 6);
insert into INVOICE ("id_invoice", "id_paiment_type", "purchase_time", "id_invoice_detail", "id_client", "id_stuff") values (437, 4, TO_DATE('2017-1-26 2:26:44'), 437, 1, 43);
insert into INVOICE ("id_invoice", "id_paiment_type", "purchase_time", "id_invoice_detail", "id_client", "id_stuff") values (436, 7, TO_DATE('2018-2-12 22:28:24'), 15, 30, 50);
insert into INVOICE ("id_invoice", "id_paiment_type", "purchase_time", "id_invoice_detail", "id_client", "id_stuff") values (235, 1, TO_DATE('2017-8-18 13:15:26'), 203, 47, 13);
insert into INVOICE ("id_invoice", "id_paiment_type", "purchase_time", "id_invoice_detail", "id_client", "id_stuff") values (745, 8, TO_DATE('2017-7-31 12:8:31'), 437, 8, 39);
insert into INVOICE ("id_invoice", "id_paiment_type", "purchase_time", "id_invoice_detail", "id_client", "id_stuff") values (138, 5, TO_DATE('2017-12-30 20:20:56'), 203, 6, 20);
insert into INVOICE ("id_invoice", "id_paiment_type", "purchase_time", "id_invoice_detail", "id_client", "id_stuff") values (117, 4, TO_DATE('2017-4-29 7:17:11'), 982, 19, 12);
insert into INVOICE ("id_invoice", "id_paiment_type", "purchase_time", "id_invoice_detail", "id_client", "id_stuff") values (177, 4, TO_DATE('2017-11-11 17:46:56'), 982, 5, 6);
insert into INVOICE ("id_invoice", "id_paiment_type", "purchase_time", "id_invoice_detail", "id_client", "id_stuff") values (91, 2, TO_DATE('2017-5-17 8:17:41'), 982, 18, 25);
insert into INVOICE ("id_invoice", "id_paiment_type", "purchase_time", "id_invoice_detail", "id_client", "id_stuff") values (659, 5, TO_DATE('2017-7-14 11:18:40'), 424, 18, 25);
insert into INVOICE ("id_invoice", "id_paiment_type", "purchase_time", "id_invoice_detail", "id_client", "id_stuff") values (477, 3, TO_DATE('2017-2-8 3:8:43'), 982, 10, 22);
insert into INVOICE ("id_invoice", "id_paiment_type", "purchase_time", "id_invoice_detail", "id_client", "id_stuff") values (382, 1, TO_DATE('2017-6-28 10:19:11'), 15, 32, 29);
insert into INVOICE ("id_invoice", "id_paiment_type", "purchase_time", "id_invoice_detail", "id_client", "id_stuff") values (339, 5, TO_DATE('2017-8-14 12:59:31'), 982, 29, 30);
insert into INVOICE ("id_invoice", "id_paiment_type", "purchase_time", "id_invoice_detail", "id_client", "id_stuff") values (275, 4, TO_DATE('2018-1-30 21:53:29'), 718, 46, 18);
insert into INVOICE ("id_invoice", "id_paiment_type", "purchase_time", "id_invoice_detail", "id_client", "id_stuff") values (947, 9, TO_DATE('2017-12-4 19:0:4'), 544, 16, 39);
insert into INVOICE ("id_invoice", "id_paiment_type", "purchase_time", "id_invoice_detail", "id_client", "id_stuff") values (353, 1, TO_DATE('2017-11-20 18:9:58'), 718, 26, 39);
insert into INVOICE ("id_invoice", "id_paiment_type", "purchase_time", "id_invoice_detail", "id_client", "id_stuff") values (315, 9, TO_DATE('2017-7-1 10:31:43'), 544, 6, 42);
insert into INVOICE ("id_invoice", "id_paiment_type", "purchase_time", "id_invoice_detail", "id_client", "id_stuff") values (43, 4, TO_DATE('2017-11-28 18:37:3'), 203, 29, 11);
insert into INVOICE ("id_invoice", "id_paiment_type", "purchase_time", "id_invoice_detail", "id_client", "id_stuff") values (229, 8, TO_DATE('2017-10-1 15:32:32'), 544, 20, 12);
insert into INVOICE ("id_invoice", "id_paiment_type", "purchase_time", "id_invoice_detail", "id_client", "id_stuff") values (189, 8, TO_DATE('2018-1-23 21:32:56'), 437, 19, 4);
insert into INVOICE ("id_invoice", "id_paiment_type", "purchase_time", "id_invoice_detail", "id_client", "id_stuff") values (175, 2, TO_DATE('2017-1-4 1:12:12'), 718, 33, 15);
insert into INVOICE ("id_invoice", "id_paiment_type", "purchase_time", "id_invoice_detail", "id_client", "id_stuff") values (754, 9, TO_DATE('2018-2-14 22:36:29'), 437, 40, 32);
insert into INVOICE ("id_invoice", "id_paiment_type", "purchase_time", "id_invoice_detail", "id_client", "id_stuff") values (660, 4, TO_DATE('2017-8-21 13:22:5'), 135, 37, 34);
insert into INVOICE ("id_invoice", "id_paiment_type", "purchase_time", "id_invoice_detail", "id_client", "id_stuff") values (692, 5, TO_DATE('2017-8-23 13:33:1'), 135, 31, 5);
insert into INVOICE ("id_invoice", "id_paiment_type", "purchase_time", "id_invoice_detail", "id_client", "id_stuff") values (378, 9, TO_DATE('2017-3-13 4:48:29'), 982, 21, 3);
insert into INVOICE ("id_invoice", "id_paiment_type", "purchase_time", "id_invoice_detail", "id_client", "id_stuff") values (537, 7, TO_DATE('2018-1-6 20:42:32'), 437, 1, 33);
insert into INVOICE ("id_invoice", "id_paiment_type", "purchase_time", "id_invoice_detail", "id_client", "id_stuff") values (633, 4, TO_DATE('2018-2-19 22:50:55'), 982, 35, 31);
insert into INVOICE ("id_invoice", "id_paiment_type", "purchase_time", "id_invoice_detail", "id_client", "id_stuff") values (664, 2, TO_DATE('2018-3-2 23:26:27'), 437, 31, 11);
insert into INVOICE ("id_invoice", "id_paiment_type", "purchase_time", "id_invoice_detail", "id_client", "id_stuff") values (23, 4, TO_DATE('2017-1-11 1:34:8'), 982, 41, 22);
insert into INVOICE ("id_invoice", "id_paiment_type", "purchase_time", "id_invoice_detail", "id_client", "id_stuff") values (243, 1, TO_DATE('2018-3-3 23:33:32'), 544, 32, 40);
insert into INVOICE ("id_invoice", "id_paiment_type", "purchase_time", "id_invoice_detail", "id_client", "id_stuff") values (255, 8, TO_DATE('2017-10-20 16:35:47'), 544, 11, 18);
insert into INVOICE ("id_invoice", "id_paiment_type", "purchase_time", "id_invoice_detail", "id_client", "id_stuff") values (639, 3, TO_DATE('2018-3-3 23:32:43'), 544, 46, 35);
insert into INVOICE ("id_invoice", "id_paiment_type", "purchase_time", "id_invoice_detail", "id_client", "id_stuff") values (749, 1, TO_DATE('2017-7-28 11:54:58'), 544, 31, 7);
insert into INVOICE ("id_invoice", "id_paiment_type", "purchase_time", "id_invoice_detail", "id_client", "id_stuff") values (997, 8, TO_DATE('2017-7-2 10:36:31'), 424, 6, 18);
insert into INVOICE ("id_invoice", "id_paiment_type", "purchase_time", "id_invoice_detail", "id_client", "id_stuff") values (554, 4, TO_DATE('2017-6-6 9:14:21'), 718, 12, 34);
insert into INVOICE ("id_invoice", "id_paiment_type", "purchase_time", "id_invoice_detail", "id_client", "id_stuff") values (944, 2, TO_DATE('2017-4-1 5:53:45'), 424, 22, 8);
insert into INVOICE ("id_invoice", "id_paiment_type", "purchase_time", "id_invoice_detail", "id_client", "id_stuff") values (236, 1, TO_DATE('2017-1-1 1:2:54'), 437, 35, 48);
insert into INVOICE ("id_invoice", "id_paiment_type", "purchase_time", "id_invoice_detail", "id_client", "id_stuff") values (295, 7, TO_DATE('2017-3-5 4:25:39'), 718, 49, 39);
insert into INVOICE ("id_invoice", "id_paiment_type", "purchase_time", "id_invoice_detail", "id_client", "id_stuff") values (717, 1, TO_DATE('2017-9-19 14:57:58'), 135, 36, 44);
insert into INVOICE ("id_invoice", "id_paiment_type", "purchase_time", "id_invoice_detail", "id_client", "id_stuff") values (186, 8, TO_DATE('2017-3-10 4:40:32'), 982, 12, 39);
insert into INVOICE ("id_invoice", "id_paiment_type", "purchase_time", "id_invoice_detail", "id_client", "id_stuff") values (969, 5, TO_DATE('2017-1-22 2:15:22'), 135, 3, 38);
insert into INVOICE ("id_invoice", "id_paiment_type", "purchase_time", "id_invoice_detail", "id_client", "id_stuff") values (390, 8, TO_DATE('2017-8-30 13:54:25'), 135, 1, 18);
insert into INVOICE ("id_invoice", "id_paiment_type", "purchase_time", "id_invoice_detail", "id_client", "id_stuff") values (599, 2, TO_DATE('2017-10-24 16:49:24'), 135, 31, 14);
insert into INVOICE ("id_invoice", "id_paiment_type", "purchase_time", "id_invoice_detail", "id_client", "id_stuff") values (74, 7, TO_DATE('2017-5-12 7:58:30'), 982, 29, 41);
insert into INVOICE ("id_invoice", "id_paiment_type", "purchase_time", "id_invoice_detail", "id_client", "id_stuff") values (519, 2, TO_DATE('2018-1-24 21:33:42'), 718, 19, 3);
insert into INVOICE ("id_invoice", "id_paiment_type", "purchase_time", "id_invoice_detail", "id_client", "id_stuff") values (514, 1, TO_DATE('2017-5-1 7:23:48'), 203, 37, 1);
insert into INVOICE ("id_invoice", "id_paiment_type", "purchase_time", "id_invoice_detail", "id_client", "id_stuff") values (959, 8, TO_DATE('2018-3-2 23:27:58'), 203, 19, 26);
insert into INVOICE ("id_invoice", "id_paiment_type", "purchase_time", "id_invoice_detail", "id_client", "id_stuff") values (195, 4, TO_DATE('2017-12-27 20:13:32'), 203, 9, 13);
insert into INVOICE ("id_invoice", "id_paiment_type", "purchase_time", "id_invoice_detail", "id_client", "id_stuff") values (212, 4, TO_DATE('2018-1-20 21:19:10'), 718, 15, 43);
insert into INVOICE ("id_invoice", "id_paiment_type", "purchase_time", "id_invoice_detail", "id_client", "id_stuff") values (534, 2, TO_DATE('2017-4-24 7:5:18'), 424, 20, 4);
insert into INVOICE ("id_invoice", "id_paiment_type", "purchase_time", "id_invoice_detail", "id_client", "id_stuff") values (693, 4, TO_DATE('2017-12-25 20:6:57'), 982, 36, 43);
insert into INVOICE ("id_invoice", "id_paiment_type", "purchase_time", "id_invoice_detail", "id_client", "id_stuff") values (417, 4, TO_DATE('2017-4-29 7:18:59'), 424, 1, 12);
insert into INVOICE ("id_invoice", "id_paiment_type", "purchase_time", "id_invoice_detail", "id_client", "id_stuff") values (380, 2, TO_DATE('2017-6-17 9:50:12'), 424, 9, 46);
insert into INVOICE ("id_invoice", "id_paiment_type", "purchase_time", "id_invoice_detail", "id_client", "id_stuff") values (655, 5, TO_DATE('2017-2-12 3:20:8'), 718, 30, 47);
insert into INVOICE ("id_invoice", "id_paiment_type", "purchase_time", "id_invoice_detail", "id_client", "id_stuff") values (331, 7, TO_DATE('2017-8-3 12:17:44'), 718, 17, 46);
insert into INVOICE ("id_invoice", "id_paiment_type", "purchase_time", "id_invoice_detail", "id_client", "id_stuff") values (532, 2, TO_DATE('2017-10-8 15:55:57'), 718, 30, 18);
insert into INVOICE ("id_invoice", "id_paiment_type", "purchase_time", "id_invoice_detail", "id_client", "id_stuff") values (667, 8, TO_DATE('2017-3-16 4:58:17'), 203, 33, 9);
insert into INVOICE ("id_invoice", "id_paiment_type", "purchase_time", "id_invoice_detail", "id_client", "id_stuff") values (976, 4, TO_DATE('2017-12-3 18:56:47'), 203, 47, 22);
insert into INVOICE ("id_invoice", "id_paiment_type", "purchase_time", "id_invoice_detail", "id_client", "id_stuff") values (646, 3, TO_DATE('2017-4-27 7:12:29'), 135, 8, 1);
insert into INVOICE ("id_invoice", "id_paiment_type", "purchase_time", "id_invoice_detail", "id_client", "id_stuff") values (495, 7, TO_DATE('2017-12-27 20:10:44'), 424, 38, 15);
insert into INVOICE ("id_invoice", "id_paiment_type", "purchase_time", "id_invoice_detail", "id_client", "id_stuff") values (846, 1, TO_DATE('2017-2-5 2:55:18'), 203, 4, 44);
insert into INVOICE ("id_invoice", "id_paiment_type", "purchase_time", "id_invoice_detail", "id_client", "id_stuff") values (95, 5, TO_DATE('2017-12-26 20:9:37'), 203, 2, 25);
insert into INVOICE ("id_invoice", "id_paiment_type", "purchase_time", "id_invoice_detail", "id_client", "id_stuff") values (291, 7, TO_DATE('2017-10-31 17:12:20'), 718, 12, 18);
insert into INVOICE ("id_invoice", "id_paiment_type", "purchase_time", "id_invoice_detail", "id_client", "id_stuff") values (374, 8, TO_DATE('2017-7-27 11:52:7'), 544, 19, 35);
insert into INVOICE ("id_invoice", "id_paiment_type", "purchase_time", "id_invoice_detail", "id_client", "id_stuff") values (202, 5, TO_DATE('2018-2-13 22:31:45'), 15, 23, 30);
insert into INVOICE ("id_invoice", "id_paiment_type", "purchase_time", "id_invoice_detail", "id_client", "id_stuff") values (11, 2, TO_DATE('2017-10-15 16:20:9'), 424, 19, 27);
insert into INVOICE ("id_invoice", "id_paiment_type", "purchase_time", "id_invoice_detail", "id_client", "id_stuff") values (904, 4, TO_DATE('2017-2-9 3:10:56'), 424, 50, 23);
insert into INVOICE ("id_invoice", "id_paiment_type", "purchase_time", "id_invoice_detail", "id_client", "id_stuff") values (970, 4, TO_DATE('2018-2-6 22:12:51'), 424, 13, 15);
insert into INVOICE ("id_invoice", "id_paiment_type", "purchase_time", "id_invoice_detail", "id_client", "id_stuff") values (435, 3, TO_DATE('2018-1-12 20:57:44'), 437, 12, 22);
insert into INVOICE ("id_invoice", "id_paiment_type", "purchase_time", "id_invoice_detail", "id_client", "id_stuff") values (666, 3, TO_DATE('2017-7-16 11:22:11'), 135, 26, 15);
insert into INVOICE ("id_invoice", "id_paiment_type", "purchase_time", "id_invoice_detail", "id_client", "id_stuff") values (781, 7, TO_DATE('2017-9-13 14:40:35'), 203, 22, 7);
insert into INVOICE ("id_invoice", "id_paiment_type", "purchase_time", "id_invoice_detail", "id_client", "id_stuff") values (776, 9, TO_DATE('2017-1-6 1:16:58'), 135, 17, 44);
insert into INVOICE ("id_invoice", "id_paiment_type", "purchase_time", "id_invoice_detail", "id_client", "id_stuff") values (645, 9, TO_DATE('2017-10-1 15:34:29'), 718, 17, 42);
insert into INVOICE ("id_invoice", "id_paiment_type", "purchase_time", "id_invoice_detail", "id_client", "id_stuff") values (919, 7, TO_DATE('2017-4-25 7:6:3'), 424, 9, 25);
insert into INVOICE ("id_invoice", "id_paiment_type", "purchase_time", "id_invoice_detail", "id_client", "id_stuff") values (540, 8, TO_DATE('2017-1-23 2:19:31'), 424, 9, 35);
insert into INVOICE ("id_invoice", "id_paiment_type", "purchase_time", "id_invoice_detail", "id_client", "id_stuff") values (90, 4, TO_DATE('2017-10-27 16:58:20'), 718, 48, 7);
insert into INVOICE ("id_invoice", "id_paiment_type", "purchase_time", "id_invoice_detail", "id_client", "id_stuff") values (170, 8, TO_DATE('2017-10-24 16:48:13'), 437, 12, 5);
insert into INVOICE ("id_invoice", "id_paiment_type", "purchase_time", "id_invoice_detail", "id_client", "id_stuff") values (322, 2, TO_DATE('2017-1-2 1:5:23'), 203, 21, 34);
insert into INVOICE ("id_invoice", "id_paiment_type", "purchase_time", "id_invoice_detail", "id_client", "id_stuff") values (715, 8, TO_DATE('2017-11-24 18:27:13'), 718, 48, 7);
insert into INVOICE ("id_invoice", "id_paiment_type", "purchase_time", "id_invoice_detail", "id_client", "id_stuff") values (455, 3, TO_DATE('2017-10-5 15:49:57'), 424, 34, 30);
insert into INVOICE ("id_invoice", "id_paiment_type", "purchase_time", "id_invoice_detail", "id_client", "id_stuff") values (863, 1, TO_DATE('2017-5-24 8:34:56'), 15, 17, 34);
insert into INVOICE ("id_invoice", "id_paiment_type", "purchase_time", "id_invoice_detail", "id_client", "id_stuff") values (808, 1, TO_DATE('2017-2-8 3:9:52'), 437, 37, 24);
insert into INVOICE ("id_invoice", "id_paiment_type", "purchase_time", "id_invoice_detail", "id_client", "id_stuff") values (323, 4, TO_DATE('2017-8-21 13:23:52'), 15, 11, 8);
insert into INVOICE ("id_invoice", "id_paiment_type", "purchase_time", "id_invoice_detail", "id_client", "id_stuff") values (546, 1, TO_DATE('2017-11-20 18:11:47'), 15, 24, 35);
insert into INVOICE ("id_invoice", "id_paiment_type", "purchase_time", "id_invoice_detail", "id_client", "id_stuff") values (789, 9, TO_DATE('2017-7-19 11:28:41'), 15, 33, 29);
