insert into POSITION ("id_position", "position_name", "salary", "description") values (1, 'Ve52n44', 1353, 'U1J3Y445UGLNR');

insert into POSITION ("id_position", "position_name", "salary", "description") values (3, 'DM8Vs', 20, '9EH5P0XXT2B');

insert into POSITION ("id_position", "position_name", "salary", "description") values (9, 'M5qOpXj', 2976, 'T3C4KDT3DCL');

insert into POSITION ("id_position", "position_name", "salary", "description") values (4, 'TgxLHS', 1085, 'DRAF1MAXEW2');

insert into POSITION ("id_position", "position_name", "salary", "description") values (6, 'PGo0L', 657, 'G0N29QCRN5');

insert into POSITION ("id_position", "position_name", "salary", "description") values (8, 'HU6Ie', 2393, 'IRBWGU7SQ83');

insert into POSITION ("id_position", "position_name", "salary", "description") values (2, 'GShyLfp', 3344, 'O2H7Q42Q0X');

insert into POSITION ("id_position", "position_name", "salary", "description") values (7, 'Rr0VVY', 1815, '4K56O1WVPP');

insert into POSITION ("id_position", "position_name", "salary", "description") values (5, 'DO7sw', 310, '2YM077LW7JKH');

insert into SUPPLIER ("id_supplier", "supplier_name", "supplier_info") values (3, 'Mo1dhiw', 'KJLPITJ7PC00');

insert into SUPPLIER ("id_supplier", "supplier_name", "supplier_info") values (1, '0jx9m', 'RSVU9GYYFT9 ');

insert into SUPPLIER ("id_supplier", "supplier_name", "supplier_info") values (6, '4455b', 'JK34RD6REKP');

insert into SUPPLIER ("id_supplier", "supplier_name", "supplier_info") values (2, ' jojg9wao', 'GPF5QTBUJG0B');

insert into SUPPLIER ("id_supplier", "supplier_name", "supplier_info") values (8, 'J59nd ', 'I8IDNKV3QSIK5');

insert into SUPPLIER ("id_supplier", "supplier_name", "supplier_info") values (9, 'E61ypl5f', 'LTV9S8RPI14O');

insert into SUPPLIER ("id_supplier", "supplier_name", "supplier_info") values (7, 'Qi1ru27c', '6DX5NQEINA5D');

insert into SUPPLIER ("id_supplier", "supplier_name", "supplier_info") values (5, 'Ol7rkg4', 'G7FPPTB1V760');

insert into SUPPLIER ("id_supplier", "supplier_name", "supplier_info") values (4, 'Yr0r87u', 'HX4A3QIQ1JR');

insert into PRODUCT_TYPE ("id_product_type", "product_type_name") values (4, '5r3u6n');

insert into PRODUCT_TYPE ("id_product_type", "product_type_name") values (3, 'D6c0lo');

insert into PRODUCT_TYPE ("id_product_type", "product_type_name") values (2, 'Grtfdw8');

insert into PRODUCT_TYPE ("id_product_type", "product_type_name") values (1, 'Plxga34');

insert into PRODUCT_TYPE ("id_product_type", "product_type_name") values (9, 'X53rd');

insert into PRODUCT_TYPE ("id_product_type", "product_type_name") values (6, 'Iwi21m');

insert into PRODUCT_TYPE ("id_product_type", "product_type_name") values (7, 'S4d6i5pl');

insert into PRODUCT_TYPE ("id_product_type", "product_type_name") values (5, 'Bu08k3th');

insert into PRODUCT_TYPE ("id_product_type", "product_type_name") values (8, '674ypkfg');

insert into PAYMENT_TYPE ("id_type", "payment_type_name", "description") values (4, '436n4gmr', 'VMUPL1P2F4');

insert into PAYMENT_TYPE ("id_type", "payment_type_name", "description") values (5, 'Cuo4re6we', '8CQ3QUKLOM4UU6');

insert into PAYMENT_TYPE ("id_type", "payment_type_name", "description") values (2, '548k8d5nk', 'NGSVDGW57RSP');

insert into PAYMENT_TYPE ("id_type", "payment_type_name", "description") values (1, 'Phxmx7xr', 'PKLQAH59U9');

insert into PAYMENT_TYPE ("id_type", "payment_type_name", "description") values (8, 'Iwsjv', '8R3VV FXEB3P');

insert into PAYMENT_TYPE ("id_type", "payment_type_name", "description") values (7, '2 ppi86sy', ' XYUP9YL 2QBR6');

insert into PAYMENT_TYPE ("id_type", "payment_type_name", "description") values (3, 'I4og27l', 'J5IHN1JNGWCX');

insert into PAYMENT_TYPE ("id_type", "payment_type_name", "description") values (9, '9fpejt', 'F7EQ0T25B8');

insert into PAYMENT_TYPE ("id_type", "payment_type_name", "description") values (6, 'M4iskyknr', ' LYPUAQ57K');

insert into UNIT ("id_unit", "unit_name", "description") values (5, '0jvqw1', 'HQ FXBY45NV5A');

insert into UNIT ("id_unit", "unit_name", "description") values (3, 'Aqoa5', '99STCAFPP33');

insert into UNIT ("id_unit", "unit_name", "description") values (6, 'Ylhegg3lj', 'S86H3S84VF30WK');

insert into UNIT ("id_unit", "unit_name", "description") values (8, 'T8yi8', 'YJRGID5J3K6');

insert into UNIT ("id_unit", "unit_name", "description") values (4, 'Tvyppqdqi', 'X6OBNURPYCHE9X');

insert into UNIT ("id_unit", "unit_name", "description") values (1, 'Vkfiv', 'HM0JY9OBKG8N');

insert into UNIT ("id_unit", "unit_name", "description") values (2, 'Q pstm', 'L8RR7U0YR0M');

insert into UNIT ("id_unit", "unit_name", "description") values (9, 'X0nha8dm', 'EBECKFO9TH1');

insert into UNIT ("id_unit", "unit_name", "description") values (7, 'Gh28bdo2', '2BQIHW 28N4');

insert into TYPE_OPER ("id_oper_type", "name_oper", "description") values (2, 'Ypv0dkqjc', 'VOD2 16KPK');

insert into TYPE_OPER ("id_oper_type", "name_oper", "description") values (1, '4l s6v47', 'W 8AJWXX7P');

insert into TYPE_OPER ("id_oper_type", "name_oper", "description") values (4, 'Df1ds', '2FA3FWNCB2GCPA');

insert into TYPE_OPER ("id_oper_type", "name_oper", "description") values (8, '342e36', 'RHJKCE3DUYLG9');

insert into TYPE_OPER ("id_oper_type", "name_oper", "description") values (6, '7htvehr2', '94171XF1L3');

insert into TYPE_OPER ("id_oper_type", "name_oper", "description") values (9, 'Feslvd', 'PR7D4TGB694');

insert into TYPE_OPER ("id_oper_type", "name_oper", "description") values (7, 'Vbed2c', '5LK938779K514');

insert into TYPE_OPER ("id_oper_type", "name_oper", "description") values (3, 'Qqen1la', 'CCS6LT8YLN');

insert into TYPE_OPER ("id_oper_type", "name_oper", "description") values (5, '3ni4f', 'SE3UWUP6YN2U');

insert into STUFF ("id_stuff", "name", "surname", "phone", "address", "id_position") values (2, 'Fc3jo40wh', '4sg 8f6', '6274001281', 'Ldwp2', 2);

insert into STUFF ("id_stuff", "name", "surname", "phone", "address", "id_position") values (6, '8d9hek18w', '95d7m', '7403522186', 'Lr9kb', 8);

insert into STUFF ("id_stuff", "name", "surname", "phone", "address", "id_position") values (7, 'W1rw da', 'C35f9ghty', '1630484607', 'Bxt21r', 3);

insert into STUFF ("id_stuff", "name", "surname", "phone", "address", "id_position") values (8, 'T31hf', 'G51kh', '7555855350', '0g8nij', 7);

insert into STUFF ("id_stuff", "name", "surname", "phone", "address", "id_position") values (5, '3givm', '1tjyu3mgx', '0647108618', 'Wf1spx9', 9);

insert into STUFF ("id_stuff", "name", "surname", "phone", "address", "id_position") values (4, 'Qr4 0dq', '2p34v26', '1867650328', 'Sfqy6r', 6);

insert into STUFF ("id_stuff", "name", "surname", "phone", "address", "id_position") values (3, 'G9tbj18v', 'Iwp6h9w', '7302476141', 'A2hp1v', 6);

insert into STUFF ("id_stuff", "name", "surname", "phone", "address", "id_position") values (9, 'Abcnx', 'Rwvujtahi', '8342270865', '08qp4q', 1);

insert into STUFF ("id_stuff", "name", "surname", "phone", "address", "id_position") values (1, 'Sri81iet', 'Ey7kq', '1112302521', 'Jnenxd2', 9);

insert into PRODUCT ("id_product", "product_name", "description", "price", "id_product_type", "id_supplier") values (37, 'Ypd4g', 'CTI10E6BJWNTRW', 1383, 4, 3);

insert into PRODUCT ("id_product", "product_name", "description", "price", "id_product_type", "id_supplier") values (498, 'Yqvpfo', 'NE3FK58RXBD', 2182, 3, 1);

insert into PRODUCT ("id_product", "product_name", "description", "price", "id_product_type", "id_supplier") values (117, 'Ix3kf', '2B0PDJQESMWIPN', 2050, 2, 6);

insert into PRODUCT ("id_product", "product_name", "description", "price", "id_product_type", "id_supplier") values (256, 'Sd9vsd6tm', 'G8FJH7N7SN6W1', 1706, 1, 2);

insert into PRODUCT ("id_product", "product_name", "description", "price", "id_product_type", "id_supplier") values (400, '6a351gim', '5S 84REBEKVB', 171, 9, 8);

insert into PRODUCT ("id_product", "product_name", "description", "price", "id_product_type", "id_supplier") values (254, '0e4wsa', 'G6G0U81RXOQG', 1475, 6, 9);

insert into PRODUCT ("id_product", "product_name", "description", "price", "id_product_type", "id_supplier") values (342, ' mu7jy', 'ELKPJ3D5S8U ', 2433, 7, 7);

insert into PRODUCT ("id_product", "product_name", "description", "price", "id_product_type", "id_supplier") values (423, 'Woadxchg2', 'AUR 69C08PU', 1633, 5, 5);

insert into PRODUCT ("id_product", "product_name", "description", "price", "id_product_type", "id_supplier") values (714, 'Fnwdcy5j', '454O6GAJ8X', 37, 8, 4);

insert into STORE ("id_store", "shelf", "date_oper", "quantity", "id_oper_type") values (136, 4, '2017-11-21 18:15:18', 5, 1);

insert into STORE ("id_store", "shelf", "date_oper", "quantity", "id_oper_type") values (430, 3, '2017-7-12 11:12:44', 2, 7);

insert into STORE ("id_store", "shelf", "date_oper", "quantity", "id_oper_type") values (606, 9, '2017-8-31 13:47:26', 6, 8);

insert into STORE ("id_store", "shelf", "date_oper", "quantity", "id_oper_type") values (890, 5, '2018-2-21 23:0:52', 9, 8);

insert into STORE ("id_store", "shelf", "date_oper", "quantity", "id_oper_type") values (253, 1, '2017-4-19 6:43:41', 1, 2);

insert into STORE ("id_store", "shelf", "date_oper", "quantity", "id_oper_type") values (91, 2, '2017-5-28 8:41:36', 4, 2);

insert into STORE ("id_store", "shelf", "date_oper", "quantity", "id_oper_type") values (997, 7, '2017-9-11 14:21:5', 7, 6);

insert into STORE ("id_store", "shelf", "date_oper", "quantity", "id_oper_type") values (130, 6, '2017-7-14 11:17:52', 8, 9);

insert into STORE ("id_store", "shelf", "date_oper", "quantity", "id_oper_type") values (887, 8, '2018-1-28 21:44:15', 3, 2);

insert into STORE ("id_store", "shelf", "date_oper", "quantity", "id_oper_type") values (588, 4, '2017-9-3 13:54:11', 5, 4);

insert into STORE ("id_store", "shelf", "date_oper", "quantity", "id_oper_type") values (29, 3, '2017-9-21 14:53:6', 2, 3);

insert into STORE ("id_store", "shelf", "date_oper", "quantity", "id_oper_type") values (380, 9, '2017-5-1 7:20:31', 6, 1);

insert into STORE ("id_store", "shelf", "date_oper", "quantity", "id_oper_type") values (960, 5, '2017-7-4 10:46:11', 9, 8);

insert into STORE ("id_store", "shelf", "date_oper", "quantity", "id_oper_type") values (400, 1, '2017-5-31 8:52:16', 1, 3);

insert into STORE ("id_store", "shelf", "date_oper", "quantity", "id_oper_type") values (128, 2, '2017-2-1 2:38:56', 4, 6);

insert into STORE ("id_store", "shelf", "date_oper", "quantity", "id_oper_type") values (440, 7, '2018-1-16 21:10:0', 7, 1);

insert into STORE ("id_store", "shelf", "date_oper", "quantity", "id_oper_type") values (692, 6, '2017-8-30 13:43:8', 8, 1);

insert into STORE ("id_store", "shelf", "date_oper", "quantity", "id_oper_type") values (356, 8, '2017-7-16 11:23:9', 3, 6);

insert into STORE ("id_store", "shelf", "date_oper", "quantity", "id_oper_type") values (283, 4, '2017-11-28 18:35:57', 5, 1);

insert into STORE ("id_store", "shelf", "date_oper", "quantity", "id_oper_type") values (87, 3, '2018-1-21 21:23:52', 2, 6);

insert into STORE ("id_store", "shelf", "date_oper", "quantity", "id_oper_type") values (279, 9, '2017-10-19 16:19:1', 6, 3);

insert into STORE ("id_store", "shelf", "date_oper", "quantity", "id_oper_type") values (12, 5, '2017-9-29 15:16:28', 9, 1);

insert into STORE ("id_store", "shelf", "date_oper", "quantity", "id_oper_type") values (286, 1, '2017-11-29 18:39:53', 1, 3);

insert into STORE ("id_store", "shelf", "date_oper", "quantity", "id_oper_type") values (331, 2, '2017-2-21 3:43:8', 4, 3);

insert into STORE ("id_store", "shelf", "date_oper", "quantity", "id_oper_type") values (269, 7, '2018-1-26 21:37:40', 7, 3);

insert into STORE ("id_store", "shelf", "date_oper", "quantity", "id_oper_type") values (36, 6, '2018-2-11 22:29:17', 8, 8);

insert into STORE ("id_store", "shelf", "date_oper", "quantity", "id_oper_type") values (248, 8, '2017-2-14 3:18:43', 3, 1);

insert into STORE ("id_store", "shelf", "date_oper", "quantity", "id_oper_type") values (192, 4, '2018-2-8 22:21:20', 5, 4);

insert into STORE ("id_store", "shelf", "date_oper", "quantity", "id_oper_type") values (1, 3, '2017-3-11 4:32:59', 2, 1);

insert into STORE ("id_store", "shelf", "date_oper", "quantity", "id_oper_type") values (850, 9, '2017-7-27 11:52:59', 6, 4);

insert into STORE ("id_store", "shelf", "date_oper", "quantity", "id_oper_type") values (9, 5, '2017-6-1 8:56:1', 9, 4);

insert into STORE ("id_store", "shelf", "date_oper", "quantity", "id_oper_type") values (933, 1, '2017-10-12 15:57:50', 1, 4);

insert into STORE ("id_store", "shelf", "date_oper", "quantity", "id_oper_type") values (144, 2, '2018-2-18 22:50:31', 4, 2);

insert into STORE ("id_store", "shelf", "date_oper", "quantity", "id_oper_type") values (734, 7, '2017-12-31 20:20:59', 7, 2);

insert into STORE ("id_store", "shelf", "date_oper", "quantity", "id_oper_type") values (151, 6, '2018-3-2 23:32:45', 8, 6);

insert into STORE ("id_store", "shelf", "date_oper", "quantity", "id_oper_type") values (244, 8, '2018-2-26 23:20:8', 3, 1);

insert into STORE ("id_store", "shelf", "date_oper", "quantity", "id_oper_type") values (359, 4, '2017-12-5 18:55:15', 5, 7);

insert into STORE ("id_store", "shelf", "date_oper", "quantity", "id_oper_type") values (633, 3, '2017-5-25 8:34:56', 2, 8);

insert into STORE ("id_store", "shelf", "date_oper", "quantity", "id_oper_type") values (504, 9, '2018-1-22 21:28:3', 6, 4);

insert into STORE ("id_store", "shelf", "date_oper", "quantity", "id_oper_type") values (51, 5, '2017-1-29 2:29:19', 9, 2);

insert into STORE ("id_store", "shelf", "date_oper", "quantity", "id_oper_type") values (844, 1, '2017-2-6 2:53:35', 1, 4);

insert into STORE ("id_store", "shelf", "date_oper", "quantity", "id_oper_type") values (15, 2, '2017-7-11 11:7:28', 4, 2);

insert into STORE ("id_store", "shelf", "date_oper", "quantity", "id_oper_type") values (540, 7, '2018-2-2 22:0:50', 7, 7);

insert into STORE ("id_store", "shelf", "date_oper", "quantity", "id_oper_type") values (503, 6, '2017-1-24 2:16:10', 8, 4);

insert into STORE ("id_store", "shelf", "date_oper", "quantity", "id_oper_type") values (672, 8, '2017-5-2 7:23:19', 3, 4);

insert into STORE ("id_store", "shelf", "date_oper", "quantity", "id_oper_type") values (913, 4, '2017-1-21 2:2:58', 5, 9);

insert into STORE ("id_store", "shelf", "date_oper", "quantity", "id_oper_type") values (142, 3, '2017-7-2 10:37:2', 2, 9);

insert into STORE ("id_store", "shelf", "date_oper", "quantity", "id_oper_type") values (610, 9, '2017-3-16 4:51:43', 6, 6);

insert into STORE ("id_store", "shelf", "date_oper", "quantity", "id_oper_type") values (449, 5, '2017-7-18 11:27:8', 9, 9);

insert into STORE ("id_store", "shelf", "date_oper", "quantity", "id_oper_type") values (201, 1, '2017-5-1 7:18:53', 1, 4);

insert into STORE ("id_store", "shelf", "date_oper", "quantity", "id_oper_type") values (947, 2, '2018-1-24 21:34:37', 4, 2);

insert into STORE ("id_store", "shelf", "date_oper", "quantity", "id_oper_type") values (472, 7, '2017-7-22 11:37:49', 7, 8);

insert into STORE ("id_store", "shelf", "date_oper", "quantity", "id_oper_type") values (577, 6, '2017-12-25 20:4:18', 8, 6);

insert into STORE ("id_store", "shelf", "date_oper", "quantity", "id_oper_type") values (336, 8, '2018-2-17 22:48:31', 3, 6);

insert into STORE ("id_store", "shelf", "date_oper", "quantity", "id_oper_type") values (74, 4, '2017-3-12 4:34:59', 5, 6);

insert into STORE ("id_store", "shelf", "date_oper", "quantity", "id_oper_type") values (21, 3, '2017-3-3 4:10:50', 2, 7);

insert into STORE ("id_store", "shelf", "date_oper", "quantity", "id_oper_type") values (423, 9, '2017-8-13 12:52:58', 6, 7);

insert into STORE ("id_store", "shelf", "date_oper", "quantity", "id_oper_type") values (330, 5, '2018-1-29 21:49:12', 9, 2);

insert into STORE ("id_store", "shelf", "date_oper", "quantity", "id_oper_type") values (133, 1, '2017-12-3 18:49:36', 1, 1);

insert into STORE ("id_store", "shelf", "date_oper", "quantity", "id_oper_type") values (303, 2, '2017-2-4 2:49:13', 4, 9);

insert into STORE ("id_store", "shelf", "date_oper", "quantity", "id_oper_type") values (591, 7, '2017-3-13 4:39:40', 7, 2);

insert into STORE ("id_store", "shelf", "date_oper", "quantity", "id_oper_type") values (461, 6, '2017-4-3 5:51:42', 8, 3);

insert into STORE ("id_store", "shelf", "date_oper", "quantity", "id_oper_type") values (54, 8, '2017-2-8 2:59:39', 3, 8);

insert into STORE ("id_store", "shelf", "date_oper", "quantity", "id_oper_type") values (56, 4, '2017-4-7 6:5:42', 5, 1);

insert into STORE ("id_store", "shelf", "date_oper", "quantity", "id_oper_type") values (245, 3, '2017-4-28 7:9:2', 2, 3);

insert into STORE ("id_store", "shelf", "date_oper", "quantity", "id_oper_type") values (773, 9, '2017-10-25 16:37:37', 6, 4);

insert into STORE ("id_store", "shelf", "date_oper", "quantity", "id_oper_type") values (625, 5, '2018-2-3 22:4:24', 9, 6);

insert into STORE ("id_store", "shelf", "date_oper", "quantity", "id_oper_type") values (311, 1, '2017-6-19 9:53:13', 1, 4);

insert into STORE ("id_store", "shelf", "date_oper", "quantity", "id_oper_type") values (632, 2, '2017-6-8 9:17:47', 4, 6);

insert into STORE ("id_store", "shelf", "date_oper", "quantity", "id_oper_type") values (889, 7, '2017-9-13 14:25:19', 7, 4);

insert into STORE ("id_store", "shelf", "date_oper", "quantity", "id_oper_type") values (523, 6, '2017-11-9 17:31:48', 8, 4);

insert into STORE ("id_store", "shelf", "date_oper", "quantity", "id_oper_type") values (510, 8, '2017-11-25 18:27:4', 3, 7);

insert into STORE ("id_store", "shelf", "date_oper", "quantity", "id_oper_type") values (495, 4, '2017-1-2 1:3:50', 5, 8);

insert into STORE ("id_store", "shelf", "date_oper", "quantity", "id_oper_type") values (484, 3, '2018-1-22 21:30:54', 2, 7);

insert into STORE ("id_store", "shelf", "date_oper", "quantity", "id_oper_type") values (723, 9, '2017-4-3 5:50:41', 6, 3);

insert into STORE ("id_store", "shelf", "date_oper", "quantity", "id_oper_type") values (351, 5, '2018-1-7 20:43:2', 9, 2);

insert into STORE ("id_store", "shelf", "date_oper", "quantity", "id_oper_type") values (527, 1, '2017-8-24 13:26:50', 1, 7);

insert into STORE ("id_store", "shelf", "date_oper", "quantity", "id_oper_type") values (389, 2, '2017-7-3 10:44:22', 4, 2);

insert into STORE ("id_store", "shelf", "date_oper", "quantity", "id_oper_type") values (513, 7, '2017-8-6 12:31:21', 7, 3);

insert into STORE ("id_store", "shelf", "date_oper", "quantity", "id_oper_type") values (221, 6, '2017-1-18 1:53:25', 8, 2);

insert into STORE ("id_store", "shelf", "date_oper", "quantity", "id_oper_type") values (582, 8, '2018-1-3 20:30:26', 3, 8);

insert into STORE ("id_store", "shelf", "date_oper", "quantity", "id_oper_type") values (458, 4, '2018-2-13 22:34:36', 5, 3);

insert into STORE ("id_store", "shelf", "date_oper", "quantity", "id_oper_type") values (963, 3, '2017-11-5 17:16:41', 2, 2);

insert into STORE ("id_store", "shelf", "date_oper", "quantity", "id_oper_type") values (753, 9, '2017-12-26 20:9:57', 6, 6);

insert into STORE ("id_store", "shelf", "date_oper", "quantity", "id_oper_type") values (452, 5, '2017-4-26 7:2:46', 9, 3);

insert into STORE ("id_store", "shelf", "date_oper", "quantity", "id_oper_type") values (224, 1, '2017-4-19 6:42:58', 1, 2);

insert into STORE ("id_store", "shelf", "date_oper", "quantity", "id_oper_type") values (448, 2, '2017-1-26 2:22:2', 4, 6);

insert into STORE ("id_store", "shelf", "date_oper", "quantity", "id_oper_type") values (270, 7, '2017-6-17 9:50:34', 7, 4);

insert into STORE ("id_store", "shelf", "date_oper", "quantity", "id_oper_type") values (720, 6, '2018-1-5 20:37:29', 8, 9);

insert into STORE ("id_store", "shelf", "date_oper", "quantity", "id_oper_type") values (174, 8, '2017-4-7 6:3:0', 3, 6);

insert into STORE ("id_store", "shelf", "date_oper", "quantity", "id_oper_type") values (647, 4, '2018-2-21 23:3:53', 5, 6);

insert into STORE ("id_store", "shelf", "date_oper", "quantity", "id_oper_type") values (341, 3, '2017-7-18 11:28:1', 2, 3);

insert into STORE ("id_store", "shelf", "date_oper", "quantity", "id_oper_type") values (525, 9, '2017-8-9 12:41:37', 6, 6);

insert into STORE ("id_store", "shelf", "date_oper", "quantity", "id_oper_type") values (180, 5, '2017-1-29 2:28:20', 9, 8);

insert into STORE ("id_store", "shelf", "date_oper", "quantity", "id_oper_type") values (350, 1, '2017-8-22 13:21:46', 1, 8);

insert into STORE ("id_store", "shelf", "date_oper", "quantity", "id_oper_type") values (899, 2, '2017-2-23 3:48:4', 4, 4);

insert into STORE ("id_store", "shelf", "date_oper", "quantity", "id_oper_type") values (239, 7, '2017-4-3 5:48:41', 7, 4);

insert into STORE ("id_store", "shelf", "date_oper", "quantity", "id_oper_type") values (962, 6, '2017-7-18 11:29:23', 8, 2);

insert into STORE ("id_store", "shelf", "date_oper", "quantity", "id_oper_type") values (726, 8, '2017-6-20 10:0:28', 3, 9);

insert into STORE ("id_store", "shelf", "date_oper", "quantity", "id_oper_type") values (457, 4, '2017-5-26 8:35:50', 5, 6);

insert into STORE ("id_store", "shelf", "date_oper", "quantity", "id_oper_type") values (765, 3, '2017-4-11 6:21:4', 2, 7);

insert into STORE ("id_store", "shelf", "date_oper", "quantity", "id_oper_type") values (407, 9, '2017-12-24 19:59:24', 6, 6);

insert into STORE ("id_store", "shelf", "date_oper", "quantity", "id_oper_type") values (378, 5, '2018-2-3 22:2:56', 9, 2);

insert into STORE ("id_store", "shelf", "date_oper", "quantity", "id_oper_type") values (757, 1, '2017-8-13 12:54:26', 1, 4);

insert into STORE ("id_store", "shelf", "date_oper", "quantity", "id_oper_type") values (628, 2, '2017-9-17 14:37:27', 4, 2);

insert into STORE ("id_store", "shelf", "date_oper", "quantity", "id_oper_type") values (932, 7, '2017-3-21 5:5:38', 7, 6);

insert into STORE ("id_store", "shelf", "date_oper", "quantity", "id_oper_type") values (366, 6, '2017-3-12 4:37:48', 8, 2);

insert into STORE ("id_store", "shelf", "date_oper", "quantity", "id_oper_type") values (409, 8, '2017-7-15 11:20:32', 3, 1);

insert into STORE ("id_store", "shelf", "date_oper", "quantity", "id_oper_type") values (104, 4, '2017-6-29 10:25:59', 5, 6);

insert into STORE ("id_store", "shelf", "date_oper", "quantity", "id_oper_type") values (475, 3, '2018-2-17 22:46:58', 2, 7);

insert into STORE ("id_store", "shelf", "date_oper", "quantity", "id_oper_type") values (216, 9, '2017-10-10 15:50:10', 6, 4);

insert into STORE ("id_store", "shelf", "date_oper", "quantity", "id_oper_type") values (307, 5, '2017-7-22 11:36:42', 9, 4);

insert into STORE ("id_store", "shelf", "date_oper", "quantity", "id_oper_type") values (194, 1, '2017-6-26 10:15:55', 1, 3);

insert into STORE ("id_store", "shelf", "date_oper", "quantity", "id_oper_type") values (846, 2, '2017-8-29 13:42:11', 4, 1);

insert into STORE ("id_store", "shelf", "date_oper", "quantity", "id_oper_type") values (712, 7, '2017-2-22 3:44:13', 7, 4);

insert into STORE ("id_store", "shelf", "date_oper", "quantity", "id_oper_type") values (569, 6, '2017-8-15 12:58:35', 8, 9);

insert into STORE ("id_store", "shelf", "date_oper", "quantity", "id_oper_type") values (733, 8, '2017-4-29 7:10:57', 3, 3);

insert into STORE ("id_store", "shelf", "date_oper", "quantity", "id_oper_type") values (993, 4, '2017-1-4 1:13:10', 5, 6);

insert into STORE ("id_store", "shelf", "date_oper", "quantity", "id_oper_type") values (333, 3, '2017-3-18 4:58:2', 2, 2);

insert into STORE ("id_store", "shelf", "date_oper", "quantity", "id_oper_type") values (966, 9, '2017-5-26 8:37:15', 6, 9);

insert into STORE ("id_store", "shelf", "date_oper", "quantity", "id_oper_type") values (23, 5, '2017-10-27 16:47:8', 9, 9);

insert into STORE ("id_store", "shelf", "date_oper", "quantity", "id_oper_type") values (179, 1, '2017-10-23 16:30:16', 1, 1);

insert into STORE ("id_store", "shelf", "date_oper", "quantity", "id_oper_type") values (815, 2, '2017-8-10 12:43:39', 4, 3);

insert into STORE ("id_store", "shelf", "date_oper", "quantity", "id_oper_type") values (924, 7, '2017-5-28 8:43:2', 7, 9);

insert into STORE ("id_store", "shelf", "date_oper", "quantity", "id_oper_type") values (236, 6, '2018-1-13 21:1:19', 8, 1);

insert into STORE ("id_store", "shelf", "date_oper", "quantity", "id_oper_type") values (196, 8, '2017-6-13 9:34:29', 3, 2);

insert into STORE ("id_store", "shelf", "date_oper", "quantity", "id_oper_type") values (816, 4, '2017-6-9 9:19:39', 5, 6);

insert into STORE ("id_store", "shelf", "date_oper", "quantity", "id_oper_type") values (646, 3, '2017-3-30 5:37:28', 2, 7);

insert into STORE ("id_store", "shelf", "date_oper", "quantity", "id_oper_type") values (987, 9, '2017-1-7 1:22:45', 6, 7);

insert into STORE ("id_store", "shelf", "date_oper", "quantity", "id_oper_type") values (519, 5, '2017-5-17 8:10:26', 9, 9);

insert into STORE ("id_store", "shelf", "date_oper", "quantity", "id_oper_type") values (518, 1, '2017-1-13 1:41:18', 1, 1);

insert into STORE ("id_store", "shelf", "date_oper", "quantity", "id_oper_type") values (18, 2, '2017-3-10 4:31:21', 4, 3);

insert into STORE ("id_store", "shelf", "date_oper", "quantity", "id_oper_type") values (35, 7, '2017-9-22 14:56:10', 7, 6);

insert into STORE ("id_store", "shelf", "date_oper", "quantity", "id_oper_type") values (392, 6, '2017-3-27 5:25:18', 8, 3);

insert into STORE ("id_store", "shelf", "date_oper", "quantity", "id_oper_type") values (985, 8, '2017-9-10 14:17:48', 3, 7);

insert into STORE ("id_store", "shelf", "date_oper", "quantity", "id_oper_type") values (770, 4, '2017-4-22 6:50:44', 5, 7);

insert into STORE ("id_store", "shelf", "date_oper", "quantity", "id_oper_type") values (405, 3, '2017-4-21 6:49:5', 2, 8);

insert into STORE ("id_store", "shelf", "date_oper", "quantity", "id_oper_type") values (760, 9, '2017-6-6 9:13:13', 6, 3);

insert into STORE ("id_store", "shelf", "date_oper", "quantity", "id_oper_type") values (920, 5, '2017-12-11 19:18:42', 9, 9);

insert into STORE ("id_store", "shelf", "date_oper", "quantity", "id_oper_type") values (619, 1, '2018-1-11 20:54:34', 1, 7);

insert into STORE ("id_store", "shelf", "date_oper", "quantity", "id_oper_type") values (64, 2, '2018-1-5 20:36:22', 4, 6);

insert into STORE ("id_store", "shelf", "date_oper", "quantity", "id_oper_type") values (836, 7, '2017-9-17 14:38:26', 7, 6);

insert into STORE ("id_store", "shelf", "date_oper", "quantity", "id_oper_type") values (361, 6, '2017-6-3 9:0:14', 8, 7);

insert into STORE ("id_store", "shelf", "date_oper", "quantity", "id_oper_type") values (553, 8, '2017-3-27 5:24:6', 3, 3);

insert into STORE ("id_store", "shelf", "date_oper", "quantity", "id_oper_type") values (746, 4, '2017-2-25 3:52:41', 5, 9);

insert into STORE ("id_store", "shelf", "date_oper", "quantity", "id_oper_type") values (358, 3, '2017-11-10 17:38:44', 2, 1);

insert into STORE ("id_store", "shelf", "date_oper", "quantity", "id_oper_type") values (609, 9, '2017-1-9 1:31:23', 6, 6);

insert into STORE ("id_store", "shelf", "date_oper", "quantity", "id_oper_type") values (943, 5, '2017-4-24 6:57:45', 9, 1);

insert into STORE ("id_store", "shelf", "date_oper", "quantity", "id_oper_type") values (774, 1, '2017-10-4 15:30:40', 1, 6);

insert into STORE ("id_store", "shelf", "date_oper", "quantity", "id_oper_type") values (927, 2, '2017-5-21 8:23:16', 4, 6);

insert into STORE ("id_store", "shelf", "date_oper", "quantity", "id_oper_type") values (294, 7, '2017-7-27 11:51:17', 7, 2);

insert into STORE ("id_store", "shelf", "date_oper", "quantity", "id_oper_type") values (353, 6, '2017-2-1 2:37:33', 8, 7);

insert into STORE ("id_store", "shelf", "date_oper", "quantity", "id_oper_type") values (539, 8, '2017-5-19 8:13:24', 3, 2);

insert into STORE ("id_store", "shelf", "date_oper", "quantity", "id_oper_type") values (183, 4, '2017-10-18 16:15:43', 5, 1);

insert into STORE ("id_store", "shelf", "date_oper", "quantity", "id_oper_type") values (538, 3, '2017-3-26 5:23:4', 2, 8);

insert into STORE ("id_store", "shelf", "date_oper", "quantity", "id_oper_type") values (682, 9, '2017-10-9 15:45:37', 6, 4);

insert into STORE ("id_store", "shelf", "date_oper", "quantity", "id_oper_type") values (967, 5, '2017-12-17 19:36:11', 9, 1);

insert into STORE ("id_store", "shelf", "date_oper", "quantity", "id_oper_type") values (161, 1, '2017-1-3 1:8:55', 1, 6);

insert into STORE ("id_store", "shelf", "date_oper", "quantity", "id_oper_type") values (473, 2, '2017-7-31 12:7:44', 4, 4);

insert into STORE ("id_store", "shelf", "date_oper", "quantity", "id_oper_type") values (514, 7, '2017-4-14 6:29:13', 7, 6);

insert into STORE ("id_store", "shelf", "date_oper", "quantity", "id_oper_type") values (93, 6, '2017-11-5 17:18:16', 8, 3);

insert into STORE ("id_store", "shelf", "date_oper", "quantity", "id_oper_type") values (89, 8, '2017-10-7 15:40:51', 3, 3);

insert into STORE ("id_store", "shelf", "date_oper", "quantity", "id_oper_type") values (329, 4, '2017-9-5 14:1:39', 5, 2);

insert into STORE ("id_store", "shelf", "date_oper", "quantity", "id_oper_type") values (304, 3, '2017-4-12 6:23:43', 2, 1);

insert into STORE ("id_store", "shelf", "date_oper", "quantity", "id_oper_type") values (541, 9, '2017-11-15 17:54:2', 6, 3);

insert into STORE ("id_store", "shelf", "date_oper", "quantity", "id_oper_type") values (34, 5, '2017-3-29 5:36:25', 9, 7);

insert into STORE ("id_store", "shelf", "date_oper", "quantity", "id_oper_type") values (40, 1, '2017-11-14 17:50:3', 1, 7);

insert into STORE ("id_store", "shelf", "date_oper", "quantity", "id_oper_type") values (780, 2, '2017-6-4 9:5:57', 4, 2);

insert into STORE ("id_store", "shelf", "date_oper", "quantity", "id_oper_type") values (447, 7, '2017-9-15 14:32:10', 7, 9);

insert into STORE ("id_store", "shelf", "date_oper", "quantity", "id_oper_type") values (209, 6, '2017-1-21 2:4:47', 8, 9);

insert into STORE ("id_store", "shelf", "date_oper", "quantity", "id_oper_type") values (376, 8, '2017-9-25 15:6:51', 3, 3);

insert into STORE ("id_store", "shelf", "date_oper", "quantity", "id_oper_type") values (547, 4, '2017-4-14 6:29:56', 5, 9);

insert into STORE ("id_store", "shelf", "date_oper", "quantity", "id_oper_type") values (616, 3, '2017-7-25 11:46:4', 2, 3);

insert into STORE ("id_store", "shelf", "date_oper", "quantity", "id_oper_type") values (231, 9, '2017-12-25 20:5:3', 6, 6);

insert into STORE ("id_store", "shelf", "date_oper", "quantity", "id_oper_type") values (332, 5, '2018-2-7 22:17:56', 9, 9);

insert into STORE ("id_store", "shelf", "date_oper", "quantity", "id_oper_type") values (348, 1, '2017-6-16 9:43:22', 1, 7);

insert into STORE ("id_store", "shelf", "date_oper", "quantity", "id_oper_type") values (938, 2, '2017-10-17 16:13:11', 4, 2);

insert into STORE ("id_store", "shelf", "date_oper", "quantity", "id_oper_type") values (554, 7, '2017-2-25 3:53:50', 7, 8);

insert into STORE ("id_store", "shelf", "date_oper", "quantity", "id_oper_type") values (604, 6, '2017-10-13 15:58:56', 8, 7);

insert into STORE ("id_store", "shelf", "date_oper", "quantity", "id_oper_type") values (902, 8, '2017-8-7 12:35:8', 3, 4);

insert into STORE ("id_store", "shelf", "date_oper", "quantity", "id_oper_type") values (260, 4, '2017-11-29 18:38:23', 5, 1);

insert into STORE ("id_store", "shelf", "date_oper", "quantity", "id_oper_type") values (745, 3, '2017-3-21 5:7:18', 2, 2);

insert into STORE ("id_store", "shelf", "date_oper", "quantity", "id_oper_type") values (57, 9, '2017-5-11 7:48:33', 6, 1);

insert into STORE ("id_store", "shelf", "date_oper", "quantity", "id_oper_type") values (352, 5, '2017-3-28 5:27:13', 9, 7);

insert into STORE ("id_store", "shelf", "date_oper", "quantity", "id_oper_type") values (949, 1, '2017-3-17 4:54:44', 1, 8);

insert into STORE ("id_store", "shelf", "date_oper", "quantity", "id_oper_type") values (759, 2, '2017-5-16 8:7:23', 4, 4);

insert into STORE ("id_store", "shelf", "date_oper", "quantity", "id_oper_type") values (167, 7, '2017-9-27 15:12:50', 7, 1);

insert into STORE ("id_store", "shelf", "date_oper", "quantity", "id_oper_type") values (262, 6, '2017-2-16 3:25:56', 8, 4);

insert into STORE ("id_store", "shelf", "date_oper", "quantity", "id_oper_type") values (10, 8, '2018-2-12 22:31:11', 3, 4);

insert into STORE ("id_store", "shelf", "date_oper", "quantity", "id_oper_type") values (71, 4, '2017-3-16 4:49:42', 5, 2);

insert into STORE ("id_store", "shelf", "date_oper", "quantity", "id_oper_type") values (875, 3, '2017-12-2 18:48:3', 2, 9);

insert into STORE ("id_store", "shelf", "date_oper", "quantity", "id_oper_type") values (42, 9, '2017-6-11 9:25:54', 6, 2);

insert into STORE ("id_store", "shelf", "date_oper", "quantity", "id_oper_type") values (83, 5, '2017-12-30 20:18:10', 9, 2);

insert into STORE ("id_store", "shelf", "date_oper", "quantity", "id_oper_type") values (202, 1, '2017-10-14 16:4:21', 1, 9);

insert into STORE ("id_store", "shelf", "date_oper", "quantity", "id_oper_type") values (258, 2, '2017-4-8 6:6:49', 4, 8);

insert into STORE ("id_store", "shelf", "date_oper", "quantity", "id_oper_type") values (100, 7, '2018-1-27 21:41:42', 7, 6);

insert into STORE ("id_store", "shelf", "date_oper", "quantity", "id_oper_type") values (334, 6, '2017-9-20 14:49:10', 8, 9);

insert into STORE ("id_store", "shelf", "date_oper", "quantity", "id_oper_type") values (969, 8, '2017-2-9 3:2:0', 3, 6);

insert into STORE ("id_store", "shelf", "date_oper", "quantity", "id_oper_type") values (19, 4, '2017-1-20 2:0:9', 5, 8);

insert into STORE ("id_store", "shelf", "date_oper", "quantity", "id_oper_type") values (576, 3, '2017-2-14 3:19:30', 2, 3);

insert into STORE ("id_store", "shelf", "date_oper", "quantity", "id_oper_type") values (427, 9, '2017-10-22 16:26:57', 6, 8);

insert into STORE ("id_store", "shelf", "date_oper", "quantity", "id_oper_type") values (347, 5, '2018-2-13 22:33:43', 9, 6);

insert into STORE ("id_store", "shelf", "date_oper", "quantity", "id_oper_type") values (425, 1, '2017-3-10 4:30:14', 1, 9);

insert into STORE ("id_store", "shelf", "date_oper", "quantity", "id_oper_type") values (131, 2, '2017-12-19 19:40:39', 4, 3);

insert into STORE ("id_store", "shelf", "date_oper", "quantity", "id_oper_type") values (802, 7, '2018-1-8 20:46:15', 7, 9);

insert into STORE ("id_store", "shelf", "date_oper", "quantity", "id_oper_type") values (564, 6, '2017-1-31 2:34:31', 8, 4);

insert into STORE ("id_store", "shelf", "date_oper", "quantity", "id_oper_type") values (317, 8, '2018-2-10 22:26:23', 3, 8);

insert into STORE ("id_store", "shelf", "date_oper", "quantity", "id_oper_type") values (492, 4, '2017-8-24 13:30:1', 5, 4);

insert into STORE ("id_store", "shelf", "date_oper", "quantity", "id_oper_type") values (11, 3, '2017-9-19 14:43:18', 2, 4);

insert into STORE ("id_store", "shelf", "date_oper", "quantity", "id_oper_type") values (622, 9, '2017-9-7 14:5:58', 6, 6);

insert into STORE ("id_store", "shelf", "date_oper", "quantity", "id_oper_type") values (84, 5, '2017-8-10 12:45:37', 9, 3);

insert into STORE ("id_store", "shelf", "date_oper", "quantity", "id_oper_type") values (758, 1, '2017-1-19 1:56:51', 1, 7);

insert into STORE ("id_store", "shelf", "date_oper", "quantity", "id_oper_type") values (767, 2, '2017-11-18 18:1:20', 4, 8);

insert into STORE ("id_store", "shelf", "date_oper", "quantity", "id_oper_type") values (935, 7, '2018-1-25 21:36:16', 7, 4);

insert into STORE ("id_store", "shelf", "date_oper", "quantity", "id_oper_type") values (418, 6, '2017-1-6 1:18:18', 8, 3);

insert into STORE ("id_store", "shelf", "date_oper", "quantity", "id_oper_type") values (276, 8, '2017-5-25 8:34:2', 3, 4);

insert into STORE ("id_store", "shelf", "date_oper", "quantity", "id_oper_type") values (500, 4, '2017-5-28 8:40:9', 5, 1);

insert into STORE ("id_store", "shelf", "date_oper", "quantity", "id_oper_type") values (975, 3, '2017-6-25 10:14:39', 2, 3);

insert into STORE ("id_store", "shelf", "date_oper", "quantity", "id_oper_type") values (417, 9, '2018-1-30 21:51:56', 6, 6);

insert into STORE ("id_store", "shelf", "date_oper", "quantity", "id_oper_type") values (549, 5, '2017-3-22 5:10:12', 9, 1);

insert into STORE ("id_store", "shelf", "date_oper", "quantity", "id_oper_type") values (168, 1, '2017-7-12 11:11:27', 1, 9);

insert into STORE ("id_store", "shelf", "date_oper", "quantity", "id_oper_type") values (149, 2, '2017-5-4 7:29:18', 4, 1);

insert into STORE ("id_store", "shelf", "date_oper", "quantity", "id_oper_type") values (148, 7, '2017-3-3 4:12:8', 7, 7);

insert into STORE ("id_store", "shelf", "date_oper", "quantity", "id_oper_type") values (306, 6, '2017-5-18 8:11:27', 8, 6);

insert into STORE ("id_store", "shelf", "date_oper", "quantity", "id_oper_type") values (327, 8, '2017-9-10 14:16:25', 3, 4);

insert into STORE ("id_store", "shelf", "date_oper", "quantity", "id_oper_type") values (747, 4, '2017-6-30 10:31:18', 5, 8);

insert into STORE ("id_store", "shelf", "date_oper", "quantity", "id_oper_type") values (308, 3, '2017-4-24 6:59:20', 2, 6);

insert into STORE ("id_store", "shelf", "date_oper", "quantity", "id_oper_type") values (266, 9, '2017-10-8 15:42:42', 6, 7);

insert into STORE ("id_store", "shelf", "date_oper", "quantity", "id_oper_type") values (593, 5, '2017-7-6 10:51:34', 9, 3);

insert into STORE ("id_store", "shelf", "date_oper", "quantity", "id_oper_type") values (791, 1, '2017-4-30 7:14:4', 1, 8);

insert into STORE ("id_store", "shelf", "date_oper", "quantity", "id_oper_type") values (45, 2, '2017-4-26 7:3:40', 4, 1);

insert into STORE ("id_store", "shelf", "date_oper", "quantity", "id_oper_type") values (5, 7, '2017-6-22 10:6:2', 7, 9);

insert into STORE ("id_store", "shelf", "date_oper", "quantity", "id_oper_type") values (522, 6, '2017-8-21 13:18:47', 8, 3);

insert into STORE ("id_store", "shelf", "date_oper", "quantity", "id_oper_type") values (477, 8, '2017-2-18 3:32:50', 3, 2);

insert into STORE ("id_store", "shelf", "date_oper", "quantity", "id_oper_type") values (641, 4, '2018-2-15 22:42:4', 5, 6);

insert into STORE ("id_store", "shelf", "date_oper", "quantity", "id_oper_type") values (986, 3, '2017-12-21 19:49:16', 2, 9);

insert into STORE ("id_store", "shelf", "date_oper", "quantity", "id_oper_type") values (318, 9, '2017-11-1 17:2:28', 6, 6);

insert into STORE ("id_store", "shelf", "date_oper", "quantity", "id_oper_type") values (305, 5, '2017-8-31 13:46:46', 9, 6);

insert into STORE ("id_store", "shelf", "date_oper", "quantity", "id_oper_type") values (110, 1, '2017-6-5 9:7:46', 1, 4);

insert into STORE ("id_store", "shelf", "date_oper", "quantity", "id_oper_type") values (387, 2, '2017-5-20 8:18:55', 4, 2);

insert into STORE ("id_store", "shelf", "date_oper", "quantity", "id_oper_type") values (82, 7, '2017-7-31 12:9:35', 7, 1);

insert into STORE ("id_store", "shelf", "date_oper", "quantity", "id_oper_type") values (964, 6, '2017-1-16 1:49:45', 8, 9);

insert into STORE ("id_store", "shelf", "date_oper", "quantity", "id_oper_type") values (287, 8, '2017-7-29 12:1:58', 3, 3);

insert into STORE ("id_store", "shelf", "date_oper", "quantity", "id_oper_type") values (898, 4, '2017-9-3 13:55:33', 5, 3);

insert into STORE ("id_store", "shelf", "date_oper", "quantity", "id_oper_type") values (25, 3, '2017-6-5 9:9:24', 2, 3);

insert into STORE ("id_store", "shelf", "date_oper", "quantity", "id_oper_type") values (275, 9, '2017-6-2 8:58:18', 6, 1);

insert into STORE ("id_store", "shelf", "date_oper", "quantity", "id_oper_type") values (574, 5, '2017-1-28 2:26:56', 9, 7);

insert into STORE ("id_store", "shelf", "date_oper", "quantity", "id_oper_type") values (677, 1, '2017-8-7 12:34:6', 1, 9);

insert into STORE ("id_store", "shelf", "date_oper", "quantity", "id_oper_type") values (357, 2, '2017-10-28 16:50:6', 4, 7);

insert into STORE ("id_store", "shelf", "date_oper", "quantity", "id_oper_type") values (354, 7, '2017-12-26 20:6:56', 7, 6);

insert into STORE ("id_store", "shelf", "date_oper", "quantity", "id_oper_type") values (783, 6, '2017-6-10 9:22:15', 8, 1);

insert into STORE ("id_store", "shelf", "date_oper", "quantity", "id_oper_type") values (441, 8, '2017-8-19 13:10:9', 3, 2);

insert into STORE ("id_store", "shelf", "date_oper", "quantity", "id_oper_type") values (916, 4, '2017-12-10 19:11:53', 5, 1);

insert into STORE ("id_store", "shelf", "date_oper", "quantity", "id_oper_type") values (312, 3, '2017-5-9 7:43:46', 2, 8);

insert into STORE ("id_store", "shelf", "date_oper", "quantity", "id_oper_type") values (120, 9, '2017-8-6 12:29:22', 6, 8);

insert into STORE ("id_store", "shelf", "date_oper", "quantity", "id_oper_type") values (626, 5, '2017-5-13 7:59:1', 9, 6);

insert into STORE ("id_store", "shelf", "date_oper", "quantity", "id_oper_type") values (737, 1, '2017-8-18 13:8:23', 1, 3);

insert into STORE ("id_store", "shelf", "date_oper", "quantity", "id_oper_type") values (584, 2, '2017-10-13 15:59:50', 4, 7);

insert into STORE ("id_store", "shelf", "date_oper", "quantity", "id_oper_type") values (728, 7, '2017-12-7 19:1:58', 7, 2);

insert into STORE ("id_store", "shelf", "date_oper", "quantity", "id_oper_type") values (808, 6, '2017-1-22 2:7:49', 8, 1);

insert into STORE ("id_store", "shelf", "date_oper", "quantity", "id_oper_type") values (880, 8, '2017-7-28 11:58:30', 3, 7);

insert into STORE ("id_store", "shelf", "date_oper", "quantity", "id_oper_type") values (567, 4, '2017-11-23 18:21:22', 5, 8);

insert into STORE ("id_store", "shelf", "date_oper", "quantity", "id_oper_type") values (94, 3, '2017-5-29 8:44:33', 2, 6);

insert into STORE ("id_store", "shelf", "date_oper", "quantity", "id_oper_type") values (717, 9, '2017-3-6 4:19:45', 6, 4);

insert into STORE ("id_store", "shelf", "date_oper", "quantity", "id_oper_type") values (140, 5, '2017-11-29 18:41:13', 9, 7);

insert into STORE ("id_store", "shelf", "date_oper", "quantity", "id_oper_type") values (776, 1, '2017-9-24 15:2:11', 1, 3);

insert into STORE ("id_store", "shelf", "date_oper", "quantity", "id_oper_type") values (721, 2, '2017-1-14 1:44:4', 4, 1);

insert into STORE ("id_store", "shelf", "date_oper", "quantity", "id_oper_type") values (122, 7, '2017-4-29 7:12:9', 7, 3);

insert into STORE ("id_store", "shelf", "date_oper", "quantity", "id_oper_type") values (13, 6, '2017-5-31 8:50:28', 8, 1);

insert into STORE ("id_store", "shelf", "date_oper", "quantity", "id_oper_type") values (800, 8, '2017-9-3 13:56:12', 3, 6);

insert into STORE ("id_store", "shelf", "date_oper", "quantity", "id_oper_type") values (864, 4, '2017-4-25 7:0:5', 5, 6);

insert into STORE ("id_store", "shelf", "date_oper", "quantity", "id_oper_type") values (454, 3, '2018-2-5 22:9:23', 2, 9);

insert into STORE ("id_store", "shelf", "date_oper", "quantity", "id_oper_type") values (950, 9, '2017-10-16 16:12:1', 6, 8);

insert into STORE ("id_store", "shelf", "date_oper", "quantity", "id_oper_type") values (648, 5, '2017-8-30 13:43:54', 9, 4);

insert into STORE ("id_store", "shelf", "date_oper", "quantity", "id_oper_type") values (532, 1, '2017-4-7 6:3:45', 1, 8);

insert into STORE ("id_store", "shelf", "date_oper", "quantity", "id_oper_type") values (293, 2, '2017-7-6 10:54:48', 4, 3);

insert into STORE ("id_store", "shelf", "date_oper", "quantity", "id_oper_type") values (363, 7, '2017-10-9 15:44:41', 7, 2);

insert into STORE ("id_store", "shelf", "date_oper", "quantity", "id_oper_type") values (394, 6, '2017-12-21 19:48:16', 8, 3);

insert into STORE ("id_store", "shelf", "date_oper", "quantity", "id_oper_type") values (507, 8, '2017-1-27 2:23:36', 3, 1);

insert into STORE ("id_store", "shelf", "date_oper", "quantity", "id_oper_type") values (756, 4, '2017-3-2 4:10:5', 5, 6);

insert into STORE ("id_store", "shelf", "date_oper", "quantity", "id_oper_type") values (470, 3, '2018-2-25 23:17:47', 2, 6);

insert into STORE ("id_store", "shelf", "date_oper", "quantity", "id_oper_type") values (805, 9, '2017-10-26 16:40:28', 6, 6);

insert into STORE ("id_store", "shelf", "date_oper", "quantity", "id_oper_type") values (238, 5, '2017-6-4 9:4:42', 9, 3);

insert into STORE ("id_store", "shelf", "date_oper", "quantity", "id_oper_type") values (79, 1, '2018-1-31 21:53:52', 1, 3);

insert into STORE ("id_store", "shelf", "date_oper", "quantity", "id_oper_type") values (432, 2, '2017-4-5 5:57:6', 4, 3);

insert into STORE ("id_store", "shelf", "date_oper", "quantity", "id_oper_type") values (516, 7, '2017-2-9 3:3:32', 7, 1);

insert into STORE ("id_store", "shelf", "date_oper", "quantity", "id_oper_type") values (429, 6, '2017-6-3 9:3:27', 8, 3);

insert into STORE ("id_store", "shelf", "date_oper", "quantity", "id_oper_type") values (530, 8, '2017-3-25 5:19:32', 3, 2);

insert into STORE ("id_store", "shelf", "date_oper", "quantity", "id_oper_type") values (570, 4, '2018-1-10 20:50:51', 5, 7);

insert into STORE ("id_store", "shelf", "date_oper", "quantity", "id_oper_type") values (435, 3, '2017-6-19 9:55:3', 2, 8);

insert into STORE ("id_store", "shelf", "date_oper", "quantity", "id_oper_type") values (386, 9, '2017-7-28 11:56:45', 6, 2);

insert into STORE ("id_store", "shelf", "date_oper", "quantity", "id_oper_type") values (211, 5, '2017-12-29 20:15:36', 9, 9);

insert into STORE ("id_store", "shelf", "date_oper", "quantity", "id_oper_type") values (323, 1, '2017-11-30 18:43:35', 1, 4);

insert into STORE ("id_store", "shelf", "date_oper", "quantity", "id_oper_type") values (571, 2, '2017-5-12 7:51:42', 4, 4);

insert into STORE ("id_store", "shelf", "date_oper", "quantity", "id_oper_type") values (187, 7, '2017-9-19 14:44:23', 7, 6);

insert into STORE ("id_store", "shelf", "date_oper", "quantity", "id_oper_type") values (968, 6, '2017-9-1 13:50:1', 8, 1);

insert into STORE ("id_store", "shelf", "date_oper", "quantity", "id_oper_type") values (118, 8, '2018-1-6 20:41:3', 3, 6);

insert into STORE ("id_store", "shelf", "date_oper", "quantity", "id_oper_type") values (787, 4, '2018-2-22 23:5:57', 5, 8);

insert into STORE ("id_store", "shelf", "date_oper", "quantity", "id_oper_type") values (798, 3, '2017-8-17 13:2:53', 2, 3);

insert into STORE ("id_store", "shelf", "date_oper", "quantity", "id_oper_type") values (511, 9, '2018-3-1 23:31:38', 6, 4);

insert into STORE ("id_store", "shelf", "date_oper", "quantity", "id_oper_type") values (479, 5, '2017-1-14 1:42:19', 9, 7);

insert into STORE ("id_store", "shelf", "date_oper", "quantity", "id_oper_type") values (145, 1, '2017-10-16 16:10:18', 1, 7);

insert into STORE ("id_store", "shelf", "date_oper", "quantity", "id_oper_type") values (374, 2, '2017-7-25 11:47:47', 4, 2);

insert into STORE ("id_store", "shelf", "date_oper", "quantity", "id_oper_type") values (546, 7, '2017-11-22 18:18:9', 7, 8);

insert into STORE ("id_store", "shelf", "date_oper", "quantity", "id_oper_type") values (803, 6, '2018-2-9 22:23:1', 8, 7);

insert into STORE ("id_store", "shelf", "date_oper", "quantity", "id_oper_type") values (107, 8, '2017-12-6 19:0:2', 3, 7);

insert into STORE ("id_store", "shelf", "date_oper", "quantity", "id_oper_type") values (337, 4, '2017-12-15 19:26:47', 5, 6);

insert into STORE ("id_store", "shelf", "date_oper", "quantity", "id_oper_type") values (411, 3, '2017-1-10 1:34:10', 2, 7);

insert into STORE ("id_store", "shelf", "date_oper", "quantity", "id_oper_type") values (395, 9, '2017-3-29 5:34:39', 6, 4);

insert into STORE ("id_store", "shelf", "date_oper", "quantity", "id_oper_type") values (301, 5, '2018-2-12 22:32:16', 9, 4);

insert into STORE ("id_store", "shelf", "date_oper", "quantity", "id_oper_type") values (154, 1, '2017-3-23 5:12:50', 1, 9);

insert into STORE ("id_store", "shelf", "date_oper", "quantity", "id_oper_type") values (694, 2, '2018-1-20 21:21:6', 4, 7);

insert into STORE ("id_store", "shelf", "date_oper", "quantity", "id_oper_type") values (688, 7, '2017-4-12 6:21:59', 7, 2);

insert into STORE ("id_store", "shelf", "date_oper", "quantity", "id_oper_type") values (869, 6, '2017-3-13 4:40:53', 8, 3);

insert into STORE ("id_store", "shelf", "date_oper", "quantity", "id_oper_type") values (31, 8, '2018-2-20 22:56:8', 3, 9);

insert into STORE ("id_store", "shelf", "date_oper", "quantity", "id_oper_type") values (863, 4, '2017-2-13 3:16:4', 5, 1);

insert into STORE ("id_store", "shelf", "date_oper", "quantity", "id_oper_type") values (33, 3, '2017-8-23 13:23:56', 2, 7);

insert into STORE ("id_store", "shelf", "date_oper", "quantity", "id_oper_type") values (946, 9, '2017-12-27 20:10:45', 6, 9);

insert into STORE ("id_store", "shelf", "date_oper", "quantity", "id_oper_type") values (831, 5, '2017-7-21 11:34:22', 9, 3);

insert into STORE ("id_store", "shelf", "date_oper", "quantity", "id_oper_type") values (181, 1, '2017-11-24 18:24:36', 1, 9);

insert into STORE ("id_store", "shelf", "date_oper", "quantity", "id_oper_type") values (190, 2, '2017-9-2 13:51:55', 4, 3);

insert into STORE ("id_store", "shelf", "date_oper", "quantity", "id_oper_type") values (198, 7, '2017-8-9 12:38:50', 7, 1);

insert into STORE ("id_store", "shelf", "date_oper", "quantity", "id_oper_type") values (383, 6, '2017-4-28 7:7:41', 8, 8);

insert into STORE ("id_store", "shelf", "date_oper", "quantity", "id_oper_type") values (446, 8, '2017-9-8 14:10:32', 3, 6);

insert into STORE ("id_store", "shelf", "date_oper", "quantity", "id_oper_type") values (459, 4, '2017-10-14 16:2:47', 5, 6);

insert into STORE ("id_store", "shelf", "date_oper", "quantity", "id_oper_type") values (505, 3, '2017-1-8 1:27:50', 2, 3);

insert into STORE ("id_store", "shelf", "date_oper", "quantity", "id_oper_type") values (237, 9, '2017-9-20 14:46:5', 6, 6);

insert into STORE ("id_store", "shelf", "date_oper", "quantity", "id_oper_type") values (431, 5, '2017-2-12 3:13:10', 9, 1);

insert into STORE ("id_store", "shelf", "date_oper", "quantity", "id_oper_type") values (428, 1, '2017-5-7 7:38:31', 1, 3);

insert into STORE ("id_store", "shelf", "date_oper", "quantity", "id_oper_type") values (377, 2, '2018-2-10 22:24:10', 4, 1);

insert into STORE ("id_store", "shelf", "date_oper", "quantity", "id_oper_type") values (498, 7, '2017-2-11 3:12:25', 7, 6);

insert into STORE ("id_store", "shelf", "date_oper", "quantity", "id_oper_type") values (640, 6, '2017-3-15 4:46:17', 8, 3);

insert into STORE ("id_store", "shelf", "date_oper", "quantity", "id_oper_type") values (497, 8, '2017-6-23 10:8:30', 3, 9);

insert into STORE ("id_store", "shelf", "date_oper", "quantity", "id_oper_type") values (512, 4, '2017-10-10 15:48:10', 5, 2);

insert into STORE ("id_store", "shelf", "date_oper", "quantity", "id_oper_type") values (158, 3, '2018-1-19 21:18:55', 2, 9);

insert into STORE ("id_store", "shelf", "date_oper", "quantity", "id_oper_type") values (44, 9, '2018-2-1 21:57:27', 6, 3);

insert into STORE ("id_store", "shelf", "date_oper", "quantity", "id_oper_type") values (141, 5, '2017-2-24 3:49:13', 9, 4);

insert into STORE ("id_store", "shelf", "date_oper", "quantity", "id_oper_type") values (559, 1, '2017-6-14 9:38:13', 1, 3);

insert into STORE ("id_store", "shelf", "date_oper", "quantity", "id_oper_type") values (939, 2, '2017-3-28 5:31:13', 4, 4);

insert into STORE ("id_store", "shelf", "date_oper", "quantity", "id_oper_type") values (73, 7, '2018-1-21 21:26:29', 7, 8);

insert into STORE ("id_store", "shelf", "date_oper", "quantity", "id_oper_type") values (220, 6, '2017-3-28 5:29:12', 8, 1);

insert into STORE ("id_store", "shelf", "date_oper", "quantity", "id_oper_type") values (856, 8, '2018-3-1 23:30:44', 3, 9);

insert into STORE ("id_store", "shelf", "date_oper", "quantity", "id_oper_type") values (124, 4, '2017-4-17 6:39:0', 5, 6);

insert into STORE ("id_store", "shelf", "date_oper", "quantity", "id_oper_type") values (911, 3, '2017-10-7 15:38:16', 2, 2);

insert into STORE ("id_store", "shelf", "date_oper", "quantity", "id_oper_type") values (956, 9, '2017-3-21 5:4:41', 6, 4);

insert into STORE ("id_store", "shelf", "date_oper", "quantity", "id_oper_type") values (268, 5, '2017-8-13 12:52:9', 9, 6);

insert into STORE ("id_store", "shelf", "date_oper", "quantity", "id_oper_type") values (615, 1, '2018-2-26 23:19:28', 1, 2);

insert into STORE ("id_store", "shelf", "date_oper", "quantity", "id_oper_type") values (65, 2, '2017-12-21 19:50:14', 4, 9);

insert into STORE ("id_store", "shelf", "date_oper", "quantity", "id_oper_type") values (162, 7, '2017-10-27 16:45:28', 7, 7);

insert into STORE ("id_store", "shelf", "date_oper", "quantity", "id_oper_type") values (401, 6, '2017-1-9 1:29:33', 8, 1);

insert into STORE ("id_store", "shelf", "date_oper", "quantity", "id_oper_type") values (623, 8, '2017-7-23 11:42:28', 3, 4);

insert into STORE ("id_store", "shelf", "date_oper", "quantity", "id_oper_type") values (426, 4, '2017-12-8 19:6:31', 5, 6);

insert into STORE ("id_store", "shelf", "date_oper", "quantity", "id_oper_type") values (665, 3, '2017-10-26 16:43:55', 2, 7);

insert into STORE ("id_store", "shelf", "date_oper", "quantity", "id_oper_type") values (113, 9, '2017-12-8 19:4:37', 6, 9);

insert into STORE ("id_store", "shelf", "date_oper", "quantity", "id_oper_type") values (207, 5, '2018-2-28 23:27:40', 9, 6);

insert into STORE ("id_store", "shelf", "date_oper", "quantity", "id_oper_type") values (521, 1, '2017-12-15 19:28:43', 1, 3);

insert into STORE ("id_store", "shelf", "date_oper", "quantity", "id_oper_type") values (871, 2, '2017-2-3 2:47:33', 4, 1);

insert into STORE ("id_store", "shelf", "date_oper", "quantity", "id_oper_type") values (462, 7, '2017-11-9 17:34:20', 7, 7);

insert into STORE ("id_store", "shelf", "date_oper", "quantity", "id_oper_type") values (436, 6, '2017-10-4 15:29:56', 8, 4);

insert into STORE ("id_store", "shelf", "date_oper", "quantity", "id_oper_type") values (204, 8, '2017-9-16 14:36:11', 3, 8);

insert into STORE ("id_store", "shelf", "date_oper", "quantity", "id_oper_type") values (764, 4, '2018-1-23 21:31:47', 5, 4);

insert into STORE ("id_store", "shelf", "date_oper", "quantity", "id_oper_type") values (360, 3, '2017-4-13 6:28:6', 2, 1);

insert into STORE ("id_store", "shelf", "date_oper", "quantity", "id_oper_type") values (16, 9, '2017-12-14 19:24:3', 6, 8);

insert into STORE ("id_store", "shelf", "date_oper", "quantity", "id_oper_type") values (821, 5, '2017-5-11 7:50:19', 9, 8);

insert into STORE ("id_store", "shelf", "date_oper", "quantity", "id_oper_type") values (881, 1, '2017-7-2 10:40:18', 1, 4);

insert into STORE ("id_store", "shelf", "date_oper", "quantity", "id_oper_type") values (143, 2, '2018-1-17 21:12:51', 4, 3);

insert into STORE ("id_store", "shelf", "date_oper", "quantity", "id_oper_type") values (736, 7, '2017-6-11 9:27:42', 7, 8);

insert into STORE ("id_store", "shelf", "date_oper", "quantity", "id_oper_type") values (693, 6, '2018-1-4 20:34:20', 8, 9);

insert into STORE ("id_store", "shelf", "date_oper", "quantity", "id_oper_type") values (280, 8, '2017-9-21 14:52:17', 3, 7);

insert into STORE ("id_store", "shelf", "date_oper", "quantity", "id_oper_type") values (698, 4, '2017-4-22 6:51:40', 5, 9);

insert into STORE ("id_store", "shelf", "date_oper", "quantity", "id_oper_type") values (829, 3, '2017-5-27 8:39:2', 2, 3);

insert into STORE ("id_store", "shelf", "date_oper", "quantity", "id_oper_type") values (777, 9, '2017-12-4 18:53:21', 6, 3);

insert into STORE ("id_store", "shelf", "date_oper", "quantity", "id_oper_type") values (782, 5, '2017-2-7 2:56:28', 9, 2);

insert into STORE ("id_store", "shelf", "date_oper", "quantity", "id_oper_type") values (735, 1, '2017-7-23 11:41:7', 1, 1);

insert into STORE ("id_store", "shelf", "date_oper", "quantity", "id_oper_type") values (664, 2, '2018-1-30 21:50:23', 4, 2);

insert into STORE ("id_store", "shelf", "date_oper", "quantity", "id_oper_type") values (101, 7, '2017-10-6 15:35:17', 7, 9);

insert into STORE ("id_store", "shelf", "date_oper", "quantity", "id_oper_type") values (654, 6, '2017-2-4 2:50:39', 8, 7);

insert into STORE ("id_store", "shelf", "date_oper", "quantity", "id_oper_type") values (905, 8, '2017-12-28 20:14:45', 3, 4);

insert into STORE ("id_store", "shelf", "date_oper", "quantity", "id_oper_type") values (466, 4, '2017-11-19 18:6:21', 5, 6);

insert into STORE ("id_store", "shelf", "date_oper", "quantity", "id_oper_type") values (614, 3, '2017-11-3 17:9:54', 2, 4);

insert into STORE ("id_store", "shelf", "date_oper", "quantity", "id_oper_type") values (578, 9, '2017-7-10 11:6:35', 6, 8);

insert into STORE ("id_store", "shelf", "date_oper", "quantity", "id_oper_type") values (106, 5, '2017-9-15 14:33:15', 9, 9);

insert into STORE ("id_store", "shelf", "date_oper", "quantity", "id_oper_type") values (445, 1, '2017-8-21 13:17:57', 1, 7);

insert into STORE ("id_store", "shelf", "date_oper", "quantity", "id_oper_type") values (116, 2, '2018-1-15 21:8:35', 4, 7);

insert into STORE ("id_store", "shelf", "date_oper", "quantity", "id_oper_type") values (344, 7, '2017-5-3 7:26:39', 7, 8);

insert into STORE ("id_store", "shelf", "date_oper", "quantity", "id_oper_type") values (483, 6, '2017-12-13 19:23:5', 8, 4);

insert into STORE ("id_store", "shelf", "date_oper", "quantity", "id_oper_type") values (229, 8, '2017-10-1 15:21:5', 3, 3);

insert into STORE ("id_store", "shelf", "date_oper", "quantity", "id_oper_type") values (476, 4, '2017-5-14 7:59:59', 5, 2);

insert into STORE ("id_store", "shelf", "date_oper", "quantity", "id_oper_type") values (300, 3, '2017-1-19 1:55:38', 2, 1);

insert into STORE ("id_store", "shelf", "date_oper", "quantity", "id_oper_type") values (669, 9, '2017-11-7 17:25:21', 6, 1);

insert into STORE ("id_store", "shelf", "date_oper", "quantity", "id_oper_type") values (810, 5, '2017-10-31 16:58:39', 9, 7);

insert into STORE ("id_store", "shelf", "date_oper", "quantity", "id_oper_type") values (550, 1, '2017-4-9 6:10:52', 1, 6);

insert into STORE ("id_store", "shelf", "date_oper", "quantity", "id_oper_type") values (370, 2, '2018-2-21 23:2:38', 4, 2);

insert into STORE ("id_store", "shelf", "date_oper", "quantity", "id_oper_type") values (636, 7, '2017-8-14 12:56:24', 7, 1);

insert into STORE ("id_store", "shelf", "date_oper", "quantity", "id_oper_type") values (684, 6, '2017-5-2 7:24:43', 8, 4);

insert into STORE ("id_store", "shelf", "date_oper", "quantity", "id_oper_type") values (285, 8, '2017-4-10 6:14:32', 3, 4);

insert into STORE ("id_store", "shelf", "date_oper", "quantity", "id_oper_type") values (827, 4, '2017-8-3 12:21:27', 5, 4);

insert into STORE ("id_store", "shelf", "date_oper", "quantity", "id_oper_type") values (230, 3, '2017-6-14 9:39:15', 2, 1);

insert into STORE ("id_store", "shelf", "date_oper", "quantity", "id_oper_type") values (67, 9, '2017-1-25 2:18:3', 6, 3);

insert into STORE ("id_store", "shelf", "date_oper", "quantity", "id_oper_type") values (62, 5, '2017-1-17 1:50:39', 9, 8);

insert into STORE ("id_store", "shelf", "date_oper", "quantity", "id_oper_type") values (763, 1, '2017-5-24 8:32:47', 1, 7);

insert into STORE ("id_store", "shelf", "date_oper", "quantity", "id_oper_type") values (195, 2, '2017-1-20 1:58:29', 4, 7);

insert into STORE ("id_store", "shelf", "date_oper", "quantity", "id_oper_type") values (226, 7, '2018-2-14 22:38:53', 7, 7);

insert into STORE ("id_store", "shelf", "date_oper", "quantity", "id_oper_type") values (413, 6, '2017-8-18 13:6:55', 8, 4);

insert into STORE ("id_store", "shelf", "date_oper", "quantity", "id_oper_type") values (434, 8, '2018-1-11 20:55:49', 3, 8);

insert into STORE ("id_store", "shelf", "date_oper", "quantity", "id_oper_type") values (861, 4, '2017-9-8 14:13:15', 5, 3);

insert into STORE ("id_store", "shelf", "date_oper", "quantity", "id_oper_type") values (814, 3, '2018-2-8 22:19:43', 2, 3);

insert into STORE ("id_store", "shelf", "date_oper", "quantity", "id_oper_type") values (309, 9, '2017-8-2 12:16:58', 6, 4);

insert into STORE ("id_store", "shelf", "date_oper", "quantity", "id_oper_type") values (870, 5, '2017-11-22 18:16:51', 9, 3);

insert into STORE ("id_store", "shelf", "date_oper", "quantity", "id_oper_type") values (90, 1, '2017-10-15 16:7:4', 1, 4);

insert into STORE ("id_store", "shelf", "date_oper", "quantity", "id_oper_type") values (486, 2, '2018-1-26 21:39:41', 4, 3);

insert into STORE ("id_store", "shelf", "date_oper", "quantity", "id_oper_type") values (408, 7, '2017-8-22 13:22:57', 7, 3);

insert into STORE ("id_store", "shelf", "date_oper", "quantity", "id_oper_type") values (310, 6, '2017-2-26 3:56:3', 8, 4);

insert into STORE ("id_store", "shelf", "date_oper", "quantity", "id_oper_type") values (837, 8, '2017-6-27 10:21:34', 3, 3);

insert into STORE ("id_store", "shelf", "date_oper", "quantity", "id_oper_type") values (685, 4, '2017-1-24 2:16:53', 5, 3);

insert into STORE ("id_store", "shelf", "date_oper", "quantity", "id_oper_type") values (897, 3, '2017-7-26 11:49:11', 2, 7);

insert into STORE ("id_store", "shelf", "date_oper", "quantity", "id_oper_type") values (315, 9, '2017-10-5 15:34:16', 6, 1);

insert into STORE ("id_store", "shelf", "date_oper", "quantity", "id_oper_type") values (830, 5, '2018-1-17 21:13:40', 9, 8);

insert into STORE ("id_store", "shelf", "date_oper", "quantity", "id_oper_type") values (658, 1, '2017-9-27 15:9:50', 1, 8);

insert into STORE ("id_store", "shelf", "date_oper", "quantity", "id_oper_type") values (227, 2, '2017-1-12 1:37:9', 4, 4);

insert into STORE ("id_store", "shelf", "date_oper", "quantity", "id_oper_type") values (264, 7, '2017-11-19 18:8:2', 7, 2);

insert into STORE ("id_store", "shelf", "date_oper", "quantity", "id_oper_type") values (299, 6, '2017-5-5 7:33:6', 8, 4);

insert into STORE ("id_store", "shelf", "date_oper", "quantity", "id_oper_type") values (983, 8, '2018-2-6 22:14:48', 3, 3);

insert into STORE ("id_store", "shelf", "date_oper", "quantity", "id_oper_type") values (22, 4, '2017-7-22 11:38:36', 5, 6);

insert into STORE ("id_store", "shelf", "date_oper", "quantity", "id_oper_type") values (146, 3, '2017-2-24 3:50:39', 2, 4);

insert into STORE ("id_store", "shelf", "date_oper", "quantity", "id_oper_type") values (544, 9, '2017-11-26 18:32:59', 6, 7);

insert into STORE ("id_store", "shelf", "date_oper", "quantity", "id_oper_type") values (217, 5, '2017-5-18 8:12:11', 9, 7);

insert into STORE ("id_store", "shelf", "date_oper", "quantity", "id_oper_type") values (891, 1, '2018-2-18 22:49:33', 1, 8);

insert into STORE ("id_store", "shelf", "date_oper", "quantity", "id_oper_type") values (992, 2, '2017-6-8 9:18:37', 4, 2);

insert into STORE ("id_store", "shelf", "date_oper", "quantity", "id_oper_type") values (706, 7, '2017-9-11 14:18:54', 7, 2);

insert into STORE ("id_store", "shelf", "date_oper", "quantity", "id_oper_type") values (740, 6, '2017-5-30 8:48:28', 8, 9);

insert into STORE ("id_store", "shelf", "date_oper", "quantity", "id_oper_type") values (77, 8, '2017-2-15 3:22:2', 3, 9);

insert into STORE ("id_store", "shelf", "date_oper", "quantity", "id_oper_type") values (487, 4, '2018-1-20 21:22:10', 5, 3);

insert into STORE ("id_store", "shelf", "date_oper", "quantity", "id_oper_type") values (313, 3, '2017-4-21 6:49:58', 2, 8);

insert into STORE ("id_store", "shelf", "date_oper", "quantity", "id_oper_type") values (790, 9, '2017-4-24 6:55:44', 6, 8);

insert into STORE ("id_store", "shelf", "date_oper", "quantity", "id_oper_type") values (727, 5, '2017-1-21 2:5:59', 9, 2);

insert into STORE ("id_store", "shelf", "date_oper", "quantity", "id_oper_type") values (343, 1, '2017-9-20 14:50:47', 1, 2);

insert into STORE ("id_store", "shelf", "date_oper", "quantity", "id_oper_type") values (189, 2, '2017-2-10 3:9:40', 4, 6);

insert into STORE ("id_store", "shelf", "date_oper", "quantity", "id_oper_type") values (61, 7, '2017-9-20 14:47:49', 7, 8);

insert into STORE ("id_store", "shelf", "date_oper", "quantity", "id_oper_type") values (242, 6, '2017-3-20 5:2:19', 8, 1);

insert into STORE ("id_store", "shelf", "date_oper", "quantity", "id_oper_type") values (851, 8, '2018-1-8 20:45:8', 3, 4);

insert into STORE ("id_store", "shelf", "date_oper", "quantity", "id_oper_type") values (568, 4, '2017-1-20 2:1:42', 5, 2);

insert into STORE ("id_store", "shelf", "date_oper", "quantity", "id_oper_type") values (178, 3, '2017-5-23 8:28:34', 2, 2);

insert into STORE ("id_store", "shelf", "date_oper", "quantity", "id_oper_type") values (234, 9, '2017-7-1 10:33:13', 6, 9);

insert into STORE ("id_store", "shelf", "date_oper", "quantity", "id_oper_type") values (982, 5, '2017-7-20 11:32:51', 9, 6);

insert into STORE ("id_store", "shelf", "date_oper", "quantity", "id_oper_type") values (85, 1, '2017-9-12 14:23:30', 1, 4);

insert into STORE ("id_store", "shelf", "date_oper", "quantity", "id_oper_type") values (575, 2, '2018-3-2 23:34:6', 4, 7);

insert into STORE ("id_store", "shelf", "date_oper", "quantity", "id_oper_type") values (494, 7, '2017-12-14 19:25:52', 7, 1);

insert into STORE ("id_store", "shelf", "date_oper", "quantity", "id_oper_type") values (581, 6, '2017-8-9 12:40:39', 8, 3);

insert into STORE ("id_store", "shelf", "date_oper", "quantity", "id_oper_type") values (743, 8, '2017-8-1 12:10:57', 3, 9);

insert into STORE ("id_store", "shelf", "date_oper", "quantity", "id_oper_type") values (649, 4, '2017-5-4 7:31:37', 5, 1);

insert into STORE ("id_store", "shelf", "date_oper", "quantity", "id_oper_type") values (482, 3, '2017-10-3 15:27:32', 2, 6);

insert into STORE ("id_store", "shelf", "date_oper", "quantity", "id_oper_type") values (872, 9, '2017-3-26 5:21:8', 6, 9);

insert into STORE ("id_store", "shelf", "date_oper", "quantity", "id_oper_type") values (338, 5, '2017-11-16 17:55:52', 9, 8);

insert into STORE ("id_store", "shelf", "date_oper", "quantity", "id_oper_type") values (580, 1, '2017-9-8 14:12:9', 1, 3);

insert into STORE ("id_store", "shelf", "date_oper", "quantity", "id_oper_type") values (535, 2, '2017-6-2 8:57:15', 4, 6);

insert into STORE ("id_store", "shelf", "date_oper", "quantity", "id_oper_type") values (579, 7, '2017-10-15 16:5:45', 7, 6);

insert into STORE ("id_store", "shelf", "date_oper", "quantity", "id_oper_type") values (676, 6, '2017-3-25 5:20:24', 8, 4);

insert into STORE ("id_store", "shelf", "date_oper", "quantity", "id_oper_type") values (32, 8, '2017-12-26 20:8:28', 3, 4);

insert into STORE ("id_store", "shelf", "date_oper", "quantity", "id_oper_type") values (373, 4, '2018-1-18 21:16:13', 5, 3);

insert into STORE ("id_store", "shelf", "date_oper", "quantity", "id_oper_type") values (813, 3, '2017-6-22 10:7:8', 2, 7);

insert into STORE ("id_store", "shelf", "date_oper", "quantity", "id_oper_type") values (994, 9, '2017-2-22 3:45:42', 6, 2);

insert into STORE ("id_store", "shelf", "date_oper", "quantity", "id_oper_type") values (806, 5, '2017-4-17 6:37:31', 9, 4);

insert into STORE ("id_store", "shelf", "date_oper", "quantity", "id_oper_type") values (399, 1, '2017-8-11 12:47:28', 1, 1);

insert into STORE ("id_store", "shelf", "date_oper", "quantity", "id_oper_type") values (499, 2, '2017-8-7 12:32:21', 4, 3);

insert into STORE ("id_store", "shelf", "date_oper", "quantity", "id_oper_type") values (562, 7, '2017-2-20 3:37:6', 7, 4);

insert into STORE ("id_store", "shelf", "date_oper", "quantity", "id_oper_type") values (493, 6, '2017-7-29 12:0:22', 8, 3);

insert into STORE ("id_store", "shelf", "date_oper", "quantity", "id_oper_type") values (789, 8, '2017-5-16 8:6:38', 3, 4);

insert into STORE ("id_store", "shelf", "date_oper", "quantity", "id_oper_type") values (724, 4, '2017-8-25 13:31:11', 5, 8);

insert into STORE ("id_store", "shelf", "date_oper", "quantity", "id_oper_type") values (824, 3, '2017-1-6 1:18:59', 2, 9);

insert into STORE ("id_store", "shelf", "date_oper", "quantity", "id_oper_type") values (673, 9, '2017-7-1 10:34:12', 6, 8);

insert into STORE ("id_store", "shelf", "date_oper", "quantity", "id_oper_type") values (480, 5, '2017-12-1 18:44:58', 9, 4);

insert into STORE ("id_store", "shelf", "date_oper", "quantity", "id_oper_type") values (208, 1, '2017-10-30 16:55:1', 1, 7);

insert into STORE ("id_store", "shelf", "date_oper", "quantity", "id_oper_type") values (298, 2, '2018-2-20 22:58:6', 4, 6);

insert into STORE ("id_store", "shelf", "date_oper", "quantity", "id_oper_type") values (778, 7, '2018-1-7 20:43:42', 7, 2);

insert into STORE ("id_store", "shelf", "date_oper", "quantity", "id_oper_type") values (561, 6, '2017-2-24 3:51:30', 8, 7);

insert into STORE ("id_store", "shelf", "date_oper", "quantity", "id_oper_type") values (971, 8, '2017-5-31 8:53:23', 3, 2);

insert into STORE ("id_store", "shelf", "date_oper", "quantity", "id_oper_type") values (241, 4, '2017-1-3 1:10:24', 5, 4);

insert into STORE ("id_store", "shelf", "date_oper", "quantity", "id_oper_type") values (877, 3, '2018-2-20 22:59:19', 2, 7);

insert into STORE ("id_store", "shelf", "date_oper", "quantity", "id_oper_type") values (801, 9, '2017-8-14 12:57:4', 6, 4);

insert into STORE ("id_store", "shelf", "date_oper", "quantity", "id_oper_type") values (652, 5, '2017-9-9 14:15:39', 9, 6);

insert into STORE ("id_store", "shelf", "date_oper", "quantity", "id_oper_type") values (296, 1, '2017-11-9 17:33:17', 1, 3);

insert into STORE ("id_store", "shelf", "date_oper", "quantity", "id_oper_type") values (754, 2, '2017-11-11 17:40:51', 4, 6);

insert into STORE ("id_store", "shelf", "date_oper", "quantity", "id_oper_type") values (166, 7, '2017-1-23 2:10:47', 7, 4);

insert into STORE ("id_store", "shelf", "date_oper", "quantity", "id_oper_type") values (655, 6, '2017-6-12 9:31:18', 8, 6);

insert into STORE ("id_store", "shelf", "date_oper", "quantity", "id_oper_type") values (919, 8, '2017-2-23 3:47:11', 3, 8);

insert into STORE ("id_store", "shelf", "date_oper", "quantity", "id_oper_type") values (879, 4, '2017-5-19 8:14:29', 5, 7);

insert into STORE ("id_store", "shelf", "date_oper", "quantity", "id_oper_type") values (847, 3, '2017-5-8 7:43:5', 2, 4);

insert into STORE ("id_store", "shelf", "date_oper", "quantity", "id_oper_type") values (744, 9, '2017-8-16 13:0:51', 6, 2);

insert into STORE ("id_store", "shelf", "date_oper", "quantity", "id_oper_type") values (715, 5, '2018-1-6 20:40:5', 9, 1);

insert into STORE ("id_store", "shelf", "date_oper", "quantity", "id_oper_type") values (828, 1, '2017-12-23 19:55:45', 1, 8);

insert into STORE ("id_store", "shelf", "date_oper", "quantity", "id_oper_type") values (185, 2, '2017-5-15 8:3:23', 4, 9);

insert into STORE ("id_store", "shelf", "date_oper", "quantity", "id_oper_type") values (59, 7, '2017-6-12 9:30:4', 7, 1);

insert into STORE ("id_store", "shelf", "date_oper", "quantity", "id_oper_type") values (867, 6, '2017-8-5 12:27:51', 8, 1);

insert into STORE ("id_store", "shelf", "date_oper", "quantity", "id_oper_type") values (98, 8, '2017-8-16 12:59:18', 3, 7);

insert into STORE ("id_store", "shelf", "date_oper", "quantity", "id_oper_type") values (849, 4, '2018-2-24 23:12:23', 5, 7);

insert into STORE ("id_store", "shelf", "date_oper", "quantity", "id_oper_type") values (442, 3, '2017-8-5 12:25:22', 2, 6);

insert into STORE ("id_store", "shelf", "date_oper", "quantity", "id_oper_type") values (121, 9, '2017-8-24 13:28:2', 6, 7);

insert into STORE ("id_store", "shelf", "date_oper", "quantity", "id_oper_type") values (980, 5, '2017-5-5 7:34:59', 9, 2);

insert into STORE ("id_store", "shelf", "date_oper", "quantity", "id_oper_type") values (277, 1, '2017-4-4 5:53:40', 1, 2);

insert into STORE ("id_store", "shelf", "date_oper", "quantity", "id_oper_type") values (603, 2, '2017-9-30 15:19:12', 4, 8);

insert into STORE ("id_store", "shelf", "date_oper", "quantity", "id_oper_type") values (249, 7, '2017-10-26 16:42:22', 7, 3);

insert into STORE ("id_store", "shelf", "date_oper", "quantity", "id_oper_type") values (2, 6, '2017-3-5 4:17:52', 8, 9);

insert into STORE ("id_store", "shelf", "date_oper", "quantity", "id_oper_type") values (607, 8, '2017-9-16 14:34:48', 3, 7);

insert into STORE ("id_store", "shelf", "date_oper", "quantity", "id_oper_type") values (701, 4, '2017-12-1 18:46:0', 5, 2);

insert into STORE ("id_store", "shelf", "date_oper", "quantity", "id_oper_type") values (218, 3, '2017-11-5 17:15:3', 2, 6);

insert into STORE ("id_store", "shelf", "date_oper", "quantity", "id_oper_type") values (917, 9, '2017-12-9 19:10:8', 6, 8);

insert into STORE ("id_store", "shelf", "date_oper", "quantity", "id_oper_type") values (72, 5, '2017-12-29 20:17:9', 9, 1);

insert into STORE ("id_store", "shelf", "date_oper", "quantity", "id_oper_type") values (397, 1, '2017-11-27 18:34:34', 1, 6);

insert into STORE ("id_store", "shelf", "date_oper", "quantity", "id_oper_type") values (320, 2, '2017-9-23 15:0:10', 4, 6);

insert into STORE ("id_store", "shelf", "date_oper", "quantity", "id_oper_type") values (137, 7, '2017-7-8 11:1:14', 7, 6);

insert into STORE ("id_store", "shelf", "date_oper", "quantity", "id_oper_type") values (796, 6, '2017-10-5 15:32:29', 8, 2);

insert into STORE ("id_store", "shelf", "date_oper", "quantity", "id_oper_type") values (47, 8, '2017-11-22 18:19:31', 3, 1);

insert into STORE ("id_store", "shelf", "date_oper", "quantity", "id_oper_type") values (597, 4, '2018-2-15 22:40:25', 5, 6);

insert into STORE ("id_store", "shelf", "date_oper", "quantity", "id_oper_type") values (989, 3, '2017-7-17 11:24:53', 2, 8);

insert into STORE ("id_store", "shelf", "date_oper", "quantity", "id_oper_type") values (172, 9, '2017-11-7 17:24:26', 6, 1);

insert into STORE ("id_store", "shelf", "date_oper", "quantity", "id_oper_type") values (573, 5, '2018-3-3 23:37:0', 9, 9);

insert into STORE ("id_store", "shelf", "date_oper", "quantity", "id_oper_type") values (235, 1, '2017-1-2 1:7:9', 1, 4);

insert into STORE ("id_store", "shelf", "date_oper", "quantity", "id_oper_type") values (598, 2, '2017-11-26 18:31:3', 4, 9);

insert into STORE ("id_store", "shelf", "date_oper", "quantity", "id_oper_type") values (566, 7, '2017-6-11 9:24:53', 7, 6);

insert into STORE ("id_store", "shelf", "date_oper", "quantity", "id_oper_type") values (563, 6, '2017-7-16 11:21:42', 8, 9);

insert into STORE ("id_store", "shelf", "date_oper", "quantity", "id_oper_type") values (191, 8, '2017-8-2 12:14:14', 3, 7);

insert into STORE ("id_store", "shelf", "date_oper", "quantity", "id_oper_type") values (469, 4, '2017-1-18 1:52:43', 5, 1);

insert into STORE ("id_store", "shelf", "date_oper", "quantity", "id_oper_type") values (542, 3, '2017-8-26 13:34:3', 2, 2);

insert into STORE ("id_store", "shelf", "date_oper", "quantity", "id_oper_type") values (657, 9, '2017-5-10 7:47:17', 6, 3);

insert into STORE ("id_store", "shelf", "date_oper", "quantity", "id_oper_type") values (170, 5, '2017-11-13 17:48:22', 9, 8);

insert into STORE ("id_store", "shelf", "date_oper", "quantity", "id_oper_type") values (147, 1, '2017-6-29 10:27:50', 1, 6);

insert into STORE ("id_store", "shelf", "date_oper", "quantity", "id_oper_type") values (629, 2, '2017-9-1 13:49:20', 4, 2);

insert into STORE ("id_store", "shelf", "date_oper", "quantity", "id_oper_type") values (213, 7, '2017-3-9 4:28:34', 7, 1);

insert into STORE ("id_store", "shelf", "date_oper", "quantity", "id_oper_type") values (762, 6, '2017-1-30 2:31:4', 8, 1);

insert into STORE ("id_store", "shelf", "date_oper", "quantity", "id_oper_type") values (439, 8, '2017-12-31 20:22:57', 3, 4);

insert into STORE ("id_store", "shelf", "date_oper", "quantity", "id_oper_type") values (66, 4, '2017-7-30 12:7:3', 5, 7);

insert into STORE ("id_store", "shelf", "date_oper", "quantity", "id_oper_type") values (918, 3, '2017-11-24 18:22:45', 2, 7);

insert into STORE ("id_store", "shelf", "date_oper", "quantity", "id_oper_type") values (612, 9, '2017-1-10 1:32:24', 6, 4);

insert into STORE ("id_store", "shelf", "date_oper", "quantity", "id_oper_type") values (719, 5, '2017-11-21 18:13:45', 9, 7);

insert into STORE ("id_store", "shelf", "date_oper", "quantity", "id_oper_type") values (666, 1, '2018-1-19 21:19:54', 1, 8);

insert into STORE ("id_store", "shelf", "date_oper", "quantity", "id_oper_type") values (60, 2, '2017-1-4 1:13:54', 4, 2);

insert into STORE ("id_store", "shelf", "date_oper", "quantity", "id_oper_type") values (594, 7, '2017-9-25 15:5:20', 7, 3);

insert into STORE ("id_store", "shelf", "date_oper", "quantity", "id_oper_type") values (37, 6, '2017-8-20 13:14:13', 8, 3);

insert into STORE ("id_store", "shelf", "date_oper", "quantity", "id_oper_type") values (342, 8, '2017-5-30 8:47:38', 3, 4);

insert into STORE ("id_store", "shelf", "date_oper", "quantity", "id_oper_type") values (600, 4, '2018-2-19 22:53:9', 5, 7);

insert into STORE ("id_store", "shelf", "date_oper", "quantity", "id_oper_type") values (681, 3, '2017-4-8 6:8:51', 2, 2);

insert into STORE ("id_store", "shelf", "date_oper", "quantity", "id_oper_type") values (255, 9, '2018-2-28 23:29:1', 6, 7);

insert into STORE ("id_store", "shelf", "date_oper", "quantity", "id_oper_type") values (667, 5, '2018-1-31 21:55:0', 9, 2);

insert into STORE ("id_store", "shelf", "date_oper", "quantity", "id_oper_type") values (656, 1, '2017-12-18 19:37:33', 1, 9);

insert into STORE ("id_store", "shelf", "date_oper", "quantity", "id_oper_type") values (233, 2, '2017-7-28 11:57:49', 4, 2);

insert into STORE ("id_store", "shelf", "date_oper", "quantity", "id_oper_type") values (379, 7, '2017-5-6 7:37:5', 7, 8);

insert into STORE ("id_store", "shelf", "date_oper", "quantity", "id_oper_type") values (595, 6, '2017-4-18 6:39:50', 8, 8);

insert into STORE ("id_store", "shelf", "date_oper", "quantity", "id_oper_type") values (325, 8, '2018-1-27 21:43:27', 3, 3);

insert into STORE ("id_store", "shelf", "date_oper", "quantity", "id_oper_type") values (96, 4, '2017-11-13 17:46:26', 5, 8);

insert into STORE ("id_store", "shelf", "date_oper", "quantity", "id_oper_type") values (703, 3, '2017-8-15 12:57:50', 2, 9);

insert into STORE ("id_store", "shelf", "date_oper", "quantity", "id_oper_type") values (635, 9, '2017-2-19 3:35:14', 6, 7);

insert into STORE ("id_store", "shelf", "date_oper", "quantity", "id_oper_type") values (203, 5, '2017-11-6 17:23:36', 9, 7);

insert into STORE ("id_store", "shelf", "date_oper", "quantity", "id_oper_type") values (7, 1, '2017-12-23 19:57:23', 1, 9);

insert into STORE ("id_store", "shelf", "date_oper", "quantity", "id_oper_type") values (660, 2, '2017-7-10 11:5:34', 4, 7);

insert into STORE ("id_store", "shelf", "date_oper", "quantity", "id_oper_type") values (290, 7, '2017-2-10 3:8:29', 7, 8);

insert into STORE ("id_store", "shelf", "date_oper", "quantity", "id_oper_type") values (152, 6, '2018-1-22 21:29:43', 8, 2);

insert into STORE ("id_store", "shelf", "date_oper", "quantity", "id_oper_type") values (451, 8, '2017-6-29 10:24:25', 3, 6);

insert into STORE ("id_store", "shelf", "date_oper", "quantity", "id_oper_type") values (903, 4, '2017-7-15 11:19:44', 5, 4);

insert into STORE ("id_store", "shelf", "date_oper", "quantity", "id_oper_type") values (825, 3, '2017-6-7 9:14:48', 2, 2);

insert into STORE ("id_store", "shelf", "date_oper", "quantity", "id_oper_type") values (643, 9, '2017-2-26 3:57:23', 6, 8);

insert into STORE ("id_store", "shelf", "date_oper", "quantity", "id_oper_type") values (934, 5, '2017-10-25 16:35:43', 9, 4);

insert into STORE ("id_store", "shelf", "date_oper", "quantity", "id_oper_type") values (20, 1, '2017-6-27 10:20:23', 1, 1);

insert into STORE ("id_store", "shelf", "date_oper", "quantity", "id_oper_type") values (793, 2, '2017-1-16 1:48:49', 4, 4);

insert into STORE ("id_store", "shelf", "date_oper", "quantity", "id_oper_type") values (403, 7, '2017-8-4 12:23:43', 7, 2);

insert into STORE ("id_store", "shelf", "date_oper", "quantity", "id_oper_type") values (788, 6, '2018-2-24 23:14:17', 8, 7);

insert into STORE ("id_store", "shelf", "date_oper", "quantity", "id_oper_type") values (795, 8, '2017-11-17 17:58:44', 3, 2);

insert into STORE ("id_store", "shelf", "date_oper", "quantity", "id_oper_type") values (620, 4, '2017-3-22 5:11:6', 5, 2);

insert into STORE ("id_store", "shelf", "date_oper", "quantity", "id_oper_type") values (835, 3, '2017-3-18 4:56:22', 2, 1);

insert into STORE ("id_store", "shelf", "date_oper", "quantity", "id_oper_type") values (848, 9, '2017-10-24 16:34:47', 6, 9);

insert into STORE ("id_store", "shelf", "date_oper", "quantity", "id_oper_type") values (355, 5, '2017-12-25 20:2:36', 9, 3);

insert into STORE ("id_store", "shelf", "date_oper", "quantity", "id_oper_type") values (150, 1, '2017-3-7 4:23:46', 1, 1);

insert into STORE ("id_store", "shelf", "date_oper", "quantity", "id_oper_type") values (618, 2, '2017-8-17 13:3:56', 4, 2);

insert into STORE ("id_store", "shelf", "date_oper", "quantity", "id_oper_type") values (271, 7, '2017-10-29 16:50:59', 7, 8);

insert into STORE ("id_store", "shelf", "date_oper", "quantity", "id_oper_type") values (410, 6, '2017-9-12 14:22:17', 8, 9);

insert into STORE ("id_store", "shelf", "date_oper", "quantity", "id_oper_type") values (670, 8, '2018-2-27 23:23:45', 3, 6);

insert into STORE ("id_store", "shelf", "date_oper", "quantity", "id_oper_type") values (222, 4, '2017-5-13 7:56:14', 5, 9);

insert into STORE ("id_store", "shelf", "date_oper", "quantity", "id_oper_type") values (972, 3, '2017-2-9 3:4:48', 2, 2);

insert into STORE ("id_store", "shelf", "date_oper", "quantity", "id_oper_type") values (460, 9, '2017-5-20 8:17:44', 6, 9);

insert into STORE ("id_store", "shelf", "date_oper", "quantity", "id_oper_type") values (197, 5, '2017-8-19 13:12:23', 9, 6);

insert into STORE ("id_store", "shelf", "date_oper", "quantity", "id_oper_type") values (748, 1, '2017-11-24 18:25:42', 1, 4);

insert into STORE ("id_store", "shelf", "date_oper", "quantity", "id_oper_type") values (896, 2, '2017-7-24 11:43:49', 4, 7);

insert into STORE ("id_store", "shelf", "date_oper", "quantity", "id_oper_type") values (252, 7, '2017-3-13 4:42:13', 7, 6);

insert into STORE ("id_store", "shelf", "date_oper", "quantity", "id_oper_type") values (854, 6, '2017-3-30 5:38:12', 8, 4);

insert into STORE ("id_store", "shelf", "date_oper", "quantity", "id_oper_type") values (528, 8, '2017-12-17 19:33:58', 3, 3);

insert into STORE ("id_store", "shelf", "date_oper", "quantity", "id_oper_type") values (671, 4, '2017-10-31 17:0:40', 5, 9);

insert into STORE ("id_store", "shelf", "date_oper", "quantity", "id_oper_type") values (228, 3, '2018-2-5 22:10:59', 2, 4);

insert into STORE ("id_store", "shelf", "date_oper", "quantity", "id_oper_type") values (888, 9, '2017-9-22 14:57:26', 6, 2);

insert into STORE ("id_store", "shelf", "date_oper", "quantity", "id_oper_type") values (297, 5, '2017-8-11 12:48:17', 9, 3);

insert into STORE ("id_store", "shelf", "date_oper", "quantity", "id_oper_type") values (509, 1, '2017-2-19 3:34:31', 1, 3);

insert into STORE ("id_store", "shelf", "date_oper", "quantity", "id_oper_type") values (27, 2, '2017-2-25 3:54:40', 4, 3);

insert into STORE ("id_store", "shelf", "date_oper", "quantity", "id_oper_type") values (990, 7, '2017-4-2 5:47:54', 7, 4);

insert into STORE ("id_store", "shelf", "date_oper", "quantity", "id_oper_type") values (456, 6, '2017-1-4 1:12:4', 8, 3);

insert into STORE ("id_store", "shelf", "date_oper", "quantity", "id_oper_type") values (375, 8, '2017-8-28 13:38:39', 3, 9);

insert into STORE ("id_store", "shelf", "date_oper", "quantity", "id_oper_type") values (288, 4, '2017-4-12 6:24:52', 5, 3);

insert into STORE ("id_store", "shelf", "date_oper", "quantity", "id_oper_type") values (689, 3, '2017-6-21 10:4:24', 2, 6);

insert into STORE ("id_store", "shelf", "date_oper", "quantity", "id_oper_type") values (261, 9, '2017-8-4 12:22:10', 6, 6);

insert into STORE ("id_store", "shelf", "date_oper", "quantity", "id_oper_type") values (572, 5, '2017-7-8 10:59:22', 9, 4);

insert into STORE ("id_store", "shelf", "date_oper", "quantity", "id_oper_type") values (772, 1, '2017-3-23 5:14:39', 1, 7);

insert into STORE ("id_store", "shelf", "date_oper", "quantity", "id_oper_type") values (926, 2, '2017-4-4 5:54:50', 4, 6);

insert into STORE ("id_store", "shelf", "date_oper", "quantity", "id_oper_type") values (884, 7, '2017-11-4 17:10:54', 7, 9);

insert into STORE ("id_store", "shelf", "date_oper", "quantity", "id_oper_type") values (959, 6, '2017-10-20 16:21:35', 8, 7);

insert into STORE ("id_store", "shelf", "date_oper", "quantity", "id_oper_type") values (346, 8, '2017-7-9 11:2:16', 3, 1);

insert into STORE ("id_store", "shelf", "date_oper", "quantity", "id_oper_type") values (722, 4, '2017-8-3 12:18:6', 5, 2);

insert into STORE ("id_store", "shelf", "date_oper", "quantity", "id_oper_type") values (866, 3, '2017-5-7 7:40:2', 2, 8);

insert into STORE ("id_store", "shelf", "date_oper", "quantity", "id_oper_type") values (970, 9, '2017-8-1 12:12:15', 6, 9);

insert into STORE ("id_store", "shelf", "date_oper", "quantity", "id_oper_type") values (254, 5, '2018-1-13 21:0:5', 9, 6);

insert into STORE ("id_store", "shelf", "date_oper", "quantity", "id_oper_type") values (339, 1, '2017-7-9 11:2:58', 1, 3);

insert into STORE ("id_store", "shelf", "date_oper", "quantity", "id_oper_type") values (713, 2, '2017-2-8 3:0:26', 4, 8);

insert into STORE ("id_store", "shelf", "date_oper", "quantity", "id_oper_type") values (545, 7, '2018-1-1 20:24:11', 7, 3);

insert into STORE ("id_store", "shelf", "date_oper", "quantity", "id_oper_type") values (583, 6, '2017-11-2 17:6:17', 8, 1);

insert into STORE ("id_store", "shelf", "date_oper", "quantity", "id_oper_type") values (901, 8, '2018-1-18 21:14:46', 3, 9);

insert into STORE ("id_store", "shelf", "date_oper", "quantity", "id_oper_type") values (952, 4, '2017-11-20 18:12:11', 5, 2);

insert into STORE ("id_store", "shelf", "date_oper", "quantity", "id_oper_type") values (515, 3, '2017-3-4 4:15:19', 2, 9);

insert into STORE ("id_store", "shelf", "date_oper", "quantity", "id_oper_type") values (471, 9, '2017-12-19 19:42:15', 6, 8);

insert into STORE ("id_store", "shelf", "date_oper", "quantity", "id_oper_type") values (108, 5, '2018-1-5 20:35:37', 9, 9);

insert into STORE ("id_store", "shelf", "date_oper", "quantity", "id_oper_type") values (894, 1, '2017-11-18 18:2:26', 1, 3);

insert into STORE ("id_store", "shelf", "date_oper", "quantity", "id_oper_type") values (164, 2, '2017-8-23 13:24:53', 4, 3);

insert into STORE ("id_store", "shelf", "date_oper", "quantity", "id_oper_type") values (438, 7, '2017-10-30 16:52:24', 7, 3);

insert into STORE ("id_store", "shelf", "date_oper", "quantity", "id_oper_type") values (368, 6, '2017-6-13 9:33:20', 8, 8);

insert into STORE ("id_store", "shelf", "date_oper", "quantity", "id_oper_type") values (50, 8, '2018-1-9 20:47:13', 3, 4);

insert into STORE ("id_store", "shelf", "date_oper", "quantity", "id_oper_type") values (273, 4, '2017-12-31 20:19:31', 5, 2);

insert into STORE ("id_store", "shelf", "date_oper", "quantity", "id_oper_type") values (536, 3, '2017-11-16 17:58:2', 2, 1);

insert into STORE ("id_store", "shelf", "date_oper", "quantity", "id_oper_type") values (543, 9, '2018-1-12 20:57:0', 6, 4);

insert into STORE ("id_store", "shelf", "date_oper", "quantity", "id_oper_type") values (738, 5, '2017-2-20 3:39:42', 9, 3);

insert into STORE ("id_store", "shelf", "date_oper", "quantity", "id_oper_type") values (367, 1, '2017-12-18 19:39:14', 1, 4);

insert into STORE ("id_store", "shelf", "date_oper", "quantity", "id_oper_type") values (769, 2, '2017-9-18 14:41:21', 4, 9);

insert into STORE ("id_store", "shelf", "date_oper", "quantity", "id_oper_type") values (491, 7, '2017-7-6 10:52:54', 7, 7);

insert into STORE ("id_store", "shelf", "date_oper", "quantity", "id_oper_type") values (941, 6, '2017-11-10 17:37:52', 8, 3);

insert into STORE ("id_store", "shelf", "date_oper", "quantity", "id_oper_type") values (362, 8, '2018-2-27 23:25:45', 3, 3);

insert into STORE ("id_store", "shelf", "date_oper", "quantity", "id_oper_type") values (267, 4, '2017-11-30 18:42:2', 5, 2);

insert into STORE ("id_store", "shelf", "date_oper", "quantity", "id_oper_type") values (596, 3, '2017-3-6 4:21:3', 2, 1);

insert into STORE ("id_store", "shelf", "date_oper", "quantity", "id_oper_type") values (981, 9, '2017-2-6 2:52:9', 6, 4);

insert into STORE ("id_store", "shelf", "date_oper", "quantity", "id_oper_type") values (424, 5, '2017-9-6 14:4:45', 9, 6);

insert into STORE ("id_store", "shelf", "date_oper", "quantity", "id_oper_type") values (838, 1, '2017-6-20 9:58:41', 1, 2);

insert into STORE ("id_store", "shelf", "date_oper", "quantity", "id_oper_type") values (205, 2, '2018-1-25 21:35:27', 4, 9);

insert into STORE ("id_store", "shelf", "date_oper", "quantity", "id_oper_type") values (750, 7, '2017-12-22 19:53:44', 7, 8);

insert into STORE ("id_store", "shelf", "date_oper", "quantity", "id_oper_type") values (508, 6, '2017-5-9 7:44:26', 8, 8);

insert into STORE ("id_store", "shelf", "date_oper", "quantity", "id_oper_type") values (957, 8, '2017-2-27 3:58:20', 3, 7);

insert into STORE ("id_store", "shelf", "date_oper", "quantity", "id_oper_type") values (668, 4, '2018-1-29 21:47:40', 5, 1);

insert into STORE ("id_store", "shelf", "date_oper", "quantity", "id_oper_type") values (912, 3, '2018-1-9 20:48:50', 2, 8);

insert into STORE ("id_store", "shelf", "date_oper", "quantity", "id_oper_type") values (464, 9, '2018-1-18 21:17:26', 6, 9);

insert into STORE ("id_store", "shelf", "date_oper", "quantity", "id_oper_type") values (404, 5, '2017-5-22 8:25:26', 9, 2);

insert into STORE ("id_store", "shelf", "date_oper", "quantity", "id_oper_type") values (219, 1, '2017-9-13 14:27:7', 1, 9);

insert into STORE ("id_store", "shelf", "date_oper", "quantity", "id_oper_type") values (340, 2, '2017-1-15 1:45:21', 4, 6);

insert into STORE ("id_store", "shelf", "date_oper", "quantity", "id_oper_type") values (954, 7, '2017-12-10 19:13:50', 7, 3);

insert into STORE ("id_store", "shelf", "date_oper", "quantity", "id_oper_type") values (188, 6, '2017-10-31 16:56:54', 8, 6);

insert into STORE ("id_store", "shelf", "date_oper", "quantity", "id_oper_type") values (832, 8, '2017-11-17 17:59:42', 3, 2);

insert into STORE ("id_store", "shelf", "date_oper", "quantity", "id_oper_type") values (908, 4, '2017-6-20 9:56:52', 5, 3);

insert into STORE ("id_store", "shelf", "date_oper", "quantity", "id_oper_type") values (589, 3, '2017-11-6 17:22:11', 2, 8);

insert into STORE ("id_store", "shelf", "date_oper", "quantity", "id_oper_type") values (984, 9, '2018-2-25 23:16:18', 6, 6);

insert into STORE ("id_store", "shelf", "date_oper", "quantity", "id_oper_type") values (602, 5, '2017-8-25 13:32:25', 9, 4);

insert into STORE ("id_store", "shelf", "date_oper", "quantity", "id_oper_type") values (858, 1, '2018-2-23 23:8:52', 1, 9);

insert into STORE ("id_store", "shelf", "date_oper", "quantity", "id_oper_type") values (732, 2, '2017-11-14 17:52:3', 4, 7);

insert into STORE ("id_store", "shelf", "date_oper", "quantity", "id_oper_type") values (958, 7, '2017-2-2 2:43:25', 7, 3);

insert into STORE ("id_store", "shelf", "date_oper", "quantity", "id_oper_type") values (99, 6, '2017-7-5 10:49:27', 8, 4);

insert into STORE ("id_store", "shelf", "date_oper", "quantity", "id_oper_type") values (650, 8, '2017-7-8 11:0:17', 3, 7);

insert into STORE ("id_store", "shelf", "date_oper", "quantity", "id_oper_type") values (786, 4, '2017-4-20 6:45:46', 5, 8);

insert into STORE ("id_store", "shelf", "date_oper", "quantity", "id_oper_type") values (855, 3, '2017-4-15 6:32:53', 2, 3);

insert into STORE ("id_store", "shelf", "date_oper", "quantity", "id_oper_type") values (156, 9, '2017-4-18 6:41:33', 6, 7);

insert into STORE ("id_store", "shelf", "date_oper", "quantity", "id_oper_type") values (886, 5, '2017-6-14 9:36:17', 9, 6);

insert into STORE ("id_store", "shelf", "date_oper", "quantity", "id_oper_type") values (134, 1, '2017-7-30 12:5:27', 1, 9);

insert into STORE ("id_store", "shelf", "date_oper", "quantity", "id_oper_type") values (749, 2, '2017-1-24 2:14:17', 4, 2);

insert into STORE ("id_store", "shelf", "date_oper", "quantity", "id_oper_type") values (752, 7, '2017-8-20 13:16:5', 7, 6);

insert into STORE ("id_store", "shelf", "date_oper", "quantity", "id_oper_type") values (322, 6, '2017-9-14 14:30:43', 8, 4);

insert into STORE ("id_store", "shelf", "date_oper", "quantity", "id_oper_type") values (26, 8, '2017-10-4 15:31:39', 3, 4);

insert into STORE ("id_store", "shelf", "date_oper", "quantity", "id_oper_type") values (215, 4, '2017-6-17 9:48:45', 5, 1);

insert into STORE ("id_store", "shelf", "date_oper", "quantity", "id_oper_type") values (169, 3, '2017-12-20 19:46:29', 2, 2);

insert into STORE ("id_store", "shelf", "date_oper", "quantity", "id_oper_type") values (730, 9, '2017-3-1 4:6:52', 6, 3);

insert into STORE ("id_store", "shelf", "date_oper", "quantity", "id_oper_type") values (46, 5, '2017-12-7 19:2:57', 9, 2);

insert into STORE ("id_store", "shelf", "date_oper", "quantity", "id_oper_type") values (819, 1, '2017-2-14 3:16:48', 1, 6);

insert into STORE ("id_store", "shelf", "date_oper", "quantity", "id_oper_type") values (996, 2, '2017-3-22 5:8:22', 4, 1);

insert into STORE ("id_store", "shelf", "date_oper", "quantity", "id_oper_type") values (326, 7, '2017-3-29 5:32:40', 7, 9);

insert into STORE ("id_store", "shelf", "date_oper", "quantity", "id_oper_type") values (611, 6, '2018-2-16 22:45:57', 8, 7);

insert into STORE ("id_store", "shelf", "date_oper", "quantity", "id_oper_type") values (302, 8, '2017-1-26 2:20:19', 3, 7);

insert into STORE ("id_store", "shelf", "date_oper", "quantity", "id_oper_type") values (282, 4, '2017-5-16 8:4:51', 5, 6);

insert into STORE ("id_store", "shelf", "date_oper", "quantity", "id_oper_type") values (883, 3, '2017-3-31 5:39:24', 2, 7);

insert into STORE ("id_store", "shelf", "date_oper", "quantity", "id_oper_type") values (678, 9, '2018-1-12 20:57:53', 6, 7);

insert into STORE ("id_store", "shelf", "date_oper", "quantity", "id_oper_type") values (263, 5, '2018-1-30 21:53:1', 9, 3);

insert into STORE ("id_store", "shelf", "date_oper", "quantity", "id_oper_type") values (4, 1, '2017-8-27 13:36:42', 1, 6);

insert into STORE ("id_store", "shelf", "date_oper", "quantity", "id_oper_type") values (176, 2, '2018-2-15 22:42:54', 4, 4);

insert into STORE ("id_store", "shelf", "date_oper", "quantity", "id_oper_type") values (41, 7, '2017-10-30 16:53:12', 7, 8);

insert into STORE ("id_store", "shelf", "date_oper", "quantity", "id_oper_type") values (840, 6, '2017-1-15 1:47:15', 8, 3);

insert into STORE ("id_store", "shelf", "date_oper", "quantity", "id_oper_type") values (501, 8, '2017-10-11 15:52:3', 3, 4);

insert into STORE ("id_store", "shelf", "date_oper", "quantity", "id_oper_type") values (768, 4, '2017-10-12 15:55:51', 5, 9);

insert into STORE ("id_store", "shelf", "date_oper", "quantity", "id_oper_type") values (256, 3, '2017-6-24 10:11:41', 2, 8);

insert into STORE ("id_store", "shelf", "date_oper", "quantity", "id_oper_type") values (904, 9, '2017-3-14 4:44:33', 6, 2);

insert into STORE ("id_store", "shelf", "date_oper", "quantity", "id_oper_type") values (893, 5, '2017-9-23 14:58:35', 9, 7);

insert into STORE ("id_store", "shelf", "date_oper", "quantity", "id_oper_type") values (823, 1, '2017-5-29 8:45:53', 1, 3);

insert into STORE ("id_store", "shelf", "date_oper", "quantity", "id_oper_type") values (30, 2, '2017-12-29 20:16:21', 4, 7);

insert into STORE ("id_store", "shelf", "date_oper", "quantity", "id_oper_type") values (416, 7, '2018-1-14 21:4:35', 7, 7);

insert into STORE ("id_store", "shelf", "date_oper", "quantity", "id_oper_type") values (422, 6, '2017-9-9 14:13:59', 8, 3);

insert into STORE ("id_store", "shelf", "date_oper", "quantity", "id_oper_type") values (80, 8, '2017-1-31 2:36:24', 3, 9);

insert into STORE ("id_store", "shelf", "date_oper", "quantity", "id_oper_type") values (291, 4, '2017-6-28 10:22:31', 5, 4);

insert into STORE ("id_store", "shelf", "date_oper", "quantity", "id_oper_type") values (382, 3, '2017-12-27 20:12:1', 2, 3);

insert into STORE ("id_store", "shelf", "date_oper", "quantity", "id_oper_type") values (103, 9, '2017-11-6 17:20:13', 6, 7);

insert into STORE ("id_store", "shelf", "date_oper", "quantity", "id_oper_type") values (58, 5, '2017-12-24 20:0:35', 9, 3);

insert into STORE ("id_store", "shelf", "date_oper", "quantity", "id_oper_type") values (662, 1, '2017-3-17 4:53:14', 1, 2);

insert into STORE ("id_store", "shelf", "date_oper", "quantity", "id_oper_type") values (69, 2, '2017-7-26 11:49:53', 4, 8);

insert into STORE ("id_store", "shelf", "date_oper", "quantity", "id_oper_type") values (284, 7, '2017-1-22 2:9:46', 7, 8);

insert into STORE ("id_store", "shelf", "date_oper", "quantity", "id_oper_type") values (531, 6, '2017-11-3 17:8:17', 8, 9);

insert into STORE ("id_store", "shelf", "date_oper", "quantity", "id_oper_type") values (396, 8, '2017-9-2 13:52:46', 3, 7);

insert into STORE ("id_store", "shelf", "date_oper", "quantity", "id_oper_type") values (8, 4, '2017-9-18 14:39:49', 5, 3);

insert into STORE ("id_store", "shelf", "date_oper", "quantity", "id_oper_type") values (961, 3, '2017-2-21 3:41:34', 2, 1);

insert into STORE ("id_store", "shelf", "date_oper", "quantity", "id_oper_type") values (785, 9, '2017-11-26 18:33:52', 6, 2);

insert into STORE ("id_store", "shelf", "date_oper", "quantity", "id_oper_type") values (914, 5, '2017-10-2 15:25:17', 9, 2);

insert into STORE ("id_store", "shelf", "date_oper", "quantity", "id_oper_type") values (775, 1, '2017-4-21 6:47:53', 1, 6);

insert into STORE ("id_store", "shelf", "date_oper", "quantity", "id_oper_type") values (761, 2, '2017-4-10 6:15:24', 4, 9);

insert into STORE ("id_store", "shelf", "date_oper", "quantity", "id_oper_type") values (742, 7, '2017-11-14 17:50:46', 7, 3);

insert into STORE ("id_store", "shelf", "date_oper", "quantity", "id_oper_type") values (123, 6, '2017-3-25 5:17:38', 8, 8);

insert into STORE ("id_store", "shelf", "date_oper", "quantity", "id_oper_type") values (955, 8, '2017-10-23 16:31:1', 3, 7);

insert into STORE ("id_store", "shelf", "date_oper", "quantity", "id_oper_type") values (988, 4, '2017-2-28 4:4:14', 5, 9);

insert into STORE ("id_store", "shelf", "date_oper", "quantity", "id_oper_type") values (900, 3, '2017-4-20 6:46:58', 2, 8);

insert into STORE ("id_store", "shelf", "date_oper", "quantity", "id_oper_type") values (414, 9, '2017-9-27 15:11:49', 6, 4);

insert into STORE ("id_store", "shelf", "date_oper", "quantity", "id_oper_type") values (942, 5, '2017-5-15 8:1:38', 9, 6);

insert into STORE ("id_store", "shelf", "date_oper", "quantity", "id_oper_type") values (251, 1, '2017-3-11 4:34:4', 1, 4);

insert into STORE ("id_store", "shelf", "date_oper", "quantity", "id_oper_type") values (608, 2, '2017-5-6 7:36:18', 4, 6);

insert into STORE ("id_store", "shelf", "date_oper", "quantity", "id_oper_type") values (929, 7, '2017-11-12 17:42:27', 7, 3);

insert into STORE ("id_store", "shelf", "date_oper", "quantity", "id_oper_type") values (281, 6, '2017-6-8 9:15:57', 8, 3);

insert into STORE ("id_store", "shelf", "date_oper", "quantity", "id_oper_type") values (135, 8, '2017-1-2 1:5:7', 3, 6);

insert into STORE ("id_store", "shelf", "date_oper", "quantity", "id_oper_type") values (839, 4, '2017-11-1 17:4:23', 5, 2);

insert into STORE ("id_store", "shelf", "date_oper", "quantity", "id_oper_type") values (644, 3, '2017-5-12 7:52:54', 2, 4);

insert into STORE ("id_store", "shelf", "date_oper", "quantity", "id_oper_type") values (155, 9, '2017-7-17 11:26:13', 6, 2);

insert into STORE ("id_store", "shelf", "date_oper", "quantity", "id_oper_type") values (755, 5, '2018-1-15 21:5:45', 9, 7);

insert into STORE ("id_store", "shelf", "date_oper", "quantity", "id_oper_type") values (741, 1, '2017-11-10 17:36:14', 1, 3);

insert into STORE ("id_store", "shelf", "date_oper", "quantity", "id_oper_type") values (590, 2, '2017-3-14 4:43:6', 4, 1);

insert into STORE ("id_store", "shelf", "date_oper", "quantity", "id_oper_type") values (804, 7, '2017-8-5 12:27:5', 7, 2);

insert into STORE ("id_store", "shelf", "date_oper", "quantity", "id_oper_type") values (711, 6, '2017-2-12 3:15:10', 8, 7);

insert into STORE ("id_store", "shelf", "date_oper", "quantity", "id_oper_type") values (496, 8, '2018-1-13 20:59:7', 3, 2);

insert into STORE ("id_store", "shelf", "date_oper", "quantity", "id_oper_type") values (160, 4, '2017-10-22 16:28:29', 5, 9);

insert into STORE ("id_store", "shelf", "date_oper", "quantity", "id_oper_type") values (605, 3, '2017-8-19 13:11:33', 2, 1);

insert into STORE ("id_store", "shelf", "date_oper", "quantity", "id_oper_type") values (502, 9, '2017-7-25 11:45:22', 6, 1);

insert into STORE ("id_store", "shelf", "date_oper", "quantity", "id_oper_type") values (111, 5, '2018-1-24 21:33:53', 9, 4);

insert into STORE ("id_store", "shelf", "date_oper", "quantity", "id_oper_type") values (102, 1, '2017-1-27 2:24:45', 1, 9);

insert into STORE ("id_store", "shelf", "date_oper", "quantity", "id_oper_type") values (659, 2, '2017-5-21 8:21:14', 4, 1);

insert into STORE ("id_store", "shelf", "date_oper", "quantity", "id_oper_type") values (125, 7, '2017-11-16 17:57:15', 7, 6);

insert into STORE ("id_store", "shelf", "date_oper", "quantity", "id_oper_type") values (937, 6, '2017-2-3 2:45:31', 8, 9);

insert into STORE ("id_store", "shelf", "date_oper", "quantity", "id_oper_type") values (976, 8, '2017-2-27 3:59:21', 3, 7);

insert into STORE ("id_store", "shelf", "date_oper", "quantity", "id_oper_type") values (906, 4, '2017-10-25 16:38:58', 5, 1);

insert into STORE ("id_store", "shelf", "date_oper", "quantity", "id_oper_type") values (697, 3, '2017-4-16 6:33:35', 2, 8);

insert into STORE ("id_store", "shelf", "date_oper", "quantity", "id_oper_type") values (314, 9, '2017-6-21 10:1:34', 6, 2);

insert into STORE ("id_store", "shelf", "date_oper", "quantity", "id_oper_type") values (556, 5, '2017-8-12 12:50:52', 9, 4);

insert into STORE ("id_store", "shelf", "date_oper", "quantity", "id_oper_type") values (739, 1, '2017-6-24 10:10:51', 1, 3);

insert into STORE ("id_store", "shelf", "date_oper", "quantity", "id_oper_type") values (868, 2, '2017-4-16 6:34:46', 4, 7);

insert into STORE ("id_store", "shelf", "date_oper", "quantity", "id_oper_type") values (381, 7, '2018-2-18 22:51:33', 7, 3);

insert into STORE ("id_store", "shelf", "date_oper", "quantity", "id_oper_type") values (175, 6, '2018-2-4 22:5:50', 8, 3);

insert into STORE ("id_store", "shelf", "date_oper", "quantity", "id_oper_type") values (817, 8, '2017-7-7 10:56:15', 3, 8);

insert into STORE ("id_store", "shelf", "date_oper", "quantity", "id_oper_type") values (75, 4, '2018-2-16 22:43:35', 5, 3);

insert into STORE ("id_store", "shelf", "date_oper", "quantity", "id_oper_type") values (349, 3, '2017-12-2 18:46:41', 2, 1);

insert into STORE ("id_store", "shelf", "date_oper", "quantity", "id_oper_type") values (862, 9, '2017-11-20 18:9:54', 6, 3);

insert into STORE ("id_store", "shelf", "date_oper", "quantity", "id_oper_type") values (243, 5, '2017-10-19 16:18:18', 9, 7);

insert into STORE ("id_store", "shelf", "date_oper", "quantity", "id_oper_type") values (909, 1, '2017-12-19 19:44:16', 1, 4);

insert into STORE ("id_store", "shelf", "date_oper", "quantity", "id_oper_type") values (365, 2, '2018-2-10 22:25:5', 4, 9);

insert into STORE ("id_store", "shelf", "date_oper", "quantity", "id_oper_type") values (433, 7, '2018-1-23 21:32:46', 7, 2);

insert into STORE ("id_store", "shelf", "date_oper", "quantity", "id_oper_type") values (974, 6, '2017-11-12 17:45:2', 8, 4);

insert into STORE ("id_store", "shelf", "date_oper", "quantity", "id_oper_type") values (38, 8, '2017-4-30 7:16:57', 3, 2);

insert into STORE ("id_store", "shelf", "date_oper", "quantity", "id_oper_type") values (371, 4, '2017-6-12 9:28:26', 5, 9);

insert into STORE ("id_store", "shelf", "date_oper", "quantity", "id_oper_type") values (335, 3, '2017-5-19 8:16:13', 2, 7);

insert into STORE ("id_store", "shelf", "date_oper", "quantity", "id_oper_type") values (48, 9, '2018-2-6 22:12:22', 6, 8);

insert into STORE ("id_store", "shelf", "date_oper", "quantity", "id_oper_type") values (184, 5, '2017-6-3 9:2:5', 9, 7);

insert into STORE ("id_store", "shelf", "date_oper", "quantity", "id_oper_type") values (163, 1, '2017-8-12 12:49:6', 1, 6);

insert into STORE ("id_store", "shelf", "date_oper", "quantity", "id_oper_type") values (520, 2, '2017-9-24 15:3:35', 4, 2);

insert into STORE ("id_store", "shelf", "date_oper", "quantity", "id_oper_type") values (214, 7, '2017-7-27 11:54:48', 7, 2);

insert into STORE ("id_store", "shelf", "date_oper", "quantity", "id_oper_type") values (199, 6, '2017-11-11 17:39:24', 8, 4);

insert into STORE ("id_store", "shelf", "date_oper", "quantity", "id_oper_type") values (212, 8, '2017-12-6 18:58:24', 3, 4);

insert into STORE ("id_store", "shelf", "date_oper", "quantity", "id_oper_type") values (52, 4, '2017-11-7 17:26:53', 5, 3);

insert into STORE ("id_store", "shelf", "date_oper", "quantity", "id_oper_type") values (822, 3, '2017-10-22 16:25:21', 2, 2);

insert into STORE ("id_store", "shelf", "date_oper", "quantity", "id_oper_type") values (945, 9, '2018-2-19 22:54:25', 6, 8);

insert into STORE ("id_store", "shelf", "date_oper", "quantity", "id_oper_type") values (488, 5, '2017-4-11 6:19:20', 9, 7);

insert into STORE ("id_store", "shelf", "date_oper", "quantity", "id_oper_type") values (811, 1, '2017-8-22 13:20:23', 1, 6);

insert into STORE ("id_store", "shelf", "date_oper", "quantity", "id_oper_type") values (78, 2, '2017-4-27 7:4:29', 4, 6);

insert into STORE ("id_store", "shelf", "date_oper", "quantity", "id_oper_type") values (613, 7, '2017-7-30 12:3:53', 7, 6);

insert into STORE ("id_store", "shelf", "date_oper", "quantity", "id_oper_type") values (691, 6, '2017-7-11 11:10:16', 8, 4);

insert into STORE ("id_store", "shelf", "date_oper", "quantity", "id_oper_type") values (630, 8, '2018-1-8 20:44:27', 3, 4);

insert into STORE ("id_store", "shelf", "date_oper", "quantity", "id_oper_type") values (653, 4, '2017-6-9 9:20:59', 5, 6);

insert into STORE ("id_store", "shelf", "date_oper", "quantity", "id_oper_type") values (467, 3, '2017-4-25 7:1:4', 2, 3);

insert into STORE ("id_store", "shelf", "date_oper", "quantity", "id_oper_type") values (247, 9, '2017-3-7 4:22:45', 6, 1);

insert into STORE ("id_store", "shelf", "date_oper", "quantity", "id_oper_type") values (865, 5, '2017-6-30 10:29:39', 9, 2);

insert into STORE ("id_store", "shelf", "date_oper", "quantity", "id_oper_type") values (468, 1, '2017-10-16 16:9:1', 1, 1);

insert into STORE ("id_store", "shelf", "date_oper", "quantity", "id_oper_type") values (265, 2, '2018-1-3 20:28:38', 4, 7);

insert into STORE ("id_store", "shelf", "date_oper", "quantity", "id_oper_type") values (112, 7, '2018-2-27 23:21:48', 7, 1);

insert into STORE ("id_store", "shelf", "date_oper", "quantity", "id_oper_type") values (999, 6, '2017-2-8 2:57:43', 8, 1);

insert into STORE ("id_store", "shelf", "date_oper", "quantity", "id_oper_type") values (3, 8, '2017-10-1 15:22:35', 3, 2);

insert into STORE ("id_store", "shelf", "date_oper", "quantity", "id_oper_type") values (882, 4, '2017-7-14 11:18:59', 5, 3);

insert into STORE ("id_store", "shelf", "date_oper", "quantity", "id_oper_type") values (585, 3, '2017-5-24 8:32:7', 2, 8);

insert into STORE ("id_store", "shelf", "date_oper", "quantity", "id_oper_type") values (485, 9, '2018-1-4 20:31:31', 6, 3);

insert into STORE ("id_store", "shelf", "date_oper", "quantity", "id_oper_type") values (948, 5, '2017-5-22 8:24:43', 9, 1);

insert into STORE ("id_store", "shelf", "date_oper", "quantity", "id_oper_type") values (624, 1, '2017-6-25 10:13:33', 1, 1);

insert into STORE ("id_store", "shelf", "date_oper", "quantity", "id_oper_type") values (907, 2, '2017-1-1 1:1:1', 4, 9);

insert into STORE ("id_store", "shelf", "date_oper", "quantity", "id_oper_type") values (729, 7, '2017-7-10 11:4:12', 7, 1);

insert into STORE ("id_store", "shelf", "date_oper", "quantity", "id_oper_type") values (415, 6, '2017-2-17 3:27:16', 8, 6);

insert into STORE ("id_store", "shelf", "date_oper", "quantity", "id_oper_type") values (826, 8, '2017-10-21 16:23:21', 3, 7);

insert into STORE ("id_store", "shelf", "date_oper", "quantity", "id_oper_type") values (289, 4, '2017-12-9 19:8:20', 5, 7);

insert into STORE ("id_store", "shelf", "date_oper", "quantity", "id_oper_type") values (316, 3, '2017-5-10 7:46:5', 2, 8);

insert into STORE ("id_store", "shelf", "date_oper", "quantity", "id_oper_type") values (257, 9, '2017-4-11 6:17:24', 6, 8);

insert into STORE ("id_store", "shelf", "date_oper", "quantity", "id_oper_type") values (709, 5, '2018-1-4 20:33:15', 9, 6);

insert into STORE ("id_store", "shelf", "date_oper", "quantity", "id_oper_type") values (115, 1, '2017-2-3 2:44:28', 1, 6);

insert into STORE ("id_store", "shelf", "date_oper", "quantity", "id_oper_type") values (186, 2, '2017-5-12 7:54:37', 4, 6);

insert into STORE ("id_store", "shelf", "date_oper", "quantity", "id_oper_type") values (892, 7, '2017-3-9 4:27:46', 7, 9);

insert into STORE ("id_store", "shelf", "date_oper", "quantity", "id_oper_type") values (246, 6, '2017-7-1 10:35:12', 8, 9);

insert into STORE ("id_store", "shelf", "date_oper", "quantity", "id_oper_type") values (364, 8, '2017-9-14 14:29:4', 3, 2);

insert into STORE ("id_store", "shelf", "date_oper", "quantity", "id_oper_type") values (489, 4, '2017-11-8 17:30:18', 5, 1);

insert into STORE ("id_store", "shelf", "date_oper", "quantity", "id_oper_type") values (859, 3, '2017-5-17 8:8:58', 2, 2);

insert into STORE ("id_store", "shelf", "date_oper", "quantity", "id_oper_type") values (895, 9, '2017-1-5 1:16:36', 6, 3);

insert into STORE ("id_store", "shelf", "date_oper", "quantity", "id_oper_type") values (853, 5, '2017-2-20 3:37:57', 9, 1);

insert into STORE ("id_store", "shelf", "date_oper", "quantity", "id_oper_type") values (95, 1, '2017-7-2 10:38:28', 1, 6);

insert into STORE ("id_store", "shelf", "date_oper", "quantity", "id_oper_type") values (81, 2, '2017-4-19 6:44:32', 4, 7);

insert into STORE ("id_store", "shelf", "date_oper", "quantity", "id_oper_type") values (524, 7, '2018-2-7 22:16:43', 7, 7);

insert into STORE ("id_store", "shelf", "date_oper", "quantity", "id_oper_type") values (49, 6, '2017-1-18 1:54:57', 8, 4);

insert into STORE ("id_store", "shelf", "date_oper", "quantity", "id_oper_type") values (878, 8, '2017-8-20 13:13:10', 3, 7);

insert into STORE ("id_store", "shelf", "date_oper", "quantity", "id_oper_type") values (402, 4, '2017-4-27 7:6:18', 5, 1);

insert into STORE ("id_store", "shelf", "date_oper", "quantity", "id_oper_type") values (690, 3, '2017-5-8 7:41:50', 2, 3);

insert into STORE ("id_store", "shelf", "date_oper", "quantity", "id_oper_type") values (586, 9, '2017-4-6 6:0:37', 6, 4);

insert into STORE ("id_store", "shelf", "date_oper", "quantity", "id_oper_type") values (599, 5, '2017-1-5 1:15:9', 9, 2);

insert into STORE ("id_store", "shelf", "date_oper", "quantity", "id_oper_type") values (88, 1, '2017-9-28 15:15:18', 1, 7);

insert into STORE ("id_store", "shelf", "date_oper", "quantity", "id_oper_type") values (173, 2, '2017-10-10 15:46:21', 4, 7);

insert into STORE ("id_store", "shelf", "date_oper", "quantity", "id_oper_type") values (700, 7, '2017-10-7 15:39:40', 7, 6);

insert into STORE ("id_store", "shelf", "date_oper", "quantity", "id_oper_type") values (675, 6, '2017-12-4 18:51:25', 8, 3);

insert into STORE ("id_store", "shelf", "date_oper", "quantity", "id_oper_type") values (674, 8, '2017-9-7 14:8:50', 3, 9);

insert into STORE ("id_store", "shelf", "date_oper", "quantity", "id_oper_type") values (63, 4, '2017-6-6 9:11:54', 5, 4);

insert into STORE ("id_store", "shelf", "date_oper", "quantity", "id_oper_type") values (799, 3, '2017-4-6 6:1:32', 2, 8);

insert into STORE ("id_store", "shelf", "date_oper", "quantity", "id_oper_type") values (991, 9, '2017-1-25 2:18:49', 6, 7);

insert into STORE ("id_store", "shelf", "date_oper", "quantity", "id_oper_type") values (109, 5, '2017-7-13 11:14:38', 9, 6);

insert into STORE ("id_store", "shelf", "date_oper", "quantity", "id_oper_type") values (725, 1, '2017-5-11 7:49:16', 1, 7);

insert into STORE ("id_store", "shelf", "date_oper", "quantity", "id_oper_type") values (117, 2, '2017-9-28 15:14:28', 4, 1);

insert into STORE ("id_store", "shelf", "date_oper", "quantity", "id_oper_type") values (699, 7, '2017-1-30 2:32:41', 7, 2);

insert into STORE ("id_store", "shelf", "date_oper", "quantity", "id_oper_type") values (792, 6, '2017-7-11 11:8:26', 8, 4);

insert into STORE ("id_store", "shelf", "date_oper", "quantity", "id_oper_type") values (874, 8, '2017-5-22 8:27:17', 3, 8);

insert into STORE ("id_store", "shelf", "date_oper", "quantity", "id_oper_type") values (453, 4, '2017-12-28 20:12:54', 5, 9);

insert into STORE ("id_store", "shelf", "date_oper", "quantity", "id_oper_type") values (193, 3, '2017-8-30 13:45:24', 2, 4);

insert into STORE ("id_store", "shelf", "date_oper", "quantity", "id_oper_type") values (157, 9, '2017-2-11 3:11:3', 6, 8);

insert into STORE ("id_store", "shelf", "date_oper", "quantity", "id_oper_type") values (398, 5, '2017-8-17 13:5:53', 9, 3);

insert into STORE ("id_store", "shelf", "date_oper", "quantity", "id_oper_type") values (910, 1, '2017-2-18 3:31:28', 1, 4);

insert into STORE ("id_store", "shelf", "date_oper", "quantity", "id_oper_type") values (687, 2, '2017-11-20 18:11:21', 4, 1);

insert into STORE ("id_store", "shelf", "date_oper", "quantity", "id_oper_type") values (321, 7, '2017-12-3 18:50:34', 7, 9);

insert into STORE ("id_store", "shelf", "date_oper", "quantity", "id_oper_type") values (126, 6, '2018-2-22 23:5:16', 8, 7);

insert into STORE ("id_store", "shelf", "date_oper", "quantity", "id_oper_type") values (834, 8, '2017-7-4 10:47:49', 3, 6);

insert into STORE ("id_store", "shelf", "date_oper", "quantity", "id_oper_type") values (393, 4, '2017-7-20 11:32:3', 5, 6);

insert into STORE ("id_store", "shelf", "date_oper", "quantity", "id_oper_type") values (977, 3, '2017-12-11 19:16:56', 2, 2);

insert into STORE ("id_store", "shelf", "date_oper", "quantity", "id_oper_type") values (936, 9, '2017-12-12 19:19:37', 6, 7);

insert into STORE ("id_store", "shelf", "date_oper", "quantity", "id_oper_type") values (645, 5, '2017-3-24 5:16:16', 9, 8);

insert into STORE ("id_store", "shelf", "date_oper", "quantity", "id_oper_type") values (70, 1, '2017-6-18 9:51:23', 1, 9);

insert into STORE ("id_store", "shelf", "date_oper", "quantity", "id_oper_type") values (921, 2, '2017-7-3 10:41:43', 4, 7);

insert into STORE ("id_store", "shelf", "date_oper", "quantity", "id_oper_type") values (390, 7, '2017-9-6 14:3:15', 7, 9);

insert into STORE ("id_store", "shelf", "date_oper", "quantity", "id_oper_type") values (843, 6, '2017-5-4 7:30:27', 8, 7);

insert into STORE ("id_store", "shelf", "date_oper", "quantity", "id_oper_type") values (165, 8, '2017-1-26 2:21:20', 3, 3);

insert into STORE ("id_store", "shelf", "date_oper", "quantity", "id_oper_type") values (463, 4, '2017-5-2 7:21:34', 5, 2);

insert into STORE ("id_store", "shelf", "date_oper", "quantity", "id_oper_type") values (114, 3, '2017-2-18 3:29:51', 2, 7);

insert into STORE ("id_store", "shelf", "date_oper", "quantity", "id_oper_type") values (6, 9, '2017-7-13 11:15:50', 6, 8);

insert into STORE ("id_store", "shelf", "date_oper", "quantity", "id_oper_type") values (444, 5, '2018-2-23 23:10:25', 9, 4);

insert into STORE ("id_store", "shelf", "date_oper", "quantity", "id_oper_type") values (931, 1, '2017-2-1 2:40:5', 1, 4);

insert into STORE ("id_store", "shelf", "date_oper", "quantity", "id_oper_type") values (979, 2, '2017-5-24 8:30:18', 4, 6);

insert into STORE ("id_store", "shelf", "date_oper", "quantity", "id_oper_type") values (842, 7, '2017-9-30 15:17:56', 7, 4);

insert into STORE ("id_store", "shelf", "date_oper", "quantity", "id_oper_type") values (529, 6, '2018-2-2 22:1:46', 8, 1);

insert into STORE ("id_store", "shelf", "date_oper", "quantity", "id_oper_type") values (663, 8, '2017-12-7 19:1:5', 3, 9);

insert into STORE ("id_store", "shelf", "date_oper", "quantity", "id_oper_type") values (639, 4, '2018-2-1 21:55:47', 5, 1);

insert into STORE ("id_store", "shelf", "date_oper", "quantity", "id_oper_type") values (177, 3, '2018-2-13 22:36:33', 2, 9);

insert into STORE ("id_store", "shelf", "date_oper", "quantity", "id_oper_type") values (68, 9, '2018-2-6 22:13:51', 6, 2);

insert into STORE ("id_store", "shelf", "date_oper", "quantity", "id_oper_type") values (159, 5, '2017-2-15 3:21:11', 9, 8);

insert into STORE ("id_store", "shelf", "date_oper", "quantity", "id_oper_type") values (794, 1, '2017-2-28 4:3:11', 1, 1);

insert into STORE ("id_store", "shelf", "date_oper", "quantity", "id_oper_type") values (391, 2, '2017-1-13 1:40:21', 4, 4);

insert into STORE ("id_store", "shelf", "date_oper", "quantity", "id_oper_type") values (634, 7, '2017-6-26 10:17:40', 7, 9);

insert into STORE ("id_store", "shelf", "date_oper", "quantity", "id_oper_type") values (292, 6, '2017-12-16 19:32:32', 8, 8);

insert into STORE ("id_store", "shelf", "date_oper", "quantity", "id_oper_type") values (210, 8, '2017-10-3 15:26:7', 3, 1);

insert into STORE ("id_store", "shelf", "date_oper", "quantity", "id_oper_type") values (324, 4, '2018-2-14 22:37:18', 5, 6);

insert into STORE ("id_store", "shelf", "date_oper", "quantity", "id_oper_type") values (771, 3, '2017-10-11 15:53:54', 2, 4);

insert into STORE ("id_store", "shelf", "date_oper", "quantity", "id_oper_type") values (24, 9, '2017-7-24 11:44:37', 6, 3);

insert into STORE ("id_store", "shelf", "date_oper", "quantity", "id_oper_type") values (43, 5, '2018-2-2 21:58:49', 9, 6);

insert into STORE ("id_store", "shelf", "date_oper", "quantity", "id_oper_type") values (250, 1, '2018-1-6 20:38:35', 1, 9);

insert into STORE ("id_store", "shelf", "date_oper", "quantity", "id_oper_type") values (714, 2, '2017-5-13 7:57:50', 4, 8);

insert into STORE ("id_store", "shelf", "date_oper", "quantity", "id_oper_type") values (731, 7, '2017-2-28 4:1:11', 7, 8);

insert into STORE ("id_store", "shelf", "date_oper", "quantity", "id_oper_type") values (533, 6, '2017-11-4 17:12:15', 8, 9);

insert into STORE ("id_store", "shelf", "date_oper", "quantity", "id_oper_type") values (930, 8, '2018-1-15 21:7:26', 3, 7);

insert into STORE ("id_store", "shelf", "date_oper", "quantity", "id_oper_type") values (710, 4, '2017-6-10 9:23:48', 5, 2);

insert into STORE ("id_store", "shelf", "date_oper", "quantity", "id_oper_type") values (998, 3, '2017-1-12 1:39:9', 2, 7);

insert into STORE ("id_store", "shelf", "date_oper", "quantity", "id_oper_type") values (490, 9, '2017-6-1 8:54:21', 6, 7);

insert into STORE ("id_store", "shelf", "date_oper", "quantity", "id_oper_type") values (923, 5, '2017-5-14 8:0:40', 9, 6);

insert into STORE ("id_store", "shelf", "date_oper", "quantity", "id_oper_type") values (274, 1, '2018-1-10 20:52:3', 1, 2);

insert into STORE ("id_store", "shelf", "date_oper", "quantity", "id_oper_type") values (820, 2, '2017-4-6 5:59:0', 4, 3);

insert into STORE ("id_store", "shelf", "date_oper", "quantity", "id_oper_type") values (702, 7, '2017-3-19 4:59:56', 7, 8);

insert into STORE ("id_store", "shelf", "date_oper", "quantity", "id_oper_type") values (587, 6, '2017-4-1 5:45:0', 8, 9);

insert into STORE ("id_store", "shelf", "date_oper", "quantity", "id_oper_type") values (171, 8, '2017-10-28 16:49:4', 3, 6);

insert into STORE ("id_store", "shelf", "date_oper", "quantity", "id_oper_type") values (707, 4, '2017-1-7 1:20:44', 5, 8);

insert into STORE ("id_store", "shelf", "date_oper", "quantity", "id_oper_type") values (76, 3, '2017-9-4 13:59:0', 2, 7);

insert into STORE ("id_store", "shelf", "date_oper", "quantity", "id_oper_type") values (661, 9, '2017-8-8 12:38:6', 6, 7);

insert into STORE ("id_store", "shelf", "date_oper", "quantity", "id_oper_type") values (718, 5, '2017-8-3 12:19:45', 9, 3);

insert into STORE ("id_store", "shelf", "date_oper", "quantity", "id_oper_type") values (784, 1, '2017-2-2 2:41:53', 1, 4);

insert into STORE ("id_store", "shelf", "date_oper", "quantity", "id_oper_type") values (995, 2, '2017-11-25 18:27:58', 4, 1);

insert into STORE ("id_store", "shelf", "date_oper", "quantity", "id_oper_type") values (695, 7, '2017-3-2 4:8:38', 7, 7);

insert into STORE ("id_store", "shelf", "date_oper", "quantity", "id_oper_type") values (621, 6, '2017-1-1 1:2:59', 8, 7);

insert into STORE ("id_store", "shelf", "date_oper", "quantity", "id_oper_type") values (708, 8, '2017-11-28 18:36:58', 3, 9);

insert into STORE ("id_store", "shelf", "date_oper", "quantity", "id_oper_type") values (240, 4, '2017-3-24 5:16:57', 5, 6);

insert into STORE ("id_store", "shelf", "date_oper", "quantity", "id_oper_type") values (807, 3, '2017-2-16 3:24:3', 2, 8);

insert into STORE ("id_store", "shelf", "date_oper", "quantity", "id_oper_type") values (478, 9, '2017-12-12 19:20:39', 6, 3);

insert into STORE ("id_store", "shelf", "date_oper", "quantity", "id_oper_type") values (28, 5, '2017-1-8 1:25:58', 9, 2);

insert into STORE ("id_store", "shelf", "date_oper", "quantity", "id_oper_type") values (437, 1, '2017-3-1 4:5:45', 1, 9);

insert into STORE ("id_store", "shelf", "date_oper", "quantity", "id_oper_type") values (345, 2, '2017-7-7 10:57:32', 4, 7);

insert into STORE ("id_store", "shelf", "date_oper", "quantity", "id_oper_type") values (182, 7, '2018-2-16 22:45:10', 7, 3);

insert into STORE ("id_store", "shelf", "date_oper", "quantity", "id_oper_type") values (372, 6, '2017-4-9 6:12:39', 8, 9);

insert into STORE ("id_store", "shelf", "date_oper", "quantity", "id_oper_type") values (876, 8, '2017-3-15 4:45:25', 3, 7);

insert into STORE ("id_store", "shelf", "date_oper", "quantity", "id_oper_type") values (651, 4, '2017-4-15 6:31:55', 5, 3);

insert into STORE ("id_store", "shelf", "date_oper", "quantity", "id_oper_type") values (92, 3, '2017-6-16 9:46:43', 2, 7);

insert into STORE ("id_store", "shelf", "date_oper", "quantity", "id_oper_type") values (548, 9, '2017-7-19 11:30:37', 6, 7);

insert into STORE ("id_store", "shelf", "date_oper", "quantity", "id_oper_type") values (885, 5, '2017-9-26 15:8:34', 9, 3);

insert into STORE ("id_store", "shelf", "date_oper", "quantity", "id_oper_type") values (601, 1, '2017-1-7 1:23:55', 1, 9);

insert into STORE ("id_store", "shelf", "date_oper", "quantity", "id_oper_type") values (797, 2, '2018-1-16 21:11:52', 4, 7);

insert into STORE ("id_store", "shelf", "date_oper", "quantity", "id_oper_type") values (940, 7, '2017-8-27 13:35:18', 7, 8);

insert into STORE ("id_store", "shelf", "date_oper", "quantity", "id_oper_type") values (922, 6, '2017-3-20 5:3:16', 8, 4);

insert into STORE ("id_store", "shelf", "date_oper", "quantity", "id_oper_type") values (388, 8, '2017-3-31 5:40:7', 3, 8);

insert into STORE ("id_store", "shelf", "date_oper", "quantity", "id_oper_type") values (552, 4, '2017-9-7 14:7:58', 5, 3);

insert into STORE ("id_store", "shelf", "date_oper", "quantity", "id_oper_type") values (272, 3, '2017-6-21 10:2:45', 2, 6);

insert into STORE ("id_store", "shelf", "date_oper", "quantity", "id_oper_type") values (833, 9, '2017-12-5 18:56:35', 6, 8);

insert into STORE ("id_store", "shelf", "date_oper", "quantity", "id_oper_type") values (53, 5, '2017-10-21 16:24:8', 9, 6);

insert into STORE ("id_store", "shelf", "date_oper", "quantity", "id_oper_type") values (127, 1, '2017-3-8 4:24:59', 1, 9);

insert into STORE ("id_store", "shelf", "date_oper", "quantity", "id_oper_type") values (978, 2, '2017-4-30 7:15:22', 4, 7);

insert into STORE ("id_store", "shelf", "date_oper", "quantity", "id_oper_type") values (857, 7, '2017-11-8 17:28:20', 7, 9);

insert into STORE ("id_store", "shelf", "date_oper", "quantity", "id_oper_type") values (558, 6, '2017-11-18 18:5:13', 8, 3);

insert into STORE ("id_store", "shelf", "date_oper", "quantity", "id_oper_type") values (474, 8, '2017-3-16 4:48:13', 3, 9);

insert into STORE ("id_store", "shelf", "date_oper", "quantity", "id_oper_type") values (455, 4, '2017-7-5 10:50:39', 5, 9);

insert into STORE ("id_store", "shelf", "date_oper", "quantity", "id_oper_type") values (555, 3, '2018-2-11 22:27:16', 2, 6);

insert into STORE ("id_store", "shelf", "date_oper", "quantity", "id_oper_type") values (766, 9, '2017-1-14 1:43:5', 6, 6);

insert into STORE ("id_store", "shelf", "date_oper", "quantity", "id_oper_type") values (705, 5, '2017-12-16 19:30:55', 9, 1);

insert into STORE ("id_store", "shelf", "date_oper", "quantity", "id_oper_type") values (506, 1, '2017-11-25 18:29:1', 1, 9);

insert into STORE ("id_store", "shelf", "date_oper", "quantity", "id_oper_type") values (526, 2, '2017-9-22 14:54:30', 4, 7);

insert into STORE ("id_store", "shelf", "date_oper", "quantity", "id_oper_type") values (557, 7, '2017-10-18 16:16:58', 7, 1);

insert into STORE ("id_store", "shelf", "date_oper", "quantity", "id_oper_type") values (809, 6, '2017-10-8 15:43:39', 8, 8);

insert into STORE ("id_store", "shelf", "date_oper", "quantity", "id_oper_type") values (223, 8, '2017-2-17 3:28:18', 3, 4);

insert into STORE ("id_store", "shelf", "date_oper", "quantity", "id_oper_type") values (369, 4, '2017-3-3 4:13:11', 5, 2);

insert into STORE ("id_store", "shelf", "date_oper", "quantity", "id_oper_type") values (716, 3, '2017-12-17 19:35:15', 2, 2);

insert into STORE ("id_store", "shelf", "date_oper", "quantity", "id_oper_type") values (841, 9, '2017-8-29 13:40:32', 6, 1);

insert into STORE ("id_store", "shelf", "date_oper", "quantity", "id_oper_type") values (680, 5, '2017-4-2 5:46:55', 9, 6);

insert into STORE ("id_store", "shelf", "date_oper", "quantity", "id_oper_type") values (328, 1, '2017-4-16 6:36:31', 1, 6);

insert into STORE ("id_store", "shelf", "date_oper", "quantity", "id_oper_type") values (105, 2, '2017-4-1 5:43:34', 4, 7);

insert into STORE ("id_store", "shelf", "date_oper", "quantity", "id_oper_type") values (385, 7, '2017-1-17 1:51:30', 7, 3);

insert into STORE ("id_store", "shelf", "date_oper", "quantity", "id_oper_type") values (412, 6, '2017-10-2 15:23:30', 8, 4);

insert into STORE ("id_store", "shelf", "date_oper", "quantity", "id_oper_type") values (55, 8, '2017-10-20 16:20:0', 3, 1);

insert into STORE ("id_store", "shelf", "date_oper", "quantity", "id_oper_type") values (818, 4, '2017-3-4 4:14:12', 5, 4);

insert into STORE ("id_store", "shelf", "date_oper", "quantity", "id_oper_type") values (139, 3, '2017-10-17 16:14:52', 2, 2);

insert into STORE ("id_store", "shelf", "date_oper", "quantity", "id_oper_type") values (953, 9, '2017-3-31 5:41:51', 6, 2);

insert into STORE ("id_store", "shelf", "date_oper", "quantity", "id_oper_type") values (965, 5, '2017-10-3 15:28:20', 9, 1);

insert into STORE ("id_store", "shelf", "date_oper", "quantity", "id_oper_type") values (14, 1, '2017-6-27 10:19:35', 1, 3);

insert into STORE ("id_store", "shelf", "date_oper", "quantity", "id_oper_type") values (129, 2, '2017-4-23 6:54:36', 4, 9);

insert into STORE ("id_store", "shelf", "date_oper", "quantity", "id_oper_type") values (565, 7, '2017-1-23 2:12:46', 7, 4);

insert into STORE ("id_store", "shelf", "date_oper", "quantity", "id_oper_type") values (551, 6, '2017-4-23 6:53:38', 8, 1);

insert into STORE ("id_store", "shelf", "date_oper", "quantity", "id_oper_type") values (637, 8, '2017-6-5 9:10:26', 3, 1);

insert into STORE ("id_store", "shelf", "date_oper", "quantity", "id_oper_type") values (631, 4, '2017-6-15 9:40:57', 5, 2);

insert into STORE ("id_store", "shelf", "date_oper", "quantity", "id_oper_type") values (319, 3, '2017-5-3 7:27:44', 2, 3);

insert into STORE ("id_store", "shelf", "date_oper", "quantity", "id_oper_type") values (915, 9, '2017-4-13 6:26:41', 6, 2);

insert into STORE ("id_store", "shelf", "date_oper", "quantity", "id_oper_type") values (119, 5, '2018-3-3 23:35:40', 9, 3);

insert into STORE ("id_store", "shelf", "date_oper", "quantity", "id_oper_type") values (627, 1, '2017-1-11 1:35:25', 1, 9);

insert into STORE ("id_store", "shelf", "date_oper", "quantity", "id_oper_type") values (617, 2, '2017-2-7 2:55:16', 4, 2);

insert into STORE ("id_store", "shelf", "date_oper", "quantity", "id_oper_type") values (873, 7, '2017-2-5 2:51:27', 7, 3);

insert into STORE ("id_store", "shelf", "date_oper", "quantity", "id_oper_type") values (225, 6, '2018-2-4 22:7:33', 8, 3);

insert into STORE ("id_store", "shelf", "date_oper", "quantity", "id_oper_type") values (537, 8, '2017-7-23 11:39:18', 3, 4);

insert into STORE ("id_store", "shelf", "date_oper", "quantity", "id_oper_type") values (973, 4, '2017-10-14 16:1:7', 5, 7);

insert into STORE ("id_store", "shelf", "date_oper", "quantity", "id_oper_type") values (845, 3, '2018-2-22 23:7:20', 2, 6);

insert into STORE ("id_store", "shelf", "date_oper", "quantity", "id_oper_type") values (295, 9, '2017-2-10 3:6:29', 6, 9);

insert into STORE ("id_store", "shelf", "date_oper", "quantity", "id_oper_type") values (132, 5, '2017-4-2 5:46:6', 9, 7);

insert into STORE ("id_store", "shelf", "date_oper", "quantity", "id_oper_type") values (812, 1, '2017-8-2 12:15:32', 1, 1);

insert into STORE ("id_store", "shelf", "date_oper", "quantity", "id_oper_type") values (517, 2, '2017-12-13 19:22:9', 4, 2);

insert into STORE ("id_store", "shelf", "date_oper", "quantity", "id_oper_type") values (944, 7, '2017-12-10 19:15:41', 7, 7);

insert into STORE ("id_store", "shelf", "date_oper", "quantity", "id_oper_type") values (259, 6, '2018-1-11 20:53:11', 8, 1);

insert into STORE ("id_store", "shelf", "date_oper", "quantity", "id_oper_type") values (39, 8, '2018-1-2 20:25:30', 3, 2);

insert into STORE ("id_store", "shelf", "date_oper", "quantity", "id_oper_type") values (686, 4, '2018-2-9 22:22:3', 5, 7);

insert into STORE ("id_store", "shelf", "date_oper", "quantity", "id_oper_type") values (406, 3, '2017-6-23 10:10:0', 2, 8);

insert into STORE ("id_store", "shelf", "date_oper", "quantity", "id_oper_type") values (860, 9, '2017-7-3 10:43:2', 6, 4);

insert into STORE ("id_store", "shelf", "date_oper", "quantity", "id_oper_type") values (534, 5, '2017-11-18 18:3:58', 9, 9);

insert into STORE ("id_store", "shelf", "date_oper", "quantity", "id_oper_type") values (592, 1, '2017-1-28 2:25:51', 1, 6);

insert into STORE ("id_store", "shelf", "date_oper", "quantity", "id_oper_type") values (450, 2, '2017-9-25 15:4:20', 4, 9);

insert into STORE ("id_store", "shelf", "date_oper", "quantity", "id_oper_type") values (421, 7, '2017-3-17 4:54:4', 7, 7);

insert into STORE ("id_store", "shelf", "date_oper", "quantity", "id_oper_type") values (638, 6, '2017-6-15 9:41:57', 8, 2);

insert into STORE ("id_store", "shelf", "date_oper", "quantity", "id_oper_type") values (925, 8, '2017-8-8 12:36:23', 3, 8);

insert into STORE ("id_store", "shelf", "date_oper", "quantity", "id_oper_type") values (153, 4, '2017-10-23 16:32:54', 5, 9);

insert into STORE ("id_store", "shelf", "date_oper", "quantity", "id_oper_type") values (679, 3, '2017-6-7 9:14:3', 2, 8);

insert into STORE ("id_store", "shelf", "date_oper", "quantity", "id_oper_type") values (642, 9, '2017-3-12 4:35:47', 6, 4);

insert into STORE ("id_store", "shelf", "date_oper", "quantity", "id_oper_type") values (751, 5, '2017-11-4 17:13:46', 9, 7);

insert into STORE ("id_store", "shelf", "date_oper", "quantity", "id_oper_type") values (481, 1, '2017-7-21 11:35:55', 1, 4);

insert into STORE ("id_store", "shelf", "date_oper", "quantity", "id_oper_type") values (696, 2, '2017-12-20 19:45:36', 4, 8);

insert into STORE ("id_store", "shelf", "date_oper", "quantity", "id_oper_type") values (779, 7, '2017-3-5 4:16:9', 7, 6);

insert into STORE ("id_store", "shelf", "date_oper", "quantity", "id_oper_type") values (86, 6, '2017-3-6 4:19:2', 8, 7);

insert into STORE ("id_store", "shelf", "date_oper", "quantity", "id_oper_type") values (17, 8, '2018-1-27 21:42:43', 3, 3);

insert into STORE ("id_store", "shelf", "date_oper", "quantity", "id_oper_type") values (420, 4, '2017-9-11 14:19:46', 5, 4);

insert into STORE ("id_store", "shelf", "date_oper", "quantity", "id_oper_type") values (138, 3, '2017-10-6 15:36:37', 2, 4);

insert into STORE ("id_store", "shelf", "date_oper", "quantity", "id_oper_type") values (232, 9, '2017-4-4 5:56:21', 6, 7);

insert into STORE ("id_store", "shelf", "date_oper", "quantity", "id_oper_type") values (781, 5, '2018-1-13 21:3:12', 9, 9);

insert into STORE ("id_store", "shelf", "date_oper", "quantity", "id_oper_type") values (852, 1, '2017-5-20 8:19:37', 1, 7);

insert into STORE ("id_store", "shelf", "date_oper", "quantity", "id_oper_type") values (200, 2, '2017-3-8 4:26:4', 4, 8);

insert into STORE ("id_store", "shelf", "date_oper", "quantity", "id_oper_type") values (683, 7, '2018-1-2 20:27:27', 7, 7);

insert into STORE ("id_store", "shelf", "date_oper", "quantity", "id_oper_type") values (951, 6, '2018-1-28 21:46:11', 8, 6);

insert into STORE ("id_store", "shelf", "date_oper", "quantity", "id_oper_type") values (206, 8, '2017-5-7 7:41:5', 3, 4);

insert into STORE ("id_store", "shelf", "date_oper", "quantity", "id_oper_type") values (419, 4, '2017-3-19 5:1:36', 5, 9);

insert into STORE ("id_store", "shelf", "date_oper", "quantity", "id_oper_type") values (443, 3, '2017-11-12 17:44:14', 2, 4);

insert into STORE ("id_store", "shelf", "date_oper", "quantity", "id_oper_type") values (465, 9, '2018-1-21 21:25:39', 6, 4);

insert into STORE ("id_store", "shelf", "date_oper", "quantity", "id_oper_type") values (928, 5, '2017-9-4 13:57:34', 9, 6);

insert into STORE ("id_store", "shelf", "date_oper", "quantity", "id_oper_type") values (384, 1, '2017-12-15 19:29:43', 1, 2);

insert into STORE ("id_store", "shelf", "date_oper", "quantity", "id_oper_type") values (560, 2, '2017-3-15 4:47:33', 4, 1);

insert into STORE ("id_store", "shelf", "date_oper", "quantity", "id_oper_type") values (278, 7, '2017-12-22 19:52:9', 7, 7);

insert into STORE ("id_store", "shelf", "date_oper", "quantity", "id_oper_type") values (704, 6, '2017-9-5 14:0:6', 8, 3);

insert into STORE ("id_store", "shelf", "date_oper", "quantity", "id_oper_type") values (97, 8, '2017-4-5 5:57:50', 3, 9);

insert into INVOICE_DETAIL ("id_invoice", "id_product", "quantity", "description") values (15, 37, 4, 'Q3IIP730F89');

insert into INVOICE_DETAIL ("id_invoice", "id_product", "quantity", "description") values (203, 498, 17, 'RXSD359H2S7');

insert into INVOICE_DETAIL ("id_invoice", "id_product", "quantity", "description") values (135, 117, 22, 'A8JHUMQJ3OB');

insert into INVOICE_DETAIL ("id_invoice", "id_product", "quantity", "description") values (544, 256, 12, '6DQSV93V63');

insert into INVOICE_DETAIL ("id_invoice", "id_product", "quantity", "description") values (437, 400, 16, 'LN5WY4UKVVG7P');

insert into INVOICE_DETAIL ("id_invoice", "id_product", "quantity", "description") values (982, 254, 3, '6SNOJINTF6HKM');

insert into INVOICE_DETAIL ("id_invoice", "id_product", "quantity", "description") values (424, 342, 11, ' PA21KA7EPV UF');

insert into INVOICE_DETAIL ("id_invoice", "id_product", "quantity", "description") values (718, 423, 23, 'EREY 52B74YRO');

insert into INVOICE_DETAIL ("id_invoice", "id_product", "quantity", "description") values (697, 714, 10, 'BH6BDI5VSJR2K');

insert into INVOICE ("id_invoice", "id_paiment_type", "purchase_time", "id_invoice_detail") values (443, 1, '2017-11-29 18:40:19', 437);

insert into INVOICE ("id_invoice", "id_paiment_type", "purchase_time", "id_invoice_detail") values (121, 8, '2018-1-7 20:44:29', 544);

insert into INVOICE ("id_invoice", "id_paiment_type", "purchase_time", "id_invoice_detail") values (65, 8, '2017-2-10 3:15:24', 544);

insert into INVOICE ("id_invoice", "id_paiment_type", "purchase_time", "id_invoice_detail") values (79, 8, '2017-3-27 5:36:14', 135);

insert into INVOICE ("id_invoice", "id_paiment_type", "purchase_time", "id_invoice_detail") values (131, 1, '2018-1-9 20:49:31', 135);

insert into INVOICE ("id_invoice", "id_paiment_type", "purchase_time", "id_invoice_detail") values (890, 8, '2017-1-18 2:0:5', 203);

insert into INVOICE ("id_invoice", "id_paiment_type", "purchase_time", "id_invoice_detail") values (992, 4, '2017-5-12 8:0:28', 203);

insert into INVOICE ("id_invoice", "id_paiment_type", "purchase_time", "id_invoice_detail") values (758, 2, '2017-9-13 14:44:2', 544);

insert into INVOICE ("id_invoice", "id_paiment_type", "purchase_time", "id_invoice_detail") values (644, 7, '2017-8-2 12:13:3', 544);

insert into INVOICE ("id_invoice", "id_paiment_type", "purchase_time", "id_invoice_detail") values (770, 4, '2017-4-22 6:57:6', 544);

insert into INVOICE ("id_invoice", "id_paiment_type", "purchase_time", "id_invoice_detail") values (966, 2, '2017-9-20 15:3:21', 718);

insert into INVOICE ("id_invoice", "id_paiment_type", "purchase_time", "id_invoice_detail") values (686, 7, '2017-10-13 16:14:0', 982);

insert into INVOICE ("id_invoice", "id_paiment_type", "purchase_time", "id_invoice_detail") values (961, 8, '2018-1-23 21:30:54', 424);

insert into INVOICE ("id_invoice", "id_paiment_type", "purchase_time", "id_invoice_detail") values (15, 1, '2017-5-3 7:32:58', 982);

insert into INVOICE ("id_invoice", "id_paiment_type", "purchase_time", "id_invoice_detail") values (321, 1, '2017-6-10 9:24:30', 424);

insert into INVOICE ("id_invoice", "id_paiment_type", "purchase_time", "id_invoice_detail") values (373, 4, '2018-1-9 20:50:37', 437);

insert into INVOICE ("id_invoice", "id_paiment_type", "purchase_time", "id_invoice_detail") values (543, 8, '2017-10-16 16:26:8', 135);

insert into INVOICE ("id_invoice", "id_paiment_type", "purchase_time", "id_invoice_detail") values (434, 3, '2017-6-20 9:57:16', 424);

insert into INVOICE ("id_invoice", "id_paiment_type", "purchase_time", "id_invoice_detail") values (297, 4, '2017-6-11 9:27:28', 718);

insert into INVOICE ("id_invoice", "id_paiment_type", "purchase_time", "id_invoice_detail") values (849, 2, '2017-11-9 17:37:6', 15);

insert into INVOICE ("id_invoice", "id_paiment_type", "purchase_time", "id_invoice_detail") values (45, 9, '2018-1-16 21:7:48', 424);

insert into INVOICE ("id_invoice", "id_paiment_type", "purchase_time", "id_invoice_detail") values (650, 2, '2017-12-20 19:53:30', 437);

insert into INVOICE ("id_invoice", "id_paiment_type", "purchase_time", "id_invoice_detail") values (545, 8, '2017-6-7 9:18:56', 203);

insert into INVOICE ("id_invoice", "id_paiment_type", "purchase_time", "id_invoice_detail") values (76, 5, '2017-3-18 5:4:37', 437);

insert into INVOICE ("id_invoice", "id_paiment_type", "purchase_time", "id_invoice_detail") values (652, 9, '2017-6-18 9:52:8', 544);

insert into INVOICE ("id_invoice", "id_paiment_type", "purchase_time", "id_invoice_detail") values (356, 3, '2017-10-6 15:50:43', 437);

insert into INVOICE ("id_invoice", "id_paiment_type", "purchase_time", "id_invoice_detail") values (626, 8, '2017-7-24 11:43:4', 544);

insert into INVOICE ("id_invoice", "id_paiment_type", "purchase_time", "id_invoice_detail") values (313, 7, '2017-3-10 4:38:8', 135);

insert into INVOICE ("id_invoice", "id_paiment_type", "purchase_time", "id_invoice_detail") values (361, 7, '2017-2-19 3:40:26', 982);

insert into INVOICE ("id_invoice", "id_paiment_type", "purchase_time", "id_invoice_detail") values (419, 2, '2017-10-16 16:23:14', 544);

insert into INVOICE ("id_invoice", "id_paiment_type", "purchase_time", "id_invoice_detail") values (395, 3, '2017-5-31 8:58:25', 544);

insert into INVOICE ("id_invoice", "id_paiment_type", "purchase_time", "id_invoice_detail") values (143, 7, '2018-1-20 21:20:50', 718);

insert into INVOICE ("id_invoice", "id_paiment_type", "purchase_time", "id_invoice_detail") values (216, 9, '2017-5-7 7:43:17', 15);

insert into INVOICE ("id_invoice", "id_paiment_type", "purchase_time", "id_invoice_detail") values (870, 8, '2017-2-7 3:3:12', 437);

insert into INVOICE ("id_invoice", "id_paiment_type", "purchase_time", "id_invoice_detail") values (769, 7, '2017-6-11 9:28:13', 544);

insert into INVOICE ("id_invoice", "id_paiment_type", "purchase_time", "id_invoice_detail") values (432, 3, '2017-12-23 20:2:34', 135);

insert into INVOICE ("id_invoice", "id_paiment_type", "purchase_time", "id_invoice_detail") values (354, 3, '2017-2-11 3:17:14', 544);

insert into INVOICE ("id_invoice", "id_paiment_type", "purchase_time", "id_invoice_detail") values (161, 7, '2017-4-15 6:35:30', 424);

insert into INVOICE ("id_invoice", "id_paiment_type", "purchase_time", "id_invoice_detail") values (258, 5, '2017-2-28 4:8:42', 982);

insert into INVOICE ("id_invoice", "id_paiment_type", "purchase_time", "id_invoice_detail") values (722, 2, '2017-8-9 12:40:29', 203);

insert into INVOICE ("id_invoice", "id_paiment_type", "purchase_time", "id_invoice_detail") values (267, 2, '2017-8-11 12:46:40', 135);

insert into INVOICE ("id_invoice", "id_paiment_type", "purchase_time", "id_invoice_detail") values (632, 5, '2017-9-4 14:12:48', 424);

insert into INVOICE ("id_invoice", "id_paiment_type", "purchase_time", "id_invoice_detail") values (517, 9, '2017-11-27 18:34:32', 544);

insert into INVOICE ("id_invoice", "id_paiment_type", "purchase_time", "id_invoice_detail") values (668, 3, '2017-2-13 3:21:44', 718);

insert into INVOICE ("id_invoice", "id_paiment_type", "purchase_time", "id_invoice_detail") values (812, 3, '2017-9-17 14:52:14', 424);

insert into INVOICE ("id_invoice", "id_paiment_type", "purchase_time", "id_invoice_detail") values (332, 7, '2017-9-16 14:48:58', 718);

insert into INVOICE ("id_invoice", "id_paiment_type", "purchase_time", "id_invoice_detail") values (83, 5, '2017-6-24 10:10:16', 718);

insert into INVOICE ("id_invoice", "id_paiment_type", "purchase_time", "id_invoice_detail") values (649, 7, '2017-1-12 1:38:17', 203);

insert into INVOICE ("id_invoice", "id_paiment_type", "purchase_time", "id_invoice_detail") values (418, 7, '2018-1-20 21:22:18', 437);

insert into INVOICE ("id_invoice", "id_paiment_type", "purchase_time", "id_invoice_detail") values (259, 1, '2017-4-23 6:57:53', 718);

insert into INVOICE ("id_invoice", "id_paiment_type", "purchase_time", "id_invoice_detail") values (139, 5, '2017-4-27 7:10:49', 982);

insert into INVOICE ("id_invoice", "id_paiment_type", "purchase_time", "id_invoice_detail") values (387, 3, '2017-11-16 17:59:16', 135);

insert into INVOICE ("id_invoice", "id_paiment_type", "purchase_time", "id_invoice_detail") values (135, 9, '2017-5-14 8:9:26', 15);

insert into INVOICE ("id_invoice", "id_paiment_type", "purchase_time", "id_invoice_detail") values (58, 3, '2017-3-1 4:15:8', 203);

insert into INVOICE ("id_invoice", "id_paiment_type", "purchase_time", "id_invoice_detail") values (73, 3, '2017-3-5 4:26:28', 718);

insert into INVOICE ("id_invoice", "id_paiment_type", "purchase_time", "id_invoice_detail") values (933, 5, '2017-8-28 13:49:18', 544);

insert into INVOICE ("id_invoice", "id_paiment_type", "purchase_time", "id_invoice_detail") values (198, 3, '2018-2-24 23:8:23', 15);

insert into INVOICE ("id_invoice", "id_paiment_type", "purchase_time", "id_invoice_detail") values (430, 4, '2017-12-22 19:57:13', 135);

insert into INVOICE ("id_invoice", "id_paiment_type", "purchase_time", "id_invoice_detail") values (6, 8, '2017-4-27 7:14:25', 718);

insert into INVOICE ("id_invoice", "id_paiment_type", "purchase_time", "id_invoice_detail") values (566, 4, '2017-1-23 2:16:55', 135);

insert into INVOICE ("id_invoice", "id_paiment_type", "purchase_time", "id_invoice_detail") values (445, 8, '2017-6-15 9:43:50', 437);

insert into INVOICE ("id_invoice", "id_paiment_type", "purchase_time", "id_invoice_detail") values (737, 8, '2017-5-19 8:22:58', 544);

insert into INVOICE ("id_invoice", "id_paiment_type", "purchase_time", "id_invoice_detail") values (900, 2, '2017-10-20 16:36:54', 718);

insert into INVOICE ("id_invoice", "id_paiment_type", "purchase_time", "id_invoice_detail") values (821, 4, '2017-2-20 3:43:21', 718);

insert into INVOICE ("id_invoice", "id_paiment_type", "purchase_time", "id_invoice_detail") values (916, 2, '2017-4-19 6:49:54', 718);

insert into INVOICE ("id_invoice", "id_paiment_type", "purchase_time", "id_invoice_detail") values (738, 2, '2017-10-2 15:36:21', 437);

insert into INVOICE ("id_invoice", "id_paiment_type", "purchase_time", "id_invoice_detail") values (556, 3, '2017-12-12 19:29:21', 424);

insert into INVOICE ("id_invoice", "id_paiment_type", "purchase_time", "id_invoice_detail") values (606, 5, '2017-3-4 4:24:50', 203);

insert into INVOICE ("id_invoice", "id_paiment_type", "purchase_time", "id_invoice_detail") values (193, 9, '2017-7-19 11:31:7', 203);

insert into INVOICE ("id_invoice", "id_paiment_type", "purchase_time", "id_invoice_detail") values (20, 5, '2018-3-4 23:35:31', 424);

insert into INVOICE ("id_invoice", "id_paiment_type", "purchase_time", "id_invoice_detail") values (989, 3, '2017-5-5 7:38:27', 424);

insert into INVOICE ("id_invoice", "id_paiment_type", "purchase_time", "id_invoice_detail") values (34, 9, '2017-5-9 7:47:24', 437);

insert into INVOICE ("id_invoice", "id_paiment_type", "purchase_time", "id_invoice_detail") values (688, 9, '2017-11-21 18:15:4', 424);

insert into INVOICE ("id_invoice", "id_paiment_type", "purchase_time", "id_invoice_detail") values (290, 3, '2017-3-20 5:10:56', 544);

insert into INVOICE ("id_invoice", "id_paiment_type", "purchase_time", "id_invoice_detail") values (700, 7, '2017-10-8 15:57:10', 437);

insert into INVOICE ("id_invoice", "id_paiment_type", "purchase_time", "id_invoice_detail") values (171, 1, '2017-3-28 5:39:45', 437);

insert into INVOICE ("id_invoice", "id_paiment_type", "purchase_time", "id_invoice_detail") values (786, 8, '2017-2-7 3:4:55', 15);

insert into INVOICE ("id_invoice", "id_paiment_type", "purchase_time", "id_invoice_detail") values (673, 1, '2017-11-30 18:44:12', 437);

insert into INVOICE ("id_invoice", "id_paiment_type", "purchase_time", "id_invoice_detail") values (761, 9, '2017-9-17 14:53:27', 718);

insert into INVOICE ("id_invoice", "id_paiment_type", "purchase_time", "id_invoice_detail") values (588, 4, '2017-6-4 9:7:33', 15);

insert into INVOICE ("id_invoice", "id_paiment_type", "purchase_time", "id_invoice_detail") values (52, 7, '2017-12-2 18:51:58', 982);

insert into INVOICE ("id_invoice", "id_paiment_type", "purchase_time", "id_invoice_detail") values (107, 8, '2017-7-7 10:53:13', 203);

insert into INVOICE ("id_invoice", "id_paiment_type", "purchase_time", "id_invoice_detail") values (194, 7, '2017-4-15 6:34:20', 135);

insert into INVOICE ("id_invoice", "id_paiment_type", "purchase_time", "id_invoice_detail") values (837, 2, '2017-6-26 10:13:41', 718);

insert into INVOICE ("id_invoice", "id_paiment_type", "purchase_time", "id_invoice_detail") values (974, 2, '2017-6-23 10:7:45', 437);

insert into INVOICE ("id_invoice", "id_paiment_type", "purchase_time", "id_invoice_detail") values (779, 5, '2017-8-29 13:52:33', 203);

insert into INVOICE ("id_invoice", "id_paiment_type", "purchase_time", "id_invoice_detail") values (683, 2, '2018-1-23 21:30:12', 15);

insert into INVOICE ("id_invoice", "id_paiment_type", "purchase_time", "id_invoice_detail") values (233, 5, '2017-8-21 13:25:37', 15);

insert into INVOICE ("id_invoice", "id_paiment_type", "purchase_time", "id_invoice_detail") values (140, 1, '2017-5-15 8:13:45', 982);

insert into INVOICE ("id_invoice", "id_paiment_type", "purchase_time", "id_invoice_detail") values (951, 7, '2017-8-15 13:3:1', 135);

insert into INVOICE ("id_invoice", "id_paiment_type", "purchase_time", "id_invoice_detail") values (111, 9, '2017-1-18 1:58:55', 203);

insert into INVOICE ("id_invoice", "id_paiment_type", "purchase_time", "id_invoice_detail") values (114, 8, '2017-6-19 9:53:59', 203);

insert into INVOICE ("id_invoice", "id_paiment_type", "purchase_time", "id_invoice_detail") values (834, 3, '2017-10-20 16:37:45', 135);

insert into INVOICE ("id_invoice", "id_paiment_type", "purchase_time", "id_invoice_detail") values (774, 2, '2017-2-22 3:47:49', 544);

insert into INVOICE ("id_invoice", "id_paiment_type", "purchase_time", "id_invoice_detail") values (614, 9, '2017-11-29 18:41:31', 982);

insert into INVOICE ("id_invoice", "id_paiment_type", "purchase_time", "id_invoice_detail") values (421, 5, '2017-10-23 16:44:17', 135);

insert into INVOICE ("id_invoice", "id_paiment_type", "purchase_time", "id_invoice_detail") values (475, 3, '2017-12-7 19:11:24', 203);

insert into INVOICE ("id_invoice", "id_paiment_type", "purchase_time", "id_invoice_detail") values (444, 1, '2017-6-8 9:21:23', 718);

insert into INVOICE ("id_invoice", "id_paiment_type", "purchase_time", "id_invoice_detail") values (227, 1, '2017-12-17 19:43:41', 135);

insert into INVOICE ("id_invoice", "id_paiment_type", "purchase_time", "id_invoice_detail") values (220, 3, '2018-2-9 22:20:25', 203);

insert into INVOICE ("id_invoice", "id_paiment_type", "purchase_time", "id_invoice_detail") values (975, 5, '2018-2-18 22:46:47', 424);

insert into INVOICE ("id_invoice", "id_paiment_type", "purchase_time", "id_invoice_detail") values (302, 3, '2017-8-15 13:5:42', 437);

insert into INVOICE ("id_invoice", "id_paiment_type", "purchase_time", "id_invoice_detail") values (277, 2, '2017-10-3 15:40:58', 982);

insert into INVOICE ("id_invoice", "id_paiment_type", "purchase_time", "id_invoice_detail") values (813, 5, '2017-7-12 11:8:44', 544);

insert into INVOICE ("id_invoice", "id_paiment_type", "purchase_time", "id_invoice_detail") values (586, 3, '2017-4-5 6:2:42', 437);

insert into INVOICE ("id_invoice", "id_paiment_type", "purchase_time", "id_invoice_detail") values (428, 8, '2018-1-19 21:17:8', 544);

insert into INVOICE ("id_invoice", "id_paiment_type", "purchase_time", "id_invoice_detail") values (593, 8, '2017-10-19 16:33:43', 437);

insert into INVOICE ("id_invoice", "id_paiment_type", "purchase_time", "id_invoice_detail") values (912, 4, '2017-10-5 15:47:49', 135);

insert into INVOICE ("id_invoice", "id_paiment_type", "purchase_time", "id_invoice_detail") values (403, 4, '2017-11-22 18:16:55', 15);

insert into INVOICE ("id_invoice", "id_paiment_type", "purchase_time", "id_invoice_detail") values (164, 1, '2017-10-29 17:6:11', 203);

insert into INVOICE ("id_invoice", "id_paiment_type", "purchase_time", "id_invoice_detail") values (512, 7, '2017-5-27 8:44:26', 437);

insert into INVOICE ("id_invoice", "id_paiment_type", "purchase_time", "id_invoice_detail") values (634, 1, '2017-1-19 2:3:20', 15);

insert into INVOICE ("id_invoice", "id_paiment_type", "purchase_time", "id_invoice_detail") values (158, 5, '2017-7-30 12:4:15', 15);

insert into INVOICE ("id_invoice", "id_paiment_type", "purchase_time", "id_invoice_detail") values (391, 8, '2017-9-26 15:21:40', 437);

insert into INVOICE ("id_invoice", "id_paiment_type", "purchase_time", "id_invoice_detail") values (226, 4, '2017-12-21 19:55:15', 718);

insert into INVOICE ("id_invoice", "id_paiment_type", "purchase_time", "id_invoice_detail") values (699, 5, '2017-1-21 2:12:31', 544);

insert into INVOICE ("id_invoice", "id_paiment_type", "purchase_time", "id_invoice_detail") values (429, 4, '2017-11-12 17:48:38', 424);

insert into INVOICE ("id_invoice", "id_paiment_type", "purchase_time", "id_invoice_detail") values (69, 2, '2017-10-28 17:0:53', 424);

insert into INVOICE ("id_invoice", "id_paiment_type", "purchase_time", "id_invoice_detail") values (680, 2, '2017-10-18 16:31:23', 424);

insert into INVOICE ("id_invoice", "id_paiment_type", "purchase_time", "id_invoice_detail") values (505, 8, '2017-3-21 5:14:44', 718);

insert into INVOICE ("id_invoice", "id_paiment_type", "purchase_time", "id_invoice_detail") values (47, 7, '2018-1-21 21:23:34', 718);

insert into INVOICE ("id_invoice", "id_paiment_type", "purchase_time", "id_invoice_detail") values (792, 9, '2017-11-24 18:26:6', 135);

insert into INVOICE ("id_invoice", "id_paiment_type", "purchase_time", "id_invoice_detail") values (637, 3, '2017-4-23 7:0:17', 135);

insert into INVOICE ("id_invoice", "id_paiment_type", "purchase_time", "id_invoice_detail") values (452, 9, '2017-8-4 12:24:9', 15);

insert into INVOICE ("id_invoice", "id_paiment_type", "purchase_time", "id_invoice_detail") values (466, 1, '2017-2-18 3:35:44', 135);

insert into INVOICE ("id_invoice", "id_paiment_type", "purchase_time", "id_invoice_detail") values (150, 8, '2017-9-19 15:0:17', 203);

insert into INVOICE ("id_invoice", "id_paiment_type", "purchase_time", "id_invoice_detail") values (359, 1, '2017-7-30 12:6:7', 15);

insert into INVOICE ("id_invoice", "id_paiment_type", "purchase_time", "id_invoice_detail") values (526, 7, '2017-1-31 2:42:37', 203);

insert into INVOICE ("id_invoice", "id_paiment_type", "purchase_time", "id_invoice_detail") values (487, 4, '2017-12-2 18:50:32', 15);

insert into INVOICE ("id_invoice", "id_paiment_type", "purchase_time", "id_invoice_detail") values (149, 5, '2017-4-13 6:30:12', 15);

insert into INVOICE ("id_invoice", "id_paiment_type", "purchase_time", "id_invoice_detail") values (7, 5, '2017-6-8 9:20:16', 135);

insert into INVOICE ("id_invoice", "id_paiment_type", "purchase_time", "id_invoice_detail") values (122, 5, '2017-4-30 7:23:0', 982);

insert into INVOICE ("id_invoice", "id_paiment_type", "purchase_time", "id_invoice_detail") values (440, 2, '2018-2-13 22:33:34', 135);

insert into INVOICE ("id_invoice", "id_paiment_type", "purchase_time", "id_invoice_detail") values (360, 1, '2017-8-28 13:48:29', 718);

insert into INVOICE ("id_invoice", "id_paiment_type", "purchase_time", "id_invoice_detail") values (780, 7, '2017-9-8 14:24:20', 203);

insert into INVOICE ("id_invoice", "id_paiment_type", "purchase_time", "id_invoice_detail") values (109, 9, '2017-10-12 16:9:31', 135);

insert into INVOICE ("id_invoice", "id_paiment_type", "purchase_time", "id_invoice_detail") values (263, 2, '2017-6-21 10:2:1', 718);

insert into INVOICE ("id_invoice", "id_paiment_type", "purchase_time", "id_invoice_detail") values (165, 3, '2017-1-14 1:42:44', 982);

insert into INVOICE ("id_invoice", "id_paiment_type", "purchase_time", "id_invoice_detail") values (309, 7, '2017-1-19 2:5:10', 15);

insert into INVOICE ("id_invoice", "id_paiment_type", "purchase_time", "id_invoice_detail") values (66, 8, '2017-10-13 16:12:38', 424);

insert into INVOICE ("id_invoice", "id_paiment_type", "purchase_time", "id_invoice_detail") values (859, 9, '2017-1-5 1:14:17', 544);

insert into INVOICE ("id_invoice", "id_paiment_type", "purchase_time", "id_invoice_detail") values (579, 3, '2017-5-1 7:26:45', 437);

insert into INVOICE ("id_invoice", "id_paiment_type", "purchase_time", "id_invoice_detail") values (465, 8, '2017-8-5 12:25:22', 424);

insert into INVOICE ("id_invoice", "id_paiment_type", "purchase_time", "id_invoice_detail") values (372, 1, '2017-10-1 15:31:46', 437);

insert into INVOICE ("id_invoice", "id_paiment_type", "purchase_time", "id_invoice_detail") values (607, 7, '2017-2-28 4:12:17', 982);

insert into INVOICE ("id_invoice", "id_paiment_type", "purchase_time", "id_invoice_detail") values (999, 3, '2017-9-14 14:46:3', 437);

insert into INVOICE ("id_invoice", "id_paiment_type", "purchase_time", "id_invoice_detail") values (887, 3, '2017-1-9 1:29:11', 135);

insert into INVOICE ("id_invoice", "id_paiment_type", "purchase_time", "id_invoice_detail") values (257, 3, '2017-6-17 9:48:35', 982);

insert into INVOICE ("id_invoice", "id_paiment_type", "purchase_time", "id_invoice_detail") values (509, 9, '2017-7-22 11:37:37', 982);

insert into INVOICE ("id_invoice", "id_paiment_type", "purchase_time", "id_invoice_detail") values (727, 1, '2017-8-14 12:57:45', 544);

insert into INVOICE ("id_invoice", "id_paiment_type", "purchase_time", "id_invoice_detail") values (647, 4, '2017-2-16 3:30:53', 203);

insert into INVOICE ("id_invoice", "id_paiment_type", "purchase_time", "id_invoice_detail") values (286, 1, '2017-12-12 19:27:46', 424);

insert into INVOICE ("id_invoice", "id_paiment_type", "purchase_time", "id_invoice_detail") values (623, 2, '2017-2-24 3:54:8', 15);

insert into INVOICE ("id_invoice", "id_paiment_type", "purchase_time", "id_invoice_detail") values (405, 2, '2017-3-29 5:44:36', 544);

insert into INVOICE ("id_invoice", "id_paiment_type", "purchase_time", "id_invoice_detail") values (724, 1, '2017-9-25 15:19:22', 982);

insert into INVOICE ("id_invoice", "id_paiment_type", "purchase_time", "id_invoice_detail") values (48, 5, '2017-2-27 4:5:3', 982);

insert into INVOICE ("id_invoice", "id_paiment_type", "purchase_time", "id_invoice_detail") values (511, 9, '2017-6-15 9:45:4', 135);

insert into INVOICE ("id_invoice", "id_paiment_type", "purchase_time", "id_invoice_detail") values (67, 3, '2018-1-18 21:14:4', 15);

insert into INVOICE ("id_invoice", "id_paiment_type", "purchase_time", "id_invoice_detail") values (239, 3, '2017-2-8 3:6:52', 437);

insert into INVOICE ("id_invoice", "id_paiment_type", "purchase_time", "id_invoice_detail") values (829, 1, '2017-2-28 4:13:54', 424);

insert into INVOICE ("id_invoice", "id_paiment_type", "purchase_time", "id_invoice_detail") values (451, 5, '2017-9-20 15:2:3', 544);

insert into INVOICE ("id_invoice", "id_paiment_type", "purchase_time", "id_invoice_detail") values (338, 4, '2017-8-7 12:32:45', 203);

insert into INVOICE ("id_invoice", "id_paiment_type", "purchase_time", "id_invoice_detail") values (142, 8, '2017-8-30 13:53:19', 437);

insert into INVOICE ("id_invoice", "id_paiment_type", "purchase_time", "id_invoice_detail") values (654, 9, '2017-3-15 4:54:18', 15);

insert into INVOICE ("id_invoice", "id_paiment_type", "purchase_time", "id_invoice_detail") values (978, 2, '2017-12-19 19:50:47', 15);

insert into INVOICE ("id_invoice", "id_paiment_type", "purchase_time", "id_invoice_detail") values (304, 9, '2017-12-1 18:46:50', 718);

insert into INVOICE ("id_invoice", "id_paiment_type", "purchase_time", "id_invoice_detail") values (112, 5, '2017-7-11 11:5:52', 982);

insert into INVOICE ("id_invoice", "id_paiment_type", "purchase_time", "id_invoice_detail") values (266, 2, '2017-9-15 14:46:43', 424);

insert into INVOICE ("id_invoice", "id_paiment_type", "purchase_time", "id_invoice_detail") values (662, 2, '2018-2-11 22:25:23', 544);

insert into INVOICE ("id_invoice", "id_paiment_type", "purchase_time", "id_invoice_detail") values (88, 8, '2017-2-14 3:23:34', 718);

insert into INVOICE ("id_invoice", "id_paiment_type", "purchase_time", "id_invoice_detail") values (363, 5, '2017-6-11 9:29:5', 15);

insert into INVOICE ("id_invoice", "id_paiment_type", "purchase_time", "id_invoice_detail") values (385, 8, '2017-9-21 15:7:52', 203);

insert into INVOICE ("id_invoice", "id_paiment_type", "purchase_time", "id_invoice_detail") values (801, 5, '2017-6-20 9:58:48', 135);

insert into INVOICE ("id_invoice", "id_paiment_type", "purchase_time", "id_invoice_detail") values (730, 9, '2017-5-8 7:44:53', 718);

insert into INVOICE ("id_invoice", "id_paiment_type", "purchase_time", "id_invoice_detail") values (63, 5, '2017-3-2 4:16:21', 544);

insert into INVOICE ("id_invoice", "id_paiment_type", "purchase_time", "id_invoice_detail") values (768, 3, '2017-2-26 4:3:50', 718);

insert into INVOICE ("id_invoice", "id_paiment_type", "purchase_time", "id_invoice_detail") values (807, 4, '2017-9-11 14:35:24', 203);

insert into INVOICE ("id_invoice", "id_paiment_type", "purchase_time", "id_invoice_detail") values (927, 7, '2017-1-1 1:4:20', 544);

insert into INVOICE ("id_invoice", "id_paiment_type", "purchase_time", "id_invoice_detail") values (596, 9, '2017-8-25 13:38:44', 544);

insert into INVOICE ("id_invoice", "id_paiment_type", "purchase_time", "id_invoice_detail") values (341, 1, '2017-3-10 4:41:36', 718);

insert into INVOICE ("id_invoice", "id_paiment_type", "purchase_time", "id_invoice_detail") values (539, 4, '2018-3-5 23:38:11', 718);

insert into INVOICE ("id_invoice", "id_paiment_type", "purchase_time", "id_invoice_detail") values (491, 7, '2017-11-13 17:50:58', 424);

insert into INVOICE ("id_invoice", "id_paiment_type", "purchase_time", "id_invoice_detail") values (60, 1, '2018-2-9 22:18:44', 135);

insert into INVOICE ("id_invoice", "id_paiment_type", "purchase_time", "id_invoice_detail") values (936, 4, '2018-1-17 21:10:47', 544);

insert into INVOICE ("id_invoice", "id_paiment_type", "purchase_time", "id_invoice_detail") values (824, 9, '2017-3-23 5:20:27', 424);

insert into INVOICE ("id_invoice", "id_paiment_type", "purchase_time", "id_invoice_detail") values (984, 3, '2018-1-25 21:37:11', 718);

insert into INVOICE ("id_invoice", "id_paiment_type", "purchase_time", "id_invoice_detail") values (296, 5, '2018-2-19 22:52:12', 718);

insert into INVOICE ("id_invoice", "id_paiment_type", "purchase_time", "id_invoice_detail") values (548, 8, '2017-7-25 11:47:34', 424);

insert into INVOICE ("id_invoice", "id_paiment_type", "purchase_time", "id_invoice_detail") values (285, 8, '2017-11-8 17:35:25', 982);

insert into INVOICE ("id_invoice", "id_paiment_type", "purchase_time", "id_invoice_detail") values (721, 3, '2017-9-23 15:13:7', 437);

insert into INVOICE ("id_invoice", "id_paiment_type", "purchase_time", "id_invoice_detail") values (574, 9, '2018-1-26 21:43:0', 544);

insert into INVOICE ("id_invoice", "id_paiment_type", "purchase_time", "id_invoice_detail") values (611, 8, '2017-11-5 17:27:35', 135);

insert into INVOICE ("id_invoice", "id_paiment_type", "purchase_time", "id_invoice_detail") values (154, 2, '2017-6-9 9:22:5', 203);

insert into INVOICE ("id_invoice", "id_paiment_type", "purchase_time", "id_invoice_detail") values (740, 2, '2017-10-2 15:39:15', 15);

insert into INVOICE ("id_invoice", "id_paiment_type", "purchase_time", "id_invoice_detail") values (528, 2, '2018-1-14 21:4:36', 718);

insert into INVOICE ("id_invoice", "id_paiment_type", "purchase_time", "id_invoice_detail") values (492, 3, '2018-1-31 21:58:1', 15);

insert into INVOICE ("id_invoice", "id_paiment_type", "purchase_time", "id_invoice_detail") values (126, 1, '2017-5-7 7:42:35', 437);

insert into INVOICE ("id_invoice", "id_paiment_type", "purchase_time", "id_invoice_detail") values (879, 4, '2018-1-28 21:48:26', 15);

insert into INVOICE ("id_invoice", "id_paiment_type", "purchase_time", "id_invoice_detail") values (982, 9, '2018-1-21 21:24:43', 15);

insert into INVOICE ("id_invoice", "id_paiment_type", "purchase_time", "id_invoice_detail") values (124, 5, '2017-5-26 8:41:43', 135);

insert into INVOICE ("id_invoice", "id_paiment_type", "purchase_time", "id_invoice_detail") values (153, 7, '2017-9-7 14:22:38', 424);

insert into INVOICE ("id_invoice", "id_paiment_type", "purchase_time", "id_invoice_detail") values (27, 5, '2017-7-29 11:58:49', 424);

insert into INVOICE ("id_invoice", "id_paiment_type", "purchase_time", "id_invoice_detail") values (720, 7, '2017-9-10 14:32:1', 15);

insert into INVOICE ("id_invoice", "id_paiment_type", "purchase_time", "id_invoice_detail") values (287, 7, '2017-4-5 6:4:4', 718);

insert into INVOICE ("id_invoice", "id_paiment_type", "purchase_time", "id_invoice_detail") values (971, 7, '2018-2-14 22:34:35', 203);

insert into INVOICE ("id_invoice", "id_paiment_type", "purchase_time", "id_invoice_detail") values (39, 8, '2017-12-6 19:5:52', 424);

insert into INVOICE ("id_invoice", "id_paiment_type", "purchase_time", "id_invoice_detail") values (468, 7, '2017-4-22 6:55:33', 544);

insert into INVOICE ("id_invoice", "id_paiment_type", "purchase_time", "id_invoice_detail") values (826, 9, '2017-6-19 9:55:16', 982);

insert into INVOICE ("id_invoice", "id_paiment_type", "purchase_time", "id_invoice_detail") values (555, 2, '2018-2-15 22:37:37', 718);

insert into INVOICE ("id_invoice", "id_paiment_type", "purchase_time", "id_invoice_detail") values (550, 7, '2017-7-13 11:14:6', 982);

insert into INVOICE ("id_invoice", "id_paiment_type", "purchase_time", "id_invoice_detail") values (203, 8, '2018-2-24 23:6:40', 437);

insert into INVOICE ("id_invoice", "id_paiment_type", "purchase_time", "id_invoice_detail") values (94, 4, '2017-11-2 17:18:42', 982);

insert into INVOICE ("id_invoice", "id_paiment_type", "purchase_time", "id_invoice_detail") values (82, 8, '2018-1-19 21:18:1', 982);

insert into INVOICE ("id_invoice", "id_paiment_type", "purchase_time", "id_invoice_detail") values (245, 9, '2018-2-19 22:49:48', 718);

insert into INVOICE ("id_invoice", "id_paiment_type", "purchase_time", "id_invoice_detail") values (397, 7, '2017-4-21 6:54:42', 437);

insert into INVOICE ("id_invoice", "id_paiment_type", "purchase_time", "id_invoice_detail") values (398, 7, '2017-9-28 15:24:53', 544);

insert into INVOICE ("id_invoice", "id_paiment_type", "purchase_time", "id_invoice_detail") values (168, 3, '2017-10-28 17:0:8', 982);

insert into INVOICE ("id_invoice", "id_paiment_type", "purchase_time", "id_invoice_detail") values (507, 5, '2017-10-30 17:8:56', 544);

insert into INVOICE ("id_invoice", "id_paiment_type", "purchase_time", "id_invoice_detail") values (268, 8, '2017-10-27 16:57:31', 424);

insert into INVOICE ("id_invoice", "id_paiment_type", "purchase_time", "id_invoice_detail") values (894, 2, '2017-4-24 7:2:14', 982);

insert into INVOICE ("id_invoice", "id_paiment_type", "purchase_time", "id_invoice_detail") values (251, 3, '2017-10-8 15:59:7', 135);

insert into INVOICE ("id_invoice", "id_paiment_type", "purchase_time", "id_invoice_detail") values (144, 5, '2017-5-13 8:3:41', 718);

insert into INVOICE ("id_invoice", "id_paiment_type", "purchase_time", "id_invoice_detail") values (707, 2, '2017-10-31 17:13:23', 718);

insert into INVOICE ("id_invoice", "id_paiment_type", "purchase_time", "id_invoice_detail") values (169, 9, '2017-3-31 5:50:42', 982);

insert into INVOICE ("id_invoice", "id_paiment_type", "purchase_time", "id_invoice_detail") values (909, 4, '2018-2-4 22:6:44', 424);

insert into INVOICE ("id_invoice", "id_paiment_type", "purchase_time", "id_invoice_detail") values (719, 9, '2017-7-6 10:47:36', 982);

insert into INVOICE ("id_invoice", "id_paiment_type", "purchase_time", "id_invoice_detail") values (57, 5, '2017-5-28 8:46:18', 982);

insert into INVOICE ("id_invoice", "id_paiment_type", "purchase_time", "id_invoice_detail") values (192, 4, '2017-5-14 8:5:42', 424);

insert into INVOICE ("id_invoice", "id_paiment_type", "purchase_time", "id_invoice_detail") values (515, 1, '2018-1-3 20:36:20', 437);

insert into INVOICE ("id_invoice", "id_paiment_type", "purchase_time", "id_invoice_detail") values (631, 7, '2017-7-8 10:55:36', 718);

insert into INVOICE ("id_invoice", "id_paiment_type", "purchase_time", "id_invoice_detail") values (415, 2, '2017-12-27 20:11:44', 718);

insert into INVOICE ("id_invoice", "id_paiment_type", "purchase_time", "id_invoice_detail") values (248, 7, '2017-1-20 2:10:2', 424);

insert into INVOICE ("id_invoice", "id_paiment_type", "purchase_time", "id_invoice_detail") values (467, 3, '2017-2-7 3:6:6', 15);

insert into INVOICE ("id_invoice", "id_paiment_type", "purchase_time", "id_invoice_detail") values (818, 2, '2017-5-8 7:46:36', 437);

insert into INVOICE ("id_invoice", "id_paiment_type", "purchase_time", "id_invoice_detail") values (311, 7, '2017-11-28 18:35:50', 424);

insert into INVOICE ("id_invoice", "id_paiment_type", "purchase_time", "id_invoice_detail") values (788, 2, '2017-4-8 6:14:58', 544);

insert into INVOICE ("id_invoice", "id_paiment_type", "purchase_time", "id_invoice_detail") values (55, 5, '2018-2-10 22:23:15', 718);

insert into INVOICE ("id_invoice", "id_paiment_type", "purchase_time", "id_invoice_detail") values (163, 9, '2017-4-20 6:52:19', 15);

insert into INVOICE ("id_invoice", "id_paiment_type", "purchase_time", "id_invoice_detail") values (249, 8, '2017-2-21 3:46:18', 15);

insert into INVOICE ("id_invoice", "id_paiment_type", "purchase_time", "id_invoice_detail") values (426, 9, '2017-7-26 11:48:43', 718);

insert into INVOICE ("id_invoice", "id_paiment_type", "purchase_time", "id_invoice_detail") values (393, 7, '2017-12-26 20:8:50', 135);

insert into INVOICE ("id_invoice", "id_paiment_type", "purchase_time", "id_invoice_detail") values (180, 5, '2017-12-18 19:45:46', 424);

insert into INVOICE ("id_invoice", "id_paiment_type", "purchase_time", "id_invoice_detail") values (347, 2, '2017-5-18 8:22:13', 135);

insert into INVOICE ("id_invoice", "id_paiment_type", "purchase_time", "id_invoice_detail") values (457, 7, '2017-9-11 14:32:44', 982);

insert into INVOICE ("id_invoice", "id_paiment_type", "purchase_time", "id_invoice_detail") values (3, 9, '2017-1-28 2:33:54', 424);

insert into INVOICE ("id_invoice", "id_paiment_type", "purchase_time", "id_invoice_detail") values (320, 1, '2017-10-12 16:10:27', 718);

insert into INVOICE ("id_invoice", "id_paiment_type", "purchase_time", "id_invoice_detail") values (166, 8, '2017-8-24 13:34:42', 437);

insert into INVOICE ("id_invoice", "id_paiment_type", "purchase_time", "id_invoice_detail") values (705, 7, '2017-11-10 17:41:39', 437);

insert into INVOICE ("id_invoice", "id_paiment_type", "purchase_time", "id_invoice_detail") values (866, 2, '2017-8-27 13:47:4', 544);

insert into INVOICE ("id_invoice", "id_paiment_type", "purchase_time", "id_invoice_detail") values (832, 8, '2017-3-24 5:23:2', 544);

insert into INVOICE ("id_invoice", "id_paiment_type", "purchase_time", "id_invoice_detail") values (503, 9, '2018-1-11 20:55:50', 982);

insert into INVOICE ("id_invoice", "id_paiment_type", "purchase_time", "id_invoice_detail") values (420, 5, '2018-2-3 22:5:5', 718);

insert into INVOICE ("id_invoice", "id_paiment_type", "purchase_time", "id_invoice_detail") values (454, 2, '2017-10-10 16:1:27', 135);

insert into INVOICE ("id_invoice", "id_paiment_type", "purchase_time", "id_invoice_detail") values (842, 1, '2017-11-17 18:1:29', 203);

insert into INVOICE ("id_invoice", "id_paiment_type", "purchase_time", "id_invoice_detail") values (795, 9, '2017-6-7 9:17:43', 544);

insert into INVOICE ("id_invoice", "id_paiment_type", "purchase_time", "id_invoice_detail") values (925, 8, '2017-12-4 19:1:30', 15);

insert into INVOICE ("id_invoice", "id_paiment_type", "purchase_time", "id_invoice_detail") values (513, 9, '2017-7-9 10:59:56', 718);

insert into INVOICE ("id_invoice", "id_paiment_type", "purchase_time", "id_invoice_detail") values (790, 3, '2017-8-23 13:31:57', 982);

insert into INVOICE ("id_invoice", "id_paiment_type", "purchase_time", "id_invoice_detail") values (241, 4, '2018-2-24 23:4:53', 544);

insert into INVOICE ("id_invoice", "id_paiment_type", "purchase_time", "id_invoice_detail") values (752, 8, '2017-11-14 17:53:16', 437);

insert into INVOICE ("id_invoice", "id_paiment_type", "purchase_time", "id_invoice_detail") values (197, 5, '2017-8-5 12:27:26', 203);

insert into INVOICE ("id_invoice", "id_paiment_type", "purchase_time", "id_invoice_detail") values (37, 8, '2017-7-1 10:28:30', 982);

insert into INVOICE ("id_invoice", "id_paiment_type", "purchase_time", "id_invoice_detail") values (303, 9, '2017-9-8 14:26:4', 135);

insert into INVOICE ("id_invoice", "id_paiment_type", "purchase_time", "id_invoice_detail") values (110, 5, '2017-3-13 4:50:28', 544);

insert into INVOICE ("id_invoice", "id_paiment_type", "purchase_time", "id_invoice_detail") values (75, 2, '2017-9-8 14:27:23', 15);

insert into INVOICE ("id_invoice", "id_paiment_type", "purchase_time", "id_invoice_detail") values (375, 8, '2017-10-14 16:15:2', 135);

insert into INVOICE ("id_invoice", "id_paiment_type", "purchase_time", "id_invoice_detail") values (804, 9, '2017-2-2 2:45:46', 544);

insert into INVOICE ("id_invoice", "id_paiment_type", "purchase_time", "id_invoice_detail") values (869, 2, '2017-6-13 9:35:51', 203);

insert into INVOICE ("id_invoice", "id_paiment_type", "purchase_time", "id_invoice_detail") values (640, 1, '2017-8-18 13:12:40', 203);

insert into INVOICE ("id_invoice", "id_paiment_type", "purchase_time", "id_invoice_detail") values (317, 8, '2017-11-10 17:42:41', 135);

insert into INVOICE ("id_invoice", "id_paiment_type", "purchase_time", "id_invoice_detail") values (913, 4, '2017-7-30 12:2:49', 424);

insert into INVOICE ("id_invoice", "id_paiment_type", "purchase_time", "id_invoice_detail") values (17, 7, '2017-3-8 4:36:0', 718);

insert into INVOICE ("id_invoice", "id_paiment_type", "purchase_time", "id_invoice_detail") values (201, 4, '2017-8-22 13:27:13', 15);

insert into INVOICE ("id_invoice", "id_paiment_type", "purchase_time", "id_invoice_detail") values (661, 2, '2018-3-3 23:29:57', 424);

insert into INVOICE ("id_invoice", "id_paiment_type", "purchase_time", "id_invoice_detail") values (938, 1, '2017-11-10 17:39:54', 15);

insert into INVOICE ("id_invoice", "id_paiment_type", "purchase_time", "id_invoice_detail") values (473, 1, '2018-1-26 21:41:15', 135);

insert into INVOICE ("id_invoice", "id_paiment_type", "purchase_time", "id_invoice_detail") values (282, 1, '2017-2-4 2:52:48', 718);

insert into INVOICE ("id_invoice", "id_paiment_type", "purchase_time", "id_invoice_detail") values (176, 3, '2017-4-17 6:39:51', 718);

insert into INVOICE ("id_invoice", "id_paiment_type", "purchase_time", "id_invoice_detail") values (343, 4, '2017-7-6 10:51:15', 135);

insert into INVOICE ("id_invoice", "id_paiment_type", "purchase_time", "id_invoice_detail") values (300, 7, '2017-1-24 2:22:22', 718);

insert into INVOICE ("id_invoice", "id_paiment_type", "purchase_time", "id_invoice_detail") values (184, 2, '2017-4-16 6:37:45', 982);

insert into INVOICE ("id_invoice", "id_paiment_type", "purchase_time", "id_invoice_detail") values (371, 5, '2017-10-21 16:39:12', 544);

insert into INVOICE ("id_invoice", "id_paiment_type", "purchase_time", "id_invoice_detail") values (81, 3, '2017-2-17 3:34:12', 15);

insert into INVOICE ("id_invoice", "id_paiment_type", "purchase_time", "id_invoice_detail") values (762, 1, '2017-5-13 8:1:56', 15);

insert into INVOICE ("id_invoice", "id_paiment_type", "purchase_time", "id_invoice_detail") values (334, 1, '2017-8-31 13:58:0', 424);

insert into INVOICE ("id_invoice", "id_paiment_type", "purchase_time", "id_invoice_detail") values (991, 3, '2017-11-19 18:5:42', 544);

insert into INVOICE ("id_invoice", "id_paiment_type", "purchase_time", "id_invoice_detail") values (542, 8, '2017-1-26 2:25:55', 15);

insert into INVOICE ("id_invoice", "id_paiment_type", "purchase_time", "id_invoice_detail") values (742, 8, '2017-6-21 10:0:37', 544);

insert into INVOICE ("id_invoice", "id_paiment_type", "purchase_time", "id_invoice_detail") values (115, 1, '2017-8-20 13:17:55', 424);

insert into INVOICE ("id_invoice", "id_paiment_type", "purchase_time", "id_invoice_detail") values (85, 1, '2017-10-9 16:0:3', 437);

insert into INVOICE ("id_invoice", "id_paiment_type", "purchase_time", "id_invoice_detail") values (902, 1, '2017-7-11 11:6:56', 718);

insert into INVOICE ("id_invoice", "id_paiment_type", "purchase_time", "id_invoice_detail") values (855, 9, '2017-8-1 12:11:55', 15);

insert into INVOICE ("id_invoice", "id_paiment_type", "purchase_time", "id_invoice_detail") values (479, 9, '2017-2-9 3:12:45', 203);

insert into INVOICE ("id_invoice", "id_paiment_type", "purchase_time", "id_invoice_detail") values (147, 8, '2017-5-11 7:57:28', 424);

insert into INVOICE ("id_invoice", "id_paiment_type", "purchase_time", "id_invoice_detail") values (214, 8, '2017-5-14 8:7:31', 424);

insert into INVOICE ("id_invoice", "id_paiment_type", "purchase_time", "id_invoice_detail") values (766, 7, '2017-11-4 17:24:56', 424);

insert into INVOICE ("id_invoice", "id_paiment_type", "purchase_time", "id_invoice_detail") values (960, 4, '2018-3-5 23:39:4', 544);

insert into INVOICE ("id_invoice", "id_paiment_type", "purchase_time", "id_invoice_detail") values (262, 1, '2018-1-31 21:56:18', 15);

insert into INVOICE ("id_invoice", "id_paiment_type", "purchase_time", "id_invoice_detail") values (367, 8, '2018-2-6 22:13:50', 203);

insert into INVOICE ("id_invoice", "id_paiment_type", "purchase_time", "id_invoice_detail") values (427, 1, '2017-11-16 17:59:59', 544);

insert into INVOICE ("id_invoice", "id_paiment_type", "purchase_time", "id_invoice_detail") values (486, 8, '2017-3-19 5:8:28', 135);

insert into INVOICE ("id_invoice", "id_paiment_type", "purchase_time", "id_invoice_detail") values (755, 8, '2018-1-13 21:1:48', 424);

insert into INVOICE ("id_invoice", "id_paiment_type", "purchase_time", "id_invoice_detail") values (676, 4, '2017-11-23 18:20:23', 203);

insert into INVOICE ("id_invoice", "id_paiment_type", "purchase_time", "id_invoice_detail") values (254, 2, '2017-2-23 3:51:19', 15);

insert into INVOICE ("id_invoice", "id_paiment_type", "purchase_time", "id_invoice_detail") values (560, 2, '2017-11-14 17:54:53', 982);

insert into INVOICE ("id_invoice", "id_paiment_type", "purchase_time", "id_invoice_detail") values (874, 4, '2017-2-19 3:38:44', 437);

insert into INVOICE ("id_invoice", "id_paiment_type", "purchase_time", "id_invoice_detail") values (850, 9, '2017-1-30 2:37:54', 203);

insert into INVOICE ("id_invoice", "id_paiment_type", "purchase_time", "id_invoice_detail") values (78, 2, '2017-1-10 1:32:19', 544);

insert into INVOICE ("id_invoice", "id_paiment_type", "purchase_time", "id_invoice_detail") values (472, 4, '2018-2-28 23:22:8', 203);

insert into INVOICE ("id_invoice", "id_paiment_type", "purchase_time", "id_invoice_detail") values (101, 3, '2017-9-22 15:11:44', 203);

insert into INVOICE ("id_invoice", "id_paiment_type", "purchase_time", "id_invoice_detail") values (206, 2, '2018-2-22 23:1:19', 424);

insert into INVOICE ("id_invoice", "id_paiment_type", "purchase_time", "id_invoice_detail") values (410, 2, '2017-10-11 16:7:46', 424);

insert into INVOICE ("id_invoice", "id_paiment_type", "purchase_time", "id_invoice_detail") values (735, 2, '2017-2-5 2:56:51', 203);

insert into INVOICE ("id_invoice", "id_paiment_type", "purchase_time", "id_invoice_detail") values (881, 3, '2017-12-1 18:48:46', 15);

insert into INVOICE ("id_invoice", "id_paiment_type", "purchase_time", "id_invoice_detail") values (348, 2, '2017-11-29 18:39:1', 718);

insert into INVOICE ("id_invoice", "id_paiment_type", "purchase_time", "id_invoice_detail") values (146, 2, '2017-3-21 5:16:17', 15);

insert into INVOICE ("id_invoice", "id_paiment_type", "purchase_time", "id_invoice_detail") values (22, 9, '2017-7-18 11:27:49', 982);

insert into INVOICE ("id_invoice", "id_paiment_type", "purchase_time", "id_invoice_detail") values (929, 1, '2018-1-10 20:51:18', 203);

insert into INVOICE ("id_invoice", "id_paiment_type", "purchase_time", "id_invoice_detail") values (875, 4, '2017-11-15 17:56:24', 424);

insert into INVOICE ("id_invoice", "id_paiment_type", "purchase_time", "id_invoice_detail") values (675, 5, '2017-7-19 11:30:0', 135);

insert into INVOICE ("id_invoice", "id_paiment_type", "purchase_time", "id_invoice_detail") values (743, 3, '2018-1-26 21:39:4', 15);

insert into INVOICE ("id_invoice", "id_paiment_type", "purchase_time", "id_invoice_detail") values (412, 1, '2017-4-29 7:20:18', 15);

insert into INVOICE ("id_invoice", "id_paiment_type", "purchase_time", "id_invoice_detail") values (538, 1, '2017-4-14 6:32:19', 982);

insert into INVOICE ("id_invoice", "id_paiment_type", "purchase_time", "id_invoice_detail") values (612, 5, '2017-2-6 2:59:43', 203);

insert into INVOICE ("id_invoice", "id_paiment_type", "purchase_time", "id_invoice_detail") values (222, 8, '2017-12-2 18:53:12', 203);

insert into INVOICE ("id_invoice", "id_paiment_type", "purchase_time", "id_invoice_detail") values (718, 3, '2018-1-10 20:52:29', 135);

insert into INVOICE ("id_invoice", "id_paiment_type", "purchase_time", "id_invoice_detail") values (520, 9, '2017-9-18 14:56:21', 15);

insert into INVOICE ("id_invoice", "id_paiment_type", "purchase_time", "id_invoice_detail") values (350, 5, '2017-9-9 14:29:51', 424);

insert into INVOICE ("id_invoice", "id_paiment_type", "purchase_time", "id_invoice_detail") values (691, 9, '2017-6-2 9:2:12', 718);

insert into INVOICE ("id_invoice", "id_paiment_type", "purchase_time", "id_invoice_detail") values (288, 1, '2018-1-9 20:48:50', 424);

insert into INVOICE ("id_invoice", "id_paiment_type", "purchase_time", "id_invoice_detail") values (980, 1, '2018-2-10 22:24:13', 15);

insert into INVOICE ("id_invoice", "id_paiment_type", "purchase_time", "id_invoice_detail") values (496, 9, '2018-2-5 22:10:53', 544);

insert into INVOICE ("id_invoice", "id_paiment_type", "purchase_time", "id_invoice_detail") values (672, 8, '2017-9-20 15:4:40', 424);

insert into INVOICE ("id_invoice", "id_paiment_type", "purchase_time", "id_invoice_detail") values (92, 1, '2017-12-16 19:41:5', 437);

insert into INVOICE ("id_invoice", "id_paiment_type", "purchase_time", "id_invoice_detail") values (423, 4, '2017-9-11 14:33:56', 15);

insert into INVOICE ("id_invoice", "id_paiment_type", "purchase_time", "id_invoice_detail") values (116, 1, '2017-12-7 19:9:38', 203);

insert into INVOICE ("id_invoice", "id_paiment_type", "purchase_time", "id_invoice_detail") values (711, 9, '2017-3-29 5:41:20', 437);

insert into INVOICE ("id_invoice", "id_paiment_type", "purchase_time", "id_invoice_detail") values (805, 8, '2017-12-4 18:58:20', 718);

insert into INVOICE ("id_invoice", "id_paiment_type", "purchase_time", "id_invoice_detail") values (636, 4, '2017-4-2 5:57:8', 437);

insert into INVOICE ("id_invoice", "id_paiment_type", "purchase_time", "id_invoice_detail") values (1, 2, '2017-5-26 8:40:36', 15);

insert into INVOICE ("id_invoice", "id_paiment_type", "purchase_time", "id_invoice_detail") values (425, 7, '2017-7-12 11:9:41', 718);

insert into INVOICE ("id_invoice", "id_paiment_type", "purchase_time", "id_invoice_detail") values (535, 9, '2017-12-28 20:14:13', 424);

insert into INVOICE ("id_invoice", "id_paiment_type", "purchase_time", "id_invoice_detail") values (453, 4, '2017-5-23 8:33:57', 718);

insert into INVOICE ("id_invoice", "id_paiment_type", "purchase_time", "id_invoice_detail") values (578, 3, '2017-3-29 5:42:36', 718);

insert into INVOICE ("id_invoice", "id_paiment_type", "purchase_time", "id_invoice_detail") values (246, 2, '2017-3-10 4:39:43', 135);

insert into INVOICE ("id_invoice", "id_paiment_type", "purchase_time", "id_invoice_detail") values (181, 8, '2017-4-14 6:31:14', 718);

insert into INVOICE ("id_invoice", "id_paiment_type", "purchase_time", "id_invoice_detail") values (252, 5, '2017-12-13 19:32:28', 982);

insert into INVOICE ("id_invoice", "id_paiment_type", "purchase_time", "id_invoice_detail") values (872, 9, '2017-3-14 4:52:56', 544);

insert into INVOICE ("id_invoice", "id_paiment_type", "purchase_time", "id_invoice_detail") values (694, 7, '2017-10-23 16:45:9', 424);

insert into INVOICE ("id_invoice", "id_paiment_type", "purchase_time", "id_invoice_detail") values (234, 5, '2017-12-10 19:20:30', 718);

insert into INVOICE ("id_invoice", "id_paiment_type", "purchase_time", "id_invoice_detail") values (642, 9, '2018-1-29 21:51:1', 203);

insert into INVOICE ("id_invoice", "id_paiment_type", "purchase_time", "id_invoice_detail") values (125, 3, '2017-8-8 12:34:57', 437);

insert into INVOICE ("id_invoice", "id_paiment_type", "purchase_time", "id_invoice_detail") values (819, 7, '2017-11-26 18:30:26', 982);

insert into INVOICE ("id_invoice", "id_paiment_type", "purchase_time", "id_invoice_detail") values (377, 2, '2017-2-20 3:41:35', 15);

insert into INVOICE ("id_invoice", "id_paiment_type", "purchase_time", "id_invoice_detail") values (344, 8, '2017-12-17 19:42:46', 718);

insert into INVOICE ("id_invoice", "id_paiment_type", "purchase_time", "id_invoice_detail") values (793, 1, '2017-6-30 10:25:12', 15);

insert into INVOICE ("id_invoice", "id_paiment_type", "purchase_time", "id_invoice_detail") values (760, 9, '2017-10-17 16:27:20', 15);

insert into INVOICE ("id_invoice", "id_paiment_type", "purchase_time", "id_invoice_detail") values (685, 3, '2017-12-17 19:45:1', 718);

insert into INVOICE ("id_invoice", "id_paiment_type", "purchase_time", "id_invoice_detail") values (351, 1, '2017-5-16 8:16:23', 135);

insert into INVOICE ("id_invoice", "id_paiment_type", "purchase_time", "id_invoice_detail") values (791, 3, '2017-6-22 10:4:43', 15);

insert into INVOICE ("id_invoice", "id_paiment_type", "purchase_time", "id_invoice_detail") values (498, 5, '2017-1-3 1:9:49', 135);

insert into INVOICE ("id_invoice", "id_paiment_type", "purchase_time", "id_invoice_detail") values (899, 4, '2017-3-27 5:34:21', 15);

insert into INVOICE ("id_invoice", "id_paiment_type", "purchase_time", "id_invoice_detail") values (26, 2, '2017-2-1 2:44:19', 135);

insert into INVOICE ("id_invoice", "id_paiment_type", "purchase_time", "id_invoice_detail") values (918, 9, '2018-1-27 21:43:51', 982);

insert into INVOICE ("id_invoice", "id_paiment_type", "purchase_time", "id_invoice_detail") values (965, 5, '2017-12-12 19:26:22', 203);

insert into INVOICE ("id_invoice", "id_paiment_type", "purchase_time", "id_invoice_detail") values (93, 4, '2018-1-17 21:12:9', 437);

insert into INVOICE ("id_invoice", "id_paiment_type", "purchase_time", "id_invoice_detail") values (483, 2, '2018-2-2 22:3:2', 437);

insert into INVOICE ("id_invoice", "id_paiment_type", "purchase_time", "id_invoice_detail") values (400, 4, '2018-2-9 22:21:34', 424);

insert into INVOICE ("id_invoice", "id_paiment_type", "purchase_time", "id_invoice_detail") values (87, 7, '2017-6-5 9:10:39', 424);

insert into INVOICE ("id_invoice", "id_paiment_type", "purchase_time", "id_invoice_detail") values (272, 4, '2017-11-19 18:8:9', 437);

insert into INVOICE ("id_invoice", "id_paiment_type", "purchase_time", "id_invoice_detail") values (744, 8, '2017-9-5 14:14:51', 203);

insert into INVOICE ("id_invoice", "id_paiment_type", "purchase_time", "id_invoice_detail") values (577, 4, '2018-1-1 20:28:8', 15);

insert into INVOICE ("id_invoice", "id_paiment_type", "purchase_time", "id_invoice_detail") values (585, 1, '2017-9-25 15:17:34', 437);

insert into INVOICE ("id_invoice", "id_paiment_type", "purchase_time", "id_invoice_detail") values (502, 2, '2017-10-17 16:29:20', 437);

insert into INVOICE ("id_invoice", "id_paiment_type", "purchase_time", "id_invoice_detail") values (956, 7, '2017-1-17 1:54:25', 437);

insert into INVOICE ("id_invoice", "id_paiment_type", "purchase_time", "id_invoice_detail") values (765, 1, '2017-6-14 9:39:7', 424);

insert into INVOICE ("id_invoice", "id_paiment_type", "purchase_time", "id_invoice_detail") values (544, 3, '2017-6-10 9:26:4', 718);

insert into INVOICE ("id_invoice", "id_paiment_type", "purchase_time", "id_invoice_detail") values (565, 4, '2017-12-11 19:24:33', 15);

insert into INVOICE ("id_invoice", "id_paiment_type", "purchase_time", "id_invoice_detail") values (265, 8, '2018-1-26 21:40:11', 203);

insert into INVOICE ("id_invoice", "id_paiment_type", "purchase_time", "id_invoice_detail") values (876, 3, '2018-1-28 21:46:50', 544);

insert into INVOICE ("id_invoice", "id_paiment_type", "purchase_time", "id_invoice_detail") values (185, 3, '2017-8-12 12:51:14', 135);

insert into INVOICE ("id_invoice", "id_paiment_type", "purchase_time", "id_invoice_detail") values (799, 4, '2017-9-3 14:8:36', 437);

insert into INVOICE ("id_invoice", "id_paiment_type", "purchase_time", "id_invoice_detail") values (618, 9, '2017-9-5 14:16:17', 544);

insert into INVOICE ("id_invoice", "id_paiment_type", "purchase_time", "id_invoice_detail") values (728, 3, '2018-1-27 21:45:3', 437);

insert into INVOICE ("id_invoice", "id_paiment_type", "purchase_time", "id_invoice_detail") values (316, 2, '2017-10-22 16:41:30', 437);

insert into INVOICE ("id_invoice", "id_paiment_type", "purchase_time", "id_invoice_detail") values (209, 2, '2017-5-28 8:48:2', 135);

insert into INVOICE ("id_invoice", "id_paiment_type", "purchase_time", "id_invoice_detail") values (729, 3, '2017-4-3 5:59:43', 135);

insert into INVOICE ("id_invoice", "id_paiment_type", "purchase_time", "id_invoice_detail") values (446, 8, '2018-2-21 22:59:55', 544);

insert into INVOICE ("id_invoice", "id_paiment_type", "purchase_time", "id_invoice_detail") values (86, 9, '2018-2-22 23:2:22', 718);

insert into INVOICE ("id_invoice", "id_paiment_type", "purchase_time", "id_invoice_detail") values (284, 7, '2017-10-31 17:10:31', 135);

insert into INVOICE ("id_invoice", "id_paiment_type", "purchase_time", "id_invoice_detail") values (340, 8, '2017-3-26 5:31:13', 544);

insert into INVOICE ("id_invoice", "id_paiment_type", "purchase_time", "id_invoice_detail") values (358, 4, '2017-3-23 5:21:13', 203);

insert into INVOICE ("id_invoice", "id_paiment_type", "purchase_time", "id_invoice_detail") values (4, 1, '2017-3-15 4:56:10', 982);

insert into INVOICE ("id_invoice", "id_paiment_type", "purchase_time", "id_invoice_detail") values (349, 1, '2018-1-5 20:40:43', 544);

insert into INVOICE ("id_invoice", "id_paiment_type", "purchase_time", "id_invoice_detail") values (240, 3, '2017-1-5 1:16:3', 15);

insert into INVOICE ("id_invoice", "id_paiment_type", "purchase_time", "id_invoice_detail") values (369, 8, '2017-8-18 13:13:24', 135);

insert into INVOICE ("id_invoice", "id_paiment_type", "purchase_time", "id_invoice_detail") values (459, 9, '2018-2-17 22:45:16', 203);

insert into INVOICE ("id_invoice", "id_paiment_type", "purchase_time", "id_invoice_detail") values (298, 2, '2017-3-6 4:27:46', 982);

insert into INVOICE ("id_invoice", "id_paiment_type", "purchase_time", "id_invoice_detail") values (269, 4, '2017-7-2 10:33:16', 544);

insert into INVOICE ("id_invoice", "id_paiment_type", "purchase_time", "id_invoice_detail") values (44, 4, '2017-6-2 9:1:19', 718);

insert into INVOICE ("id_invoice", "id_paiment_type", "purchase_time", "id_invoice_detail") values (907, 3, '2017-2-22 3:49:29', 718);

insert into INVOICE ("id_invoice", "id_paiment_type", "purchase_time", "id_invoice_detail") values (279, 3, '2017-3-11 4:45:32', 424);

insert into INVOICE ("id_invoice", "id_paiment_type", "purchase_time", "id_invoice_detail") values (456, 5, '2018-1-2 20:29:58', 544);

insert into INVOICE ("id_invoice", "id_paiment_type", "purchase_time", "id_invoice_detail") values (741, 1, '2017-9-16 14:50:15', 544);

insert into INVOICE ("id_invoice", "id_paiment_type", "purchase_time", "id_invoice_detail") values (508, 9, '2017-12-23 20:1:1', 203);

insert into INVOICE ("id_invoice", "id_paiment_type", "purchase_time", "id_invoice_detail") values (553, 9, '2017-7-17 11:25:26', 718);

insert into INVOICE ("id_invoice", "id_paiment_type", "purchase_time", "id_invoice_detail") values (476, 5, '2017-3-14 4:51:25', 15);

insert into INVOICE ("id_invoice", "id_paiment_type", "purchase_time", "id_invoice_detail") values (481, 9, '2018-1-7 20:46:35', 15);

insert into INVOICE ("id_invoice", "id_paiment_type", "purchase_time", "id_invoice_detail") values (442, 4, '2017-5-5 7:37:8', 544);

insert into INVOICE ("id_invoice", "id_paiment_type", "purchase_time", "id_invoice_detail") values (250, 2, '2018-1-2 20:32:53', 982);

insert into INVOICE ("id_invoice", "id_paiment_type", "purchase_time", "id_invoice_detail") values (411, 7, '2017-9-16 14:51:0', 135);

insert into INVOICE ("id_invoice", "id_paiment_type", "purchase_time", "id_invoice_detail") values (624, 8, '2018-1-1 20:29:10', 982);

insert into INVOICE ("id_invoice", "id_paiment_type", "purchase_time", "id_invoice_detail") values (530, 2, '2017-8-19 13:16:20', 544);

insert into INVOICE ("id_invoice", "id_paiment_type", "purchase_time", "id_invoice_detail") values (702, 2, '2017-9-7 14:21:19', 424);

insert into INVOICE ("id_invoice", "id_paiment_type", "purchase_time", "id_invoice_detail") values (674, 2, '2017-3-7 4:30:23', 135);

insert into INVOICE ("id_invoice", "id_paiment_type", "purchase_time", "id_invoice_detail") values (493, 4, '2017-1-17 1:57:31', 982);

insert into INVOICE ("id_invoice", "id_paiment_type", "purchase_time", "id_invoice_detail") values (335, 3, '2017-2-14 3:25:5', 718);

insert into INVOICE ("id_invoice", "id_paiment_type", "purchase_time", "id_invoice_detail") values (504, 1, '2017-2-24 3:57:39', 135);

insert into INVOICE ("id_invoice", "id_paiment_type", "purchase_time", "id_invoice_detail") values (657, 9, '2018-1-2 20:31:33', 203);

insert into INVOICE ("id_invoice", "id_paiment_type", "purchase_time", "id_invoice_detail") values (679, 4, '2017-5-4 7:35:39', 437);

insert into INVOICE ("id_invoice", "id_paiment_type", "purchase_time", "id_invoice_detail") values (739, 3, '2017-7-31 12:7:27', 544);

insert into INVOICE ("id_invoice", "id_paiment_type", "purchase_time", "id_invoice_detail") values (29, 2, '2018-3-1 23:23:16', 982);

insert into INVOICE ("id_invoice", "id_paiment_type", "purchase_time", "id_invoice_detail") values (407, 3, '2018-2-15 22:40:44', 982);

insert into INVOICE ("id_invoice", "id_paiment_type", "purchase_time", "id_invoice_detail") values (200, 7, '2017-2-15 3:26:37', 982);

insert into INVOICE ("id_invoice", "id_paiment_type", "purchase_time", "id_invoice_detail") values (573, 9, '2018-2-24 23:4:0', 203);

insert into INVOICE ("id_invoice", "id_paiment_type", "purchase_time", "id_invoice_detail") values (838, 4, '2018-2-26 23:13:57', 982);

insert into INVOICE ("id_invoice", "id_paiment_type", "purchase_time", "id_invoice_detail") values (816, 8, '2017-4-6 6:4:55', 15);

insert into INVOICE ("id_invoice", "id_paiment_type", "purchase_time", "id_invoice_detail") values (56, 3, '2017-5-19 8:24:17', 437);

insert into INVOICE ("id_invoice", "id_paiment_type", "purchase_time", "id_invoice_detail") values (630, 5, '2018-1-15 21:5:36', 15);

insert into INVOICE ("id_invoice", "id_paiment_type", "purchase_time", "id_invoice_detail") values (518, 8, '2017-7-10 11:2:28', 718);

insert into INVOICE ("id_invoice", "id_paiment_type", "purchase_time", "id_invoice_detail") values (583, 9, '2017-9-18 14:54:55', 982);

insert into INVOICE ("id_invoice", "id_paiment_type", "purchase_time", "id_invoice_detail") values (28, 7, '2017-2-15 3:25:56', 424);

insert into INVOICE ("id_invoice", "id_paiment_type", "purchase_time", "id_invoice_detail") values (820, 7, '2017-2-20 3:44:48', 424);

insert into INVOICE ("id_invoice", "id_paiment_type", "purchase_time", "id_invoice_detail") values (98, 5, '2018-1-4 20:38:39', 424);

insert into INVOICE ("id_invoice", "id_paiment_type", "purchase_time", "id_invoice_detail") values (581, 8, '2017-6-25 10:11:6', 437);

insert into INVOICE ("id_invoice", "id_paiment_type", "purchase_time", "id_invoice_detail") values (895, 1, '2018-1-10 20:53:28', 718);

insert into INVOICE ("id_invoice", "id_paiment_type", "purchase_time", "id_invoice_detail") values (270, 3, '2017-4-19 6:46:55', 203);

insert into INVOICE ("id_invoice", "id_paiment_type", "purchase_time", "id_invoice_detail") values (431, 7, '2018-2-21 22:58:47', 544);

insert into INVOICE ("id_invoice", "id_paiment_type", "purchase_time", "id_invoice_detail") values (911, 5, '2017-2-25 4:0:34', 544);

insert into INVOICE ("id_invoice", "id_paiment_type", "purchase_time", "id_invoice_detail") values (134, 4, '2017-7-27 11:53:29', 437);

insert into INVOICE ("id_invoice", "id_paiment_type", "purchase_time", "id_invoice_detail") values (828, 3, '2018-1-30 21:54:40', 135);

insert into INVOICE ("id_invoice", "id_paiment_type", "purchase_time", "id_invoice_detail") values (949, 4, '2018-1-4 20:37:22', 544);

insert into INVOICE ("id_invoice", "id_paiment_type", "purchase_time", "id_invoice_detail") values (710, 1, '2017-8-25 13:37:2', 982);

insert into INVOICE ("id_invoice", "id_paiment_type", "purchase_time", "id_invoice_detail") values (506, 2, '2017-11-16 17:58:2', 544);

insert into INVOICE ("id_invoice", "id_paiment_type", "purchase_time", "id_invoice_detail") values (963, 4, '2017-9-30 15:30:34', 15);

insert into INVOICE ("id_invoice", "id_paiment_type", "purchase_time", "id_invoice_detail") values (84, 9, '2017-6-12 9:31:6', 15);

insert into INVOICE ("id_invoice", "id_paiment_type", "purchase_time", "id_invoice_detail") values (228, 4, '2017-4-6 6:8:36', 135);

insert into INVOICE ("id_invoice", "id_paiment_type", "purchase_time", "id_invoice_detail") values (946, 3, '2017-11-12 17:49:21', 982);

insert into INVOICE ("id_invoice", "id_paiment_type", "purchase_time", "id_invoice_detail") values (775, 5, '2017-6-23 10:8:36', 982);

insert into INVOICE ("id_invoice", "id_paiment_type", "purchase_time", "id_invoice_detail") values (811, 2, '2017-7-21 11:35:26', 424);

insert into INVOICE ("id_invoice", "id_paiment_type", "purchase_time", "id_invoice_detail") values (883, 9, '2017-7-13 11:15:10', 15);

insert into INVOICE ("id_invoice", "id_paiment_type", "purchase_time", "id_invoice_detail") values (848, 4, '2017-9-2 14:5:10', 424);

insert into INVOICE ("id_invoice", "id_paiment_type", "purchase_time", "id_invoice_detail") values (447, 1, '2017-9-6 14:19:33', 437);

insert into INVOICE ("id_invoice", "id_paiment_type", "purchase_time", "id_invoice_detail") values (880, 8, '2017-2-10 3:16:10', 437);

insert into INVOICE ("id_invoice", "id_paiment_type", "purchase_time", "id_invoice_detail") values (129, 9, '2017-6-15 9:43:8', 203);

insert into INVOICE ("id_invoice", "id_paiment_type", "purchase_time", "id_invoice_detail") values (756, 9, '2017-7-26 11:50:8', 544);

insert into INVOICE ("id_invoice", "id_paiment_type", "purchase_time", "id_invoice_detail") values (469, 5, '2017-3-2 4:18:48', 135);

insert into INVOICE ("id_invoice", "id_paiment_type", "purchase_time", "id_invoice_detail") values (416, 8, '2017-7-23 11:41:19', 15);

insert into INVOICE ("id_invoice", "id_paiment_type", "purchase_time", "id_invoice_detail") values (35, 8, '2018-2-1 22:0:22', 718);

insert into INVOICE ("id_invoice", "id_paiment_type", "purchase_time", "id_invoice_detail") values (817, 2, '2017-2-24 3:53:13', 437);

insert into INVOICE ("id_invoice", "id_paiment_type", "purchase_time", "id_invoice_detail") values (516, 9, '2017-5-9 7:48:24', 544);

insert into INVOICE ("id_invoice", "id_paiment_type", "purchase_time", "id_invoice_detail") values (523, 4, '2017-6-15 9:41:17', 15);

insert into INVOICE ("id_invoice", "id_paiment_type", "purchase_time", "id_invoice_detail") values (100, 1, '2017-7-8 10:57:11', 424);

insert into INVOICE ("id_invoice", "id_paiment_type", "purchase_time", "id_invoice_detail") values (977, 2, '2018-2-16 22:42:39', 544);

insert into INVOICE ("id_invoice", "id_paiment_type", "purchase_time", "id_invoice_detail") values (490, 3, '2017-9-2 14:3:40', 15);

insert into INVOICE ("id_invoice", "id_paiment_type", "purchase_time", "id_invoice_detail") values (392, 1, '2017-11-26 18:31:56', 424);

insert into INVOICE ("id_invoice", "id_paiment_type", "purchase_time", "id_invoice_detail") values (701, 4, '2017-1-1 1:1:1', 203);

insert into INVOICE ("id_invoice", "id_paiment_type", "purchase_time", "id_invoice_detail") values (119, 5, '2017-12-3 18:57:30', 982);

insert into INVOICE ("id_invoice", "id_paiment_type", "purchase_time", "id_invoice_detail") values (8, 3, '2017-7-4 10:43:11', 718);

insert into INVOICE ("id_invoice", "id_paiment_type", "purchase_time", "id_invoice_detail") values (604, 9, '2017-5-4 7:34:55', 15);

insert into INVOICE ("id_invoice", "id_paiment_type", "purchase_time", "id_invoice_detail") values (489, 1, '2017-5-1 7:24:49', 437);

insert into INVOICE ("id_invoice", "id_paiment_type", "purchase_time", "id_invoice_detail") values (42, 8, '2018-1-7 20:45:11', 424);

insert into INVOICE ("id_invoice", "id_paiment_type", "purchase_time", "id_invoice_detail") values (80, 5, '2017-8-27 13:45:21', 544);

insert into INVOICE ("id_invoice", "id_paiment_type", "purchase_time", "id_invoice_detail") values (800, 1, '2018-1-18 21:15:37', 544);

insert into INVOICE ("id_invoice", "id_paiment_type", "purchase_time", "id_invoice_detail") values (205, 8, '2017-1-13 1:40:20', 437);

insert into INVOICE ("id_invoice", "id_paiment_type", "purchase_time", "id_invoice_detail") values (833, 2, '2018-2-20 22:56:58', 424);

insert into INVOICE ("id_invoice", "id_paiment_type", "purchase_time", "id_invoice_detail") values (709, 3, '2017-1-12 1:35:11', 982);

insert into INVOICE ("id_invoice", "id_paiment_type", "purchase_time", "id_invoice_detail") values (733, 8, '2017-4-1 5:52:0', 135);

insert into INVOICE ("id_invoice", "id_paiment_type", "purchase_time", "id_invoice_detail") values (891, 7, '2017-3-31 5:49:36', 544);

insert into INVOICE ("id_invoice", "id_paiment_type", "purchase_time", "id_invoice_detail") values (273, 8, '2017-7-2 10:34:48', 437);

insert into INVOICE ("id_invoice", "id_paiment_type", "purchase_time", "id_invoice_detail") values (422, 9, '2017-8-31 13:59:40', 424);

insert into INVOICE ("id_invoice", "id_paiment_type", "purchase_time", "id_invoice_detail") values (68, 8, '2017-4-26 7:9:33', 135);

insert into INVOICE ("id_invoice", "id_paiment_type", "purchase_time", "id_invoice_detail") values (810, 9, '2017-1-25 2:25:4', 982);

insert into INVOICE ("id_invoice", "id_paiment_type", "purchase_time", "id_invoice_detail") values (763, 3, '2017-11-23 18:21:46', 544);

insert into INVOICE ("id_invoice", "id_paiment_type", "purchase_time", "id_invoice_detail") values (641, 7, '2017-1-21 2:11:51', 437);

insert into INVOICE ("id_invoice", "id_paiment_type", "purchase_time", "id_invoice_detail") values (448, 1, '2017-12-11 19:23:10', 15);

insert into INVOICE ("id_invoice", "id_paiment_type", "purchase_time", "id_invoice_detail") values (103, 1, '2018-1-12 20:59:2', 135);

insert into INVOICE ("id_invoice", "id_paiment_type", "purchase_time", "id_invoice_detail") values (972, 1, '2017-8-25 13:42:29', 15);

insert into INVOICE ("id_invoice", "id_paiment_type", "purchase_time", "id_invoice_detail") values (207, 9, '2017-5-11 7:53:52', 437);

insert into INVOICE ("id_invoice", "id_paiment_type", "purchase_time", "id_invoice_detail") values (525, 1, '2017-10-26 16:56:41', 982);

insert into INVOICE ("id_invoice", "id_paiment_type", "purchase_time", "id_invoice_detail") values (753, 3, '2017-1-2 1:7:56', 544);

insert into INVOICE ("id_invoice", "id_paiment_type", "purchase_time", "id_invoice_detail") values (589, 9, '2017-1-14 1:41:27', 982);

insert into INVOICE ("id_invoice", "id_paiment_type", "purchase_time", "id_invoice_detail") values (77, 3, '2017-4-30 7:21:9', 982);

insert into INVOICE ("id_invoice", "id_paiment_type", "purchase_time", "id_invoice_detail") values (725, 4, '2017-1-15 1:45:37', 203);

insert into INVOICE ("id_invoice", "id_paiment_type", "purchase_time", "id_invoice_detail") values (682, 3, '2017-5-10 7:51:19', 424);

insert into INVOICE ("id_invoice", "id_paiment_type", "purchase_time", "id_invoice_detail") values (871, 4, '2017-8-13 12:54:58', 437);

insert into INVOICE ("id_invoice", "id_paiment_type", "purchase_time", "id_invoice_detail") values (979, 1, '2017-8-29 13:50:41', 424);

insert into INVOICE ("id_invoice", "id_paiment_type", "purchase_time", "id_invoice_detail") values (567, 4, '2017-5-2 7:27:52', 982);

insert into INVOICE ("id_invoice", "id_paiment_type", "purchase_time", "id_invoice_detail") values (155, 8, '2017-4-2 5:55:40', 982);

insert into INVOICE ("id_invoice", "id_paiment_type", "purchase_time", "id_invoice_detail") values (860, 4, '2018-2-11 22:26:37', 135);

insert into INVOICE ("id_invoice", "id_paiment_type", "purchase_time", "id_invoice_detail") values (809, 3, '2017-7-7 10:52:6', 718);

insert into INVOICE ("id_invoice", "id_paiment_type", "purchase_time", "id_invoice_detail") values (732, 4, '2017-4-6 6:6:46', 424);

insert into INVOICE ("id_invoice", "id_paiment_type", "purchase_time", "id_invoice_detail") values (484, 3, '2017-6-20 9:56:22', 982);

insert into INVOICE ("id_invoice", "id_paiment_type", "purchase_time", "id_invoice_detail") values (159, 4, '2018-3-4 23:36:12', 544);

insert into INVOICE ("id_invoice", "id_paiment_type", "purchase_time", "id_invoice_detail") values (568, 3, '2017-9-22 15:9:51', 437);

insert into INVOICE ("id_invoice", "id_paiment_type", "purchase_time", "id_invoice_detail") values (615, 8, '2017-7-21 11:34:39', 15);

insert into INVOICE ("id_invoice", "id_paiment_type", "purchase_time", "id_invoice_detail") values (294, 5, '2017-12-24 20:5:24', 437);

insert into INVOICE ("id_invoice", "id_paiment_type", "purchase_time", "id_invoice_detail") values (905, 9, '2017-11-14 17:55:39', 718);

insert into INVOICE ("id_invoice", "id_paiment_type", "purchase_time", "id_invoice_detail") values (750, 2, '2017-11-19 18:6:24', 982);

insert into INVOICE ("id_invoice", "id_paiment_type", "purchase_time", "id_invoice_detail") values (993, 2, '2017-7-17 11:26:28', 982);

insert into INVOICE ("id_invoice", "id_paiment_type", "purchase_time", "id_invoice_detail") values (449, 7, '2017-12-7 19:12:5', 15);

insert into INVOICE ("id_invoice", "id_paiment_type", "purchase_time", "id_invoice_detail") values (778, 4, '2017-12-8 19:14:54', 135);

insert into INVOICE ("id_invoice", "id_paiment_type", "purchase_time", "id_invoice_detail") values (610, 4, '2017-1-29 2:36:40', 203);

insert into INVOICE ("id_invoice", "id_paiment_type", "purchase_time", "id_invoice_detail") values (318, 1, '2017-7-5 10:44:56', 15);

insert into INVOICE ("id_invoice", "id_paiment_type", "purchase_time", "id_invoice_detail") values (104, 3, '2017-6-21 10:3:48', 15);

insert into INVOICE ("id_invoice", "id_paiment_type", "purchase_time", "id_invoice_detail") values (357, 4, '2017-3-22 5:19:23', 135);

insert into INVOICE ("id_invoice", "id_paiment_type", "purchase_time", "id_invoice_detail") values (671, 1, '2017-1-19 2:5:51', 718);

insert into INVOICE ("id_invoice", "id_paiment_type", "purchase_time", "id_invoice_detail") values (677, 3, '2017-5-7 7:41:27', 982);

insert into INVOICE ("id_invoice", "id_paiment_type", "purchase_time", "id_invoice_detail") values (225, 9, '2017-11-7 17:33:5', 203);

insert into INVOICE ("id_invoice", "id_paiment_type", "purchase_time", "id_invoice_detail") values (952, 2, '2017-10-10 16:2:52', 718);

insert into INVOICE ("id_invoice", "id_paiment_type", "purchase_time", "id_invoice_detail") values (388, 8, '2017-8-11 12:49:17', 15);

insert into INVOICE ("id_invoice", "id_paiment_type", "purchase_time", "id_invoice_detail") values (54, 4, '2018-2-12 22:31:3', 203);

insert into INVOICE ("id_invoice", "id_paiment_type", "purchase_time", "id_invoice_detail") values (264, 3, '2017-4-28 7:16:27', 718);

insert into INVOICE ("id_invoice", "id_paiment_type", "purchase_time", "id_invoice_detail") values (549, 8, '2017-4-24 7:1:6', 203);

insert into INVOICE ("id_invoice", "id_paiment_type", "purchase_time", "id_invoice_detail") values (713, 7, '2017-1-16 1:52:34', 203);

insert into INVOICE ("id_invoice", "id_paiment_type", "purchase_time", "id_invoice_detail") values (559, 1, '2017-10-25 16:50:47', 718);

insert into INVOICE ("id_invoice", "id_paiment_type", "purchase_time", "id_invoice_detail") values (910, 8, '2017-10-29 17:4:21', 15);

insert into INVOICE ("id_invoice", "id_paiment_type", "purchase_time", "id_invoice_detail") values (196, 9, '2017-12-24 20:3:47', 203);

insert into INVOICE ("id_invoice", "id_paiment_type", "purchase_time", "id_invoice_detail") values (908, 4, '2018-2-7 22:14:43', 982);

insert into INVOICE ("id_invoice", "id_paiment_type", "purchase_time", "id_invoice_detail") values (215, 7, '2017-1-17 1:55:42', 982);

insert into INVOICE ("id_invoice", "id_paiment_type", "purchase_time", "id_invoice_detail") values (736, 1, '2018-2-4 22:9:8', 15);

insert into INVOICE ("id_invoice", "id_paiment_type", "purchase_time", "id_invoice_detail") values (221, 5, '2017-2-21 3:47:2', 135);

insert into INVOICE ("id_invoice", "id_paiment_type", "purchase_time", "id_invoice_detail") values (656, 4, '2017-10-4 15:46:29', 15);

insert into INVOICE ("id_invoice", "id_paiment_type", "purchase_time", "id_invoice_detail") values (362, 1, '2017-7-6 10:49:13', 437);

insert into INVOICE ("id_invoice", "id_paiment_type", "purchase_time", "id_invoice_detail") values (796, 3, '2018-1-24 21:35:24', 718);

insert into INVOICE ("id_invoice", "id_paiment_type", "purchase_time", "id_invoice_detail") values (684, 4, '2017-8-2 12:14:15', 203);

insert into INVOICE ("id_invoice", "id_paiment_type", "purchase_time", "id_invoice_detail") values (71, 7, '2017-12-5 19:3:32', 135);

insert into INVOICE ("id_invoice", "id_paiment_type", "purchase_time", "id_invoice_detail") values (746, 3, '2017-1-24 2:23:47', 15);

insert into INVOICE ("id_invoice", "id_paiment_type", "purchase_time", "id_invoice_detail") values (563, 9, '2017-4-18 6:41:41', 203);

insert into INVOICE ("id_invoice", "id_paiment_type", "purchase_time", "id_invoice_detail") values (271, 2, '2017-3-11 4:43:35', 982);

insert into INVOICE ("id_invoice", "id_paiment_type", "purchase_time", "id_invoice_detail") values (867, 5, '2018-2-25 23:11:24', 424);

insert into INVOICE ("id_invoice", "id_paiment_type", "purchase_time", "id_invoice_detail") values (787, 2, '2017-3-12 4:47:28', 718);

insert into INVOICE ("id_invoice", "id_paiment_type", "purchase_time", "id_invoice_detail") values (622, 5, '2017-2-28 4:10:21', 718);

insert into INVOICE ("id_invoice", "id_paiment_type", "purchase_time", "id_invoice_detail") values (663, 5, '2017-9-3 14:7:46', 982);

insert into INVOICE ("id_invoice", "id_paiment_type", "purchase_time", "id_invoice_detail") values (33, 5, '2017-12-31 20:23:43', 135);

insert into INVOICE ("id_invoice", "id_paiment_type", "purchase_time", "id_invoice_detail") values (689, 7, '2017-8-6 12:31:1', 135);

insert into INVOICE ("id_invoice", "id_paiment_type", "purchase_time", "id_invoice_detail") values (173, 8, '2017-8-22 13:28:37', 982);

insert into INVOICE ("id_invoice", "id_paiment_type", "purchase_time", "id_invoice_detail") values (562, 1, '2017-4-11 6:24:13', 544);

insert into INVOICE ("id_invoice", "id_paiment_type", "purchase_time", "id_invoice_detail") values (292, 7, '2017-1-12 1:36:59', 424);

insert into INVOICE ("id_invoice", "id_paiment_type", "purchase_time", "id_invoice_detail") values (460, 2, '2017-1-28 2:32:25', 424);

insert into INVOICE ("id_invoice", "id_paiment_type", "purchase_time", "id_invoice_detail") values (845, 4, '2017-3-9 4:37:10', 15);

insert into INVOICE ("id_invoice", "id_paiment_type", "purchase_time", "id_invoice_detail") values (337, 2, '2017-10-11 16:6:21', 718);

insert into INVOICE ("id_invoice", "id_paiment_type", "purchase_time", "id_invoice_detail") values (21, 4, '2017-2-6 3:1:14', 718);

insert into INVOICE ("id_invoice", "id_paiment_type", "purchase_time", "id_invoice_detail") values (931, 5, '2017-6-3 9:4:59', 424);

insert into INVOICE ("id_invoice", "id_paiment_type", "purchase_time", "id_invoice_detail") values (307, 4, '2017-2-17 3:32:10', 15);

insert into INVOICE ("id_invoice", "id_paiment_type", "purchase_time", "id_invoice_detail") values (533, 8, '2017-8-2 12:16:16', 718);

insert into INVOICE ("id_invoice", "id_paiment_type", "purchase_time", "id_invoice_detail") values (450, 9, '2017-4-11 6:20:43', 135);

insert into INVOICE ("id_invoice", "id_paiment_type", "purchase_time", "id_invoice_detail") values (945, 7, '2017-7-15 11:21:19', 203);

insert into INVOICE ("id_invoice", "id_paiment_type", "purchase_time", "id_invoice_detail") values (346, 9, '2017-9-13 14:42:11', 424);

insert into INVOICE ("id_invoice", "id_paiment_type", "purchase_time", "id_invoice_detail") values (191, 2, '2017-12-31 20:22:55', 982);

insert into INVOICE ("id_invoice", "id_paiment_type", "purchase_time", "id_invoice_detail") values (886, 1, '2017-9-3 14:10:1', 135);

insert into INVOICE ("id_invoice", "id_paiment_type", "purchase_time", "id_invoice_detail") values (638, 9, '2018-2-8 22:16:4', 135);

insert into INVOICE ("id_invoice", "id_paiment_type", "purchase_time", "id_invoice_detail") values (620, 2, '2017-3-12 4:46:40', 718);

insert into INVOICE ("id_invoice", "id_paiment_type", "purchase_time", "id_invoice_detail") values (893, 8, '2017-12-13 19:34:2', 544);

insert into INVOICE ("id_invoice", "id_paiment_type", "purchase_time", "id_invoice_detail") values (983, 9, '2017-11-6 17:28:47', 718);

insert into INVOICE ("id_invoice", "id_paiment_type", "purchase_time", "id_invoice_detail") values (179, 5, '2017-5-22 8:32:21', 982);

insert into INVOICE ("id_invoice", "id_paiment_type", "purchase_time", "id_invoice_detail") values (118, 4, '2017-11-2 17:16:52', 135);

insert into INVOICE ("id_invoice", "id_paiment_type", "purchase_time", "id_invoice_detail") values (950, 9, '2017-1-11 1:33:7', 15);

insert into INVOICE ("id_invoice", "id_paiment_type", "purchase_time", "id_invoice_detail") values (64, 9, '2018-1-29 21:52:10', 135);

insert into INVOICE ("id_invoice", "id_paiment_type", "purchase_time", "id_invoice_detail") values (366, 5, '2017-7-15 11:19:27', 718);

insert into INVOICE ("id_invoice", "id_paiment_type", "purchase_time", "id_invoice_detail") values (16, 4, '2017-3-8 4:34:29', 203);

insert into INVOICE ("id_invoice", "id_paiment_type", "purchase_time", "id_invoice_detail") values (152, 9, '2017-7-29 12:0:58', 544);

insert into INVOICE ("id_invoice", "id_paiment_type", "purchase_time", "id_invoice_detail") values (835, 8, '2017-1-7 1:22:27', 437);

insert into INVOICE ("id_invoice", "id_paiment_type", "purchase_time", "id_invoice_detail") values (777, 3, '2017-6-12 9:32:58', 203);

insert into INVOICE ("id_invoice", "id_paiment_type", "purchase_time", "id_invoice_detail") values (935, 1, '2017-10-2 15:37:31', 437);

insert into INVOICE ("id_invoice", "id_paiment_type", "purchase_time", "id_invoice_detail") values (973, 3, '2017-1-29 2:34:40', 203);

insert into INVOICE ("id_invoice", "id_paiment_type", "purchase_time", "id_invoice_detail") values (570, 3, '2017-4-10 6:19:12', 424);

insert into INVOICE ("id_invoice", "id_paiment_type", "purchase_time", "id_invoice_detail") values (13, 2, '2017-9-29 15:26:35', 15);

insert into INVOICE ("id_invoice", "id_paiment_type", "purchase_time", "id_invoice_detail") values (494, 8, '2017-11-11 17:45:2', 982);

insert into INVOICE ("id_invoice", "id_paiment_type", "purchase_time", "id_invoice_detail") values (376, 8, '2018-2-3 22:4:7', 203);

insert into INVOICE ("id_invoice", "id_paiment_type", "purchase_time", "id_invoice_detail") values (336, 1, '2018-1-16 21:9:51', 544);

insert into INVOICE ("id_invoice", "id_paiment_type", "purchase_time", "id_invoice_detail") values (230, 5, '2017-5-30 8:52:36', 437);

insert into INVOICE ("id_invoice", "id_paiment_type", "purchase_time", "id_invoice_detail") values (368, 4, '2017-1-7 1:23:46', 203);

insert into INVOICE ("id_invoice", "id_paiment_type", "purchase_time", "id_invoice_detail") values (312, 7, '2017-8-7 12:31:47', 15);

insert into INVOICE ("id_invoice", "id_paiment_type", "purchase_time", "id_invoice_detail") values (600, 2, '2017-6-29 10:23:48', 718);

insert into INVOICE ("id_invoice", "id_paiment_type", "purchase_time", "id_invoice_detail") values (289, 7, '2017-12-20 19:52:36', 982);

insert into INVOICE ("id_invoice", "id_paiment_type", "purchase_time", "id_invoice_detail") values (148, 9, '2017-2-4 2:53:47', 15);

insert into INVOICE ("id_invoice", "id_paiment_type", "purchase_time", "id_invoice_detail") values (670, 1, '2017-6-28 10:21:0', 718);

insert into INVOICE ("id_invoice", "id_paiment_type", "purchase_time", "id_invoice_detail") values (839, 3, '2017-7-10 11:0:57', 203);

insert into INVOICE ("id_invoice", "id_paiment_type", "purchase_time", "id_invoice_detail") values (924, 7, '2017-12-30 20:20:7', 718);

insert into INVOICE ("id_invoice", "id_paiment_type", "purchase_time", "id_invoice_detail") values (500, 3, '2017-9-26 15:20:21', 203);

insert into INVOICE ("id_invoice", "id_paiment_type", "purchase_time", "id_invoice_detail") values (783, 9, '2017-2-3 2:47:59', 424);

insert into INVOICE ("id_invoice", "id_paiment_type", "purchase_time", "id_invoice_detail") values (10, 5, '2017-6-12 9:34:29', 203);

insert into INVOICE ("id_invoice", "id_paiment_type", "purchase_time", "id_invoice_detail") values (627, 8, '2017-1-8 1:27:18', 544);

insert into INVOICE ("id_invoice", "id_paiment_type", "purchase_time", "id_invoice_detail") values (14, 2, '2017-3-24 5:24:59', 424);

insert into INVOICE ("id_invoice", "id_paiment_type", "purchase_time", "id_invoice_detail") values (25, 9, '2017-12-6 19:4:46', 424);

insert into INVOICE ("id_invoice", "id_paiment_type", "purchase_time", "id_invoice_detail") values (381, 3, '2017-9-30 15:28:55', 203);

insert into INVOICE ("id_invoice", "id_paiment_type", "purchase_time", "id_invoice_detail") values (597, 9, '2017-5-21 8:30:44', 135);

insert into INVOICE ("id_invoice", "id_paiment_type", "purchase_time", "id_invoice_detail") values (665, 7, '2018-1-22 21:26:43', 544);

insert into INVOICE ("id_invoice", "id_paiment_type", "purchase_time", "id_invoice_detail") values (797, 3, '2017-9-6 14:18:17', 982);

insert into INVOICE ("id_invoice", "id_paiment_type", "purchase_time", "id_invoice_detail") values (70, 7, '2017-10-26 16:55:49', 424);

insert into INVOICE ("id_invoice", "id_paiment_type", "purchase_time", "id_invoice_detail") values (988, 8, '2017-2-25 3:58:46', 544);

insert into INVOICE ("id_invoice", "id_paiment_type", "purchase_time", "id_invoice_detail") values (281, 8, '2017-1-8 1:25:44', 15);

insert into INVOICE ("id_invoice", "id_paiment_type", "purchase_time", "id_invoice_detail") values (396, 3, '2017-10-28 17:2:43', 15);

insert into INVOICE ("id_invoice", "id_paiment_type", "purchase_time", "id_invoice_detail") values (605, 7, '2017-12-18 19:46:40', 544);

insert into INVOICE ("id_invoice", "id_paiment_type", "purchase_time", "id_invoice_detail") values (237, 5, '2017-1-13 1:39:15', 15);

insert into INVOICE ("id_invoice", "id_paiment_type", "purchase_time", "id_invoice_detail") values (635, 9, '2017-1-24 2:20:49', 437);

insert into INVOICE ("id_invoice", "id_paiment_type", "purchase_time", "id_invoice_detail") values (888, 1, '2017-11-21 18:14:21', 424);

insert into INVOICE ("id_invoice", "id_paiment_type", "purchase_time", "id_invoice_detail") values (471, 1, '2017-6-6 9:15:13', 544);

insert into INVOICE ("id_invoice", "id_paiment_type", "purchase_time", "id_invoice_detail") values (595, 7, '2017-4-7 6:11:58', 982);

insert into INVOICE ("id_invoice", "id_paiment_type", "purchase_time", "id_invoice_detail") values (41, 8, '2018-2-23 23:3:5', 15);

insert into INVOICE ("id_invoice", "id_paiment_type", "purchase_time", "id_invoice_detail") values (365, 8, '2017-1-23 2:18:33', 437);

insert into INVOICE ("id_invoice", "id_paiment_type", "purchase_time", "id_invoice_detail") values (141, 5, '2017-3-4 4:23:15', 203);

insert into INVOICE ("id_invoice", "id_paiment_type", "purchase_time", "id_invoice_detail") values (314, 5, '2017-7-25 11:46:8', 718);

insert into INVOICE ("id_invoice", "id_paiment_type", "purchase_time", "id_invoice_detail") values (731, 1, '2017-11-29 18:42:34', 15);

insert into INVOICE ("id_invoice", "id_paiment_type", "purchase_time", "id_invoice_detail") values (651, 8, '2017-12-14 19:36:26', 135);

insert into INVOICE ("id_invoice", "id_paiment_type", "purchase_time", "id_invoice_detail") values (38, 4, '2017-1-3 1:10:54', 544);

insert into INVOICE ("id_invoice", "id_paiment_type", "purchase_time", "id_invoice_detail") values (862, 3, '2017-8-3 12:18:52', 203);

insert into INVOICE ("id_invoice", "id_paiment_type", "purchase_time", "id_invoice_detail") values (903, 7, '2017-8-26 13:43:11', 203);

insert into INVOICE ("id_invoice", "id_paiment_type", "purchase_time", "id_invoice_detail") values (619, 8, '2017-11-3 17:20:16', 718);

insert into INVOICE ("id_invoice", "id_paiment_type", "purchase_time", "id_invoice_detail") values (238, 1, '2017-12-21 19:54:24', 982);

insert into INVOICE ("id_invoice", "id_paiment_type", "purchase_time", "id_invoice_detail") values (342, 2, '2017-3-6 4:29:40', 424);

insert into INVOICE ("id_invoice", "id_paiment_type", "purchase_time", "id_invoice_detail") values (458, 2, '2017-3-7 4:33:1', 718);

insert into INVOICE ("id_invoice", "id_paiment_type", "purchase_time", "id_invoice_detail") values (274, 3, '2017-3-3 4:19:29', 135);

insert into INVOICE ("id_invoice", "id_paiment_type", "purchase_time", "id_invoice_detail") values (137, 4, '2017-7-13 11:11:23', 718);

insert into INVOICE ("id_invoice", "id_paiment_type", "purchase_time", "id_invoice_detail") values (113, 5, '2017-1-15 1:49:16', 15);

insert into INVOICE ("id_invoice", "id_paiment_type", "purchase_time", "id_invoice_detail") values (224, 7, '2017-2-18 3:37:32', 15);

insert into INVOICE ("id_invoice", "id_paiment_type", "purchase_time", "id_invoice_detail") values (954, 7, '2017-6-22 10:5:48', 544);

insert into INVOICE ("id_invoice", "id_paiment_type", "purchase_time", "id_invoice_detail") values (522, 3, '2017-5-25 8:39:17', 203);

insert into INVOICE ("id_invoice", "id_paiment_type", "purchase_time", "id_invoice_detail") values (968, 8, '2017-7-23 11:39:18', 135);

insert into INVOICE ("id_invoice", "id_paiment_type", "purchase_time", "id_invoice_detail") values (414, 1, '2017-11-7 17:32:21', 15);

insert into INVOICE ("id_invoice", "id_paiment_type", "purchase_time", "id_invoice_detail") values (934, 8, '2017-6-9 9:23:47', 982);

insert into INVOICE ("id_invoice", "id_paiment_type", "purchase_time", "id_invoice_detail") values (751, 1, '2017-10-19 16:34:31', 437);

insert into INVOICE ("id_invoice", "id_paiment_type", "purchase_time", "id_invoice_detail") values (199, 7, '2017-4-13 6:28:28', 203);

insert into INVOICE ("id_invoice", "id_paiment_type", "purchase_time", "id_invoice_detail") values (914, 8, '2017-4-17 6:38:48', 424);

insert into INVOICE ("id_invoice", "id_paiment_type", "purchase_time", "id_invoice_detail") values (609, 8, '2018-3-3 23:31:43', 424);

insert into INVOICE ("id_invoice", "id_paiment_type", "purchase_time", "id_invoice_detail") values (182, 4, '2017-4-8 6:13:46', 544);

insert into INVOICE ("id_invoice", "id_paiment_type", "purchase_time", "id_invoice_detail") values (987, 1, '2017-4-21 6:53:48', 544);

insert into INVOICE ("id_invoice", "id_paiment_type", "purchase_time", "id_invoice_detail") values (408, 9, '2017-10-22 16:43:10', 718);

insert into INVOICE ("id_invoice", "id_paiment_type", "purchase_time", "id_invoice_detail") values (280, 4, '2017-10-7 15:54:28', 544);

insert into INVOICE ("id_invoice", "id_paiment_type", "purchase_time", "id_invoice_detail") values (681, 2, '2017-10-15 16:21:49', 135);

insert into INVOICE ("id_invoice", "id_paiment_type", "purchase_time", "id_invoice_detail") values (399, 5, '2017-10-26 16:54:32', 982);

insert into INVOICE ("id_invoice", "id_paiment_type", "purchase_time", "id_invoice_detail") values (803, 8, '2017-4-20 6:51:8', 544);

insert into INVOICE ("id_invoice", "id_paiment_type", "purchase_time", "id_invoice_detail") values (865, 1, '2017-1-16 1:50:59', 15);

insert into INVOICE ("id_invoice", "id_paiment_type", "purchase_time", "id_invoice_detail") values (571, 8, '2017-11-1 17:14:7', 203);

insert into INVOICE ("id_invoice", "id_paiment_type", "purchase_time", "id_invoice_detail") values (690, 8, '2018-1-13 21:0:51', 544);

insert into INVOICE ("id_invoice", "id_paiment_type", "purchase_time", "id_invoice_detail") values (785, 2, '2017-3-30 5:46:6', 718);

insert into INVOICE ("id_invoice", "id_paiment_type", "purchase_time", "id_invoice_detail") values (592, 7, '2017-8-11 12:48:9', 982);

insert into INVOICE ("id_invoice", "id_paiment_type", "purchase_time", "id_invoice_detail") values (328, 3, '2017-4-12 6:25:49', 15);

insert into INVOICE ("id_invoice", "id_paiment_type", "purchase_time", "id_invoice_detail") values (49, 9, '2017-6-1 9:0:36', 15);

insert into INVOICE ("id_invoice", "id_paiment_type", "purchase_time", "id_invoice_detail") values (653, 7, '2017-7-4 10:41:40', 135);

insert into INVOICE ("id_invoice", "id_paiment_type", "purchase_time", "id_invoice_detail") values (123, 5, '2017-9-1 14:0:33', 437);

insert into INVOICE ("id_invoice", "id_paiment_type", "purchase_time", "id_invoice_detail") values (306, 5, '2017-3-28 5:38:12', 15);

insert into INVOICE ("id_invoice", "id_paiment_type", "purchase_time", "id_invoice_detail") values (439, 2, '2017-6-3 9:3:36', 718);

insert into INVOICE ("id_invoice", "id_paiment_type", "purchase_time", "id_invoice_detail") values (325, 4, '2017-1-22 2:13:39', 718);

insert into INVOICE ("id_invoice", "id_paiment_type", "purchase_time", "id_invoice_detail") values (942, 4, '2017-3-7 4:31:28', 203);

insert into INVOICE ("id_invoice", "id_paiment_type", "purchase_time", "id_invoice_detail") values (441, 8, '2017-3-20 5:9:53', 424);

insert into INVOICE ("id_invoice", "id_paiment_type", "purchase_time", "id_invoice_detail") values (461, 1, '2018-1-6 20:43:19', 424);

insert into INVOICE ("id_invoice", "id_paiment_type", "purchase_time", "id_invoice_detail") values (276, 2, '2017-4-12 6:27:33', 135);

insert into INVOICE ("id_invoice", "id_paiment_type", "purchase_time", "id_invoice_detail") values (370, 5, '2017-1-26 2:28:45', 544);

insert into INVOICE ("id_invoice", "id_paiment_type", "purchase_time", "id_invoice_detail") values (716, 8, '2017-1-15 1:47:20', 203);

insert into INVOICE ("id_invoice", "id_paiment_type", "purchase_time", "id_invoice_detail") values (843, 8, '2017-10-21 16:40:26', 544);

insert into INVOICE ("id_invoice", "id_paiment_type", "purchase_time", "id_invoice_detail") values (802, 8, '2017-7-3 10:38:6', 424);

insert into INVOICE ("id_invoice", "id_paiment_type", "purchase_time", "id_invoice_detail") values (162, 3, '2017-6-25 10:11:46', 135);

insert into INVOICE ("id_invoice", "id_paiment_type", "purchase_time", "id_invoice_detail") values (757, 3, '2017-9-12 14:37:11', 437);

insert into INVOICE ("id_invoice", "id_paiment_type", "purchase_time", "id_invoice_detail") values (19, 4, '2017-3-20 5:12:57', 982);

insert into INVOICE ("id_invoice", "id_paiment_type", "purchase_time", "id_invoice_detail") values (771, 3, '2017-8-8 12:36:21', 135);

insert into INVOICE ("id_invoice", "id_paiment_type", "purchase_time", "id_invoice_detail") values (841, 5, '2018-1-11 20:54:53', 544);

insert into INVOICE ("id_invoice", "id_paiment_type", "purchase_time", "id_invoice_detail") values (858, 2, '2017-11-27 18:33:20', 15);

insert into INVOICE ("id_invoice", "id_paiment_type", "purchase_time", "id_invoice_detail") values (564, 7, '2017-3-25 5:26:38', 424);

insert into INVOICE ("id_invoice", "id_paiment_type", "purchase_time", "id_invoice_detail") values (9, 1, '2017-12-3 18:55:9', 544);

insert into INVOICE ("id_invoice", "id_paiment_type", "purchase_time", "id_invoice_detail") values (204, 9, '2017-9-24 15:14:44', 437);

insert into INVOICE ("id_invoice", "id_paiment_type", "purchase_time", "id_invoice_detail") values (851, 1, '2017-11-22 18:18:14', 437);

insert into INVOICE ("id_invoice", "id_paiment_type", "purchase_time", "id_invoice_detail") values (106, 5, '2017-1-2 1:7:3', 203);

insert into INVOICE ("id_invoice", "id_paiment_type", "purchase_time", "id_invoice_detail") values (748, 2, '2017-12-19 19:49:1', 203);

insert into INVOICE ("id_invoice", "id_paiment_type", "purchase_time", "id_invoice_detail") values (794, 4, '2017-6-16 9:46:42', 203);

insert into INVOICE ("id_invoice", "id_paiment_type", "purchase_time", "id_invoice_detail") values (840, 3, '2017-7-20 11:32:21', 544);

insert into INVOICE ("id_invoice", "id_paiment_type", "purchase_time", "id_invoice_detail") values (941, 4, '2017-11-6 17:30:8', 982);

insert into INVOICE ("id_invoice", "id_paiment_type", "purchase_time", "id_invoice_detail") values (678, 1, '2017-5-10 7:52:4', 718);

insert into INVOICE ("id_invoice", "id_paiment_type", "purchase_time", "id_invoice_detail") values (497, 1, '2017-1-30 2:39:7', 437);

insert into INVOICE ("id_invoice", "id_paiment_type", "purchase_time", "id_invoice_detail") values (917, 1, '2017-6-14 9:40:10', 135);

insert into INVOICE ("id_invoice", "id_paiment_type", "purchase_time", "id_invoice_detail") values (643, 2, '2017-9-21 15:6:28', 424);

insert into INVOICE ("id_invoice", "id_paiment_type", "purchase_time", "id_invoice_detail") values (438, 5, '2017-3-3 4:21:16', 437);

insert into INVOICE ("id_invoice", "id_paiment_type", "purchase_time", "id_invoice_detail") values (864, 1, '2017-11-11 17:44:8', 15);

insert into INVOICE ("id_invoice", "id_paiment_type", "purchase_time", "id_invoice_detail") values (174, 7, '2018-1-8 20:47:20', 203);

insert into INVOICE ("id_invoice", "id_paiment_type", "purchase_time", "id_invoice_detail") values (167, 4, '2017-5-10 7:49:42', 15);

insert into INVOICE ("id_invoice", "id_paiment_type", "purchase_time", "id_invoice_detail") values (957, 9, '2017-3-26 5:30:6', 982);

insert into INVOICE ("id_invoice", "id_paiment_type", "purchase_time", "id_invoice_detail") values (885, 8, '2017-5-25 8:37:25', 424);

insert into INVOICE ("id_invoice", "id_paiment_type", "purchase_time", "id_invoice_detail") values (424, 5, '2017-7-16 11:24:7', 135);

insert into INVOICE ("id_invoice", "id_paiment_type", "purchase_time", "id_invoice_detail") values (853, 5, '2017-12-28 20:15:57', 203);

insert into INVOICE ("id_invoice", "id_paiment_type", "purchase_time", "id_invoice_detail") values (531, 9, '2017-6-30 10:26:39', 203);

insert into INVOICE ("id_invoice", "id_paiment_type", "purchase_time", "id_invoice_detail") values (704, 2, '2017-9-15 14:48:9', 424);

insert into INVOICE ("id_invoice", "id_paiment_type", "purchase_time", "id_invoice_detail") values (31, 4, '2017-8-14 13:1:27', 437);

insert into INVOICE ("id_invoice", "id_paiment_type", "purchase_time", "id_invoice_detail") values (698, 8, '2017-6-27 10:18:27', 718);

insert into INVOICE ("id_invoice", "id_paiment_type", "purchase_time", "id_invoice_detail") values (326, 9, '2017-2-3 2:50:58', 718);

insert into INVOICE ("id_invoice", "id_paiment_type", "purchase_time", "id_invoice_detail") values (136, 9, '2017-8-17 13:8:59', 203);

insert into INVOICE ("id_invoice", "id_paiment_type", "purchase_time", "id_invoice_detail") values (953, 7, '2018-2-27 23:19:17', 982);

insert into INVOICE ("id_invoice", "id_paiment_type", "purchase_time", "id_invoice_detail") values (994, 3, '2017-7-5 10:46:40', 544);

insert into INVOICE ("id_invoice", "id_paiment_type", "purchase_time", "id_invoice_detail") values (708, 3, '2018-2-26 23:12:45', 982);

insert into INVOICE ("id_invoice", "id_paiment_type", "purchase_time", "id_invoice_detail") values (572, 4, '2017-3-30 5:48:1', 203);

insert into INVOICE ("id_invoice", "id_paiment_type", "purchase_time", "id_invoice_detail") values (836, 8, '2017-2-16 3:29:55', 203);

insert into INVOICE ("id_invoice", "id_paiment_type", "purchase_time", "id_invoice_detail") values (40, 2, '2017-4-11 6:22:45', 437);

insert into INVOICE ("id_invoice", "id_paiment_type", "purchase_time", "id_invoice_detail") values (2, 8, '2017-12-8 19:15:37', 15);

insert into INVOICE ("id_invoice", "id_paiment_type", "purchase_time", "id_invoice_detail") values (463, 9, '2017-3-16 5:0:0', 718);

insert into INVOICE ("id_invoice", "id_paiment_type", "purchase_time", "id_invoice_detail") values (889, 8, '2017-8-13 12:56:34', 437);

insert into INVOICE ("id_invoice", "id_paiment_type", "purchase_time", "id_invoice_detail") values (260, 8, '2017-8-20 13:19:27', 135);

insert into INVOICE ("id_invoice", "id_paiment_type", "purchase_time", "id_invoice_detail") values (852, 1, '2017-5-29 8:49:47', 437);

insert into INVOICE ("id_invoice", "id_paiment_type", "purchase_time", "id_invoice_detail") values (183, 5, '2017-1-10 1:30:22', 982);

insert into INVOICE ("id_invoice", "id_paiment_type", "purchase_time", "id_invoice_detail") values (847, 7, '2017-11-4 17:23:48', 203);

insert into INVOICE ("id_invoice", "id_paiment_type", "purchase_time", "id_invoice_detail") values (51, 7, '2017-8-8 12:38:11', 718);

insert into INVOICE ("id_invoice", "id_paiment_type", "purchase_time", "id_invoice_detail") values (102, 4, '2017-12-10 19:21:54', 135);

insert into INVOICE ("id_invoice", "id_paiment_type", "purchase_time", "id_invoice_detail") values (759, 3, '2017-6-4 9:9:17', 982);

insert into INVOICE ("id_invoice", "id_paiment_type", "purchase_time", "id_invoice_detail") values (726, 5, '2018-2-26 23:16:41', 544);

insert into INVOICE ("id_invoice", "id_paiment_type", "purchase_time", "id_invoice_detail") values (920, 2, '2017-2-10 3:14:15', 544);

insert into INVOICE ("id_invoice", "id_paiment_type", "purchase_time", "id_invoice_detail") values (892, 7, '2017-7-28 11:56:54', 718);

insert into INVOICE ("id_invoice", "id_paiment_type", "purchase_time", "id_invoice_detail") values (932, 3, '2017-8-10 12:45:0', 544);

insert into INVOICE ("id_invoice", "id_paiment_type", "purchase_time", "id_invoice_detail") values (823, 1, '2017-5-15 8:11:27', 982);

insert into INVOICE ("id_invoice", "id_paiment_type", "purchase_time", "id_invoice_detail") values (247, 8, '2017-11-22 18:19:16', 424);

insert into INVOICE ("id_invoice", "id_paiment_type", "purchase_time", "id_invoice_detail") values (844, 1, '2017-7-20 11:33:38', 982);

insert into INVOICE ("id_invoice", "id_paiment_type", "purchase_time", "id_invoice_detail") values (696, 8, '2017-3-17 5:1:4', 424);

insert into INVOICE ("id_invoice", "id_paiment_type", "purchase_time", "id_invoice_detail") values (629, 4, '2017-5-6 7:39:31', 135);

insert into INVOICE ("id_invoice", "id_paiment_type", "purchase_time", "id_invoice_detail") values (232, 1, '2017-12-6 19:7:47', 544);

insert into INVOICE ("id_invoice", "id_paiment_type", "purchase_time", "id_invoice_detail") values (327, 1, '2017-3-15 4:57:30', 203);

insert into INVOICE ("id_invoice", "id_paiment_type", "purchase_time", "id_invoice_detail") values (474, 1, '2017-5-26 8:42:25', 718);

insert into INVOICE ("id_invoice", "id_paiment_type", "purchase_time", "id_invoice_detail") values (160, 1, '2017-7-26 11:51:24', 424);

insert into INVOICE ("id_invoice", "id_paiment_type", "purchase_time", "id_invoice_detail") values (943, 3, '2017-6-27 10:16:39', 424);

insert into INVOICE ("id_invoice", "id_paiment_type", "purchase_time", "id_invoice_detail") values (591, 1, '2018-1-22 21:28:22', 135);

insert into INVOICE ("id_invoice", "id_paiment_type", "purchase_time", "id_invoice_detail") values (964, 5, '2017-12-13 19:30:32', 203);

insert into INVOICE ("id_invoice", "id_paiment_type", "purchase_time", "id_invoice_detail") values (482, 3, '2018-2-27 23:18:30', 15);

insert into INVOICE ("id_invoice", "id_paiment_type", "purchase_time", "id_invoice_detail") values (986, 3, '2017-2-1 2:45:2', 982);

insert into INVOICE ("id_invoice", "id_paiment_type", "purchase_time", "id_invoice_detail") values (747, 5, '2017-7-29 11:59:37', 982);

insert into INVOICE ("id_invoice", "id_paiment_type", "purchase_time", "id_invoice_detail") values (669, 4, '2017-5-23 8:33:15', 203);

insert into INVOICE ("id_invoice", "id_paiment_type", "purchase_time", "id_invoice_detail") values (714, 3, '2017-3-17 5:2:35', 203);

insert into INVOICE ("id_invoice", "id_paiment_type", "purchase_time", "id_invoice_detail") values (857, 9, '2017-7-24 11:44:54', 15);

insert into INVOICE ("id_invoice", "id_paiment_type", "purchase_time", "id_invoice_detail") values (99, 3, '2017-11-9 17:39:1', 437);

insert into INVOICE ("id_invoice", "id_paiment_type", "purchase_time", "id_invoice_detail") values (499, 8, '2017-12-23 19:59:6', 544);

insert into INVOICE ("id_invoice", "id_paiment_type", "purchase_time", "id_invoice_detail") values (861, 5, '2017-7-11 11:4:30', 982);

insert into INVOICE ("id_invoice", "id_paiment_type", "purchase_time", "id_invoice_detail") values (576, 3, '2017-7-8 10:53:58', 437);

insert into INVOICE ("id_invoice", "id_paiment_type", "purchase_time", "id_invoice_detail") values (782, 7, '2017-5-27 8:45:24', 544);

insert into INVOICE ("id_invoice", "id_paiment_type", "purchase_time", "id_invoice_detail") values (898, 4, '2017-1-31 2:40:46', 982);

insert into INVOICE ("id_invoice", "id_paiment_type", "purchase_time", "id_invoice_detail") values (293, 4, '2017-1-15 1:44:22', 544);

insert into INVOICE ("id_invoice", "id_paiment_type", "purchase_time", "id_invoice_detail") values (930, 1, '2017-2-27 4:6:44', 982);

insert into INVOICE ("id_invoice", "id_paiment_type", "purchase_time", "id_invoice_detail") values (319, 7, '2017-10-25 16:53:18', 15);

insert into INVOICE ("id_invoice", "id_paiment_type", "purchase_time", "id_invoice_detail") values (223, 9, '2017-8-17 13:10:53', 135);

insert into INVOICE ("id_invoice", "id_paiment_type", "purchase_time", "id_invoice_detail") values (464, 3, '2017-7-13 11:12:56', 544);

insert into INVOICE ("id_invoice", "id_paiment_type", "purchase_time", "id_invoice_detail") values (541, 8, '2017-4-18 6:43:7', 982);

insert into INVOICE ("id_invoice", "id_paiment_type", "purchase_time", "id_invoice_detail") values (547, 1, '2017-11-20 18:13:16', 135);

insert into INVOICE ("id_invoice", "id_paiment_type", "purchase_time", "id_invoice_detail") values (413, 1, '2017-12-31 20:24:39', 544);

insert into INVOICE ("id_invoice", "id_paiment_type", "purchase_time", "id_invoice_detail") values (12, 7, '2017-11-18 18:3:36', 437);

insert into INVOICE ("id_invoice", "id_paiment_type", "purchase_time", "id_invoice_detail") values (551, 7, '2018-2-16 22:43:50', 135);

insert into INVOICE ("id_invoice", "id_paiment_type", "purchase_time", "id_invoice_detail") values (386, 7, '2017-11-25 18:27:54', 15);

insert into INVOICE ("id_invoice", "id_paiment_type", "purchase_time", "id_invoice_detail") values (712, 1, '2017-5-30 8:54:36', 135);

insert into INVOICE ("id_invoice", "id_paiment_type", "purchase_time", "id_invoice_detail") values (552, 2, '2017-8-9 12:39:6', 544);

insert into INVOICE ("id_invoice", "id_paiment_type", "purchase_time", "id_invoice_detail") values (404, 4, '2017-3-26 5:32:34', 203);

insert into INVOICE ("id_invoice", "id_paiment_type", "purchase_time", "id_invoice_detail") values (877, 7, '2017-11-30 18:45:24', 718);

insert into INVOICE ("id_invoice", "id_paiment_type", "purchase_time", "id_invoice_detail") values (231, 4, '2018-2-4 22:7:24', 544);

insert into INVOICE ("id_invoice", "id_paiment_type", "purchase_time", "id_invoice_detail") values (151, 7, '2017-2-12 3:18:15', 544);

insert into INVOICE ("id_invoice", "id_paiment_type", "purchase_time", "id_invoice_detail") values (608, 1, '2017-8-4 12:22:24', 718);

insert into INVOICE ("id_invoice", "id_paiment_type", "purchase_time", "id_invoice_detail") values (967, 1, '2017-5-11 7:55:52', 982);

insert into INVOICE ("id_invoice", "id_paiment_type", "purchase_time", "id_invoice_detail") values (333, 8, '2017-5-31 8:56:24', 424);

insert into INVOICE ("id_invoice", "id_paiment_type", "purchase_time", "id_invoice_detail") values (616, 7, '2018-2-20 22:54:14', 437);

insert into INVOICE ("id_invoice", "id_paiment_type", "purchase_time", "id_invoice_detail") values (529, 9, '2017-5-21 8:28:59', 203);

insert into INVOICE ("id_invoice", "id_paiment_type", "purchase_time", "id_invoice_detail") values (253, 5, '2017-12-8 19:13:18', 135);

insert into INVOICE ("id_invoice", "id_paiment_type", "purchase_time", "id_invoice_detail") values (815, 9, '2018-1-1 20:26:7', 982);

insert into INVOICE ("id_invoice", "id_paiment_type", "purchase_time", "id_invoice_detail") values (939, 7, '2018-2-1 21:59:39', 982);

insert into INVOICE ("id_invoice", "id_paiment_type", "purchase_time", "id_invoice_detail") values (772, 8, '2017-9-27 15:23:3', 135);

insert into INVOICE ("id_invoice", "id_paiment_type", "purchase_time", "id_invoice_detail") values (217, 1, '2017-5-22 8:31:31', 135);

insert into INVOICE ("id_invoice", "id_paiment_type", "purchase_time", "id_invoice_detail") values (798, 9, '2017-8-20 13:21:6', 203);

insert into INVOICE ("id_invoice", "id_paiment_type", "purchase_time", "id_invoice_detail") values (308, 5, '2017-6-3 9:5:53', 424);

insert into INVOICE ("id_invoice", "id_paiment_type", "purchase_time", "id_invoice_detail") values (937, 8, '2017-6-16 9:47:24', 544);

insert into INVOICE ("id_invoice", "id_paiment_type", "purchase_time", "id_invoice_detail") values (764, 1, '2017-6-26 10:15:52', 718);

insert into INVOICE ("id_invoice", "id_paiment_type", "purchase_time", "id_invoice_detail") values (128, 7, '2017-2-24 3:55:56', 982);

insert into INVOICE ("id_invoice", "id_paiment_type", "purchase_time", "id_invoice_detail") values (218, 3, '2017-5-17 8:18:56', 135);

insert into INVOICE ("id_invoice", "id_paiment_type", "purchase_time", "id_invoice_detail") values (133, 5, '2017-11-18 18:4:57', 982);

insert into INVOICE ("id_invoice", "id_paiment_type", "purchase_time", "id_invoice_detail") values (625, 7, '2017-6-26 10:14:24', 544);

insert into INVOICE ("id_invoice", "id_paiment_type", "purchase_time", "id_invoice_detail") values (213, 3, '2017-12-9 19:18:52', 982);

insert into INVOICE ("id_invoice", "id_paiment_type", "purchase_time", "id_invoice_detail") values (598, 9, '2017-9-13 14:39:3', 203);

insert into INVOICE ("id_invoice", "id_paiment_type", "purchase_time", "id_invoice_detail") values (575, 2, '2017-12-29 20:17:35', 424);

insert into INVOICE ("id_invoice", "id_paiment_type", "purchase_time", "id_invoice_detail") values (120, 4, '2017-4-10 6:18:5', 15);

insert into INVOICE ("id_invoice", "id_paiment_type", "purchase_time", "id_invoice_detail") values (584, 3, '2017-1-18 2:1:36', 982);

insert into INVOICE ("id_invoice", "id_paiment_type", "purchase_time", "id_invoice_detail") values (24, 1, '2017-11-23 18:24:54', 15);

insert into INVOICE ("id_invoice", "id_paiment_type", "purchase_time", "id_invoice_detail") values (558, 1, '2017-10-12 16:11:48', 135);

insert into INVOICE ("id_invoice", "id_paiment_type", "purchase_time", "id_invoice_detail") values (364, 9, '2017-8-26 13:44:6', 424);

insert into INVOICE ("id_invoice", "id_paiment_type", "purchase_time", "id_invoice_detail") values (242, 2, '2017-10-5 15:48:35', 135);

insert into INVOICE ("id_invoice", "id_paiment_type", "purchase_time", "id_invoice_detail") values (990, 9, '2017-4-7 6:12:57', 15);

insert into INVOICE ("id_invoice", "id_paiment_type", "purchase_time", "id_invoice_detail") values (345, 9, '2017-4-9 6:16:3', 203);

insert into INVOICE ("id_invoice", "id_paiment_type", "purchase_time", "id_invoice_detail") values (299, 4, '2017-4-7 6:10:25', 424);

insert into INVOICE ("id_invoice", "id_paiment_type", "purchase_time", "id_invoice_detail") values (462, 4, '2017-10-10 16:4:20', 203);

insert into INVOICE ("id_invoice", "id_paiment_type", "purchase_time", "id_invoice_detail") values (527, 3, '2018-2-8 22:18:3', 718);

insert into INVOICE ("id_invoice", "id_paiment_type", "purchase_time", "id_invoice_detail") values (915, 1, '2017-12-18 19:47:46', 718);

insert into INVOICE ("id_invoice", "id_paiment_type", "purchase_time", "id_invoice_detail") values (884, 2, '2017-5-21 8:27:40', 982);

insert into INVOICE ("id_invoice", "id_paiment_type", "purchase_time", "id_invoice_detail") values (379, 3, '2017-11-1 17:15:45', 203);

insert into INVOICE ("id_invoice", "id_paiment_type", "purchase_time", "id_invoice_detail") values (72, 2, '2017-5-20 8:25:58', 15);

insert into INVOICE ("id_invoice", "id_paiment_type", "purchase_time", "id_invoice_detail") values (897, 7, '2017-8-6 12:29:12', 718);

insert into INVOICE ("id_invoice", "id_paiment_type", "purchase_time", "id_invoice_detail") values (594, 7, '2018-2-15 22:38:56', 544);

insert into INVOICE ("id_invoice", "id_paiment_type", "purchase_time", "id_invoice_detail") values (97, 3, '2017-6-5 9:12:35', 437);

insert into INVOICE ("id_invoice", "id_paiment_type", "purchase_time", "id_invoice_detail") values (261, 8, '2017-11-3 17:22:11', 424);

insert into INVOICE ("id_invoice", "id_paiment_type", "purchase_time", "id_invoice_detail") values (244, 3, '2017-9-9 14:30:48', 15);

insert into INVOICE ("id_invoice", "id_paiment_type", "purchase_time", "id_invoice_detail") values (521, 2, '2017-3-6 4:28:37', 135);

insert into INVOICE ("id_invoice", "id_paiment_type", "purchase_time", "id_invoice_detail") values (208, 1, '2017-4-26 7:8:15', 982);

insert into INVOICE ("id_invoice", "id_paiment_type", "purchase_time", "id_invoice_detail") values (923, 4, '2018-2-20 22:55:59', 203);

insert into INVOICE ("id_invoice", "id_paiment_type", "purchase_time", "id_invoice_detail") values (301, 1, '2018-2-25 23:9:33', 424);

insert into INVOICE ("id_invoice", "id_paiment_type", "purchase_time", "id_invoice_detail") values (561, 2, '2017-8-1 12:11:12', 424);

insert into INVOICE ("id_invoice", "id_paiment_type", "purchase_time", "id_invoice_detail") values (873, 3, '2017-1-9 1:28:16', 544);

insert into INVOICE ("id_invoice", "id_paiment_type", "purchase_time", "id_invoice_detail") values (784, 2, '2017-3-18 5:6:34', 718);

insert into INVOICE ("id_invoice", "id_paiment_type", "purchase_time", "id_invoice_detail") values (830, 2, '2017-11-23 18:23:20', 544);

insert into INVOICE ("id_invoice", "id_paiment_type", "purchase_time", "id_invoice_detail") values (89, 8, '2017-7-14 11:17:3', 437);

insert into INVOICE ("id_invoice", "id_paiment_type", "purchase_time", "id_invoice_detail") values (355, 3, '2017-3-2 4:17:52', 135);

insert into INVOICE ("id_invoice", "id_paiment_type", "purchase_time", "id_invoice_detail") values (190, 8, '2017-5-16 8:14:39', 544);

insert into INVOICE ("id_invoice", "id_paiment_type", "purchase_time", "id_invoice_detail") values (773, 9, '2017-10-24 16:46:12', 203);

insert into INVOICE ("id_invoice", "id_paiment_type", "purchase_time", "id_invoice_detail") values (478, 9, '2018-2-28 23:20:16', 718);

insert into INVOICE ("id_invoice", "id_paiment_type", "purchase_time", "id_invoice_detail") values (5, 9, '2017-8-16 13:8:1', 203);

insert into INVOICE ("id_invoice", "id_paiment_type", "purchase_time", "id_invoice_detail") values (896, 8, '2017-8-22 13:30:20', 982);

insert into INVOICE ("id_invoice", "id_paiment_type", "purchase_time", "id_invoice_detail") values (687, 1, '2018-2-12 22:29:11', 437);

insert into INVOICE ("id_invoice", "id_paiment_type", "purchase_time", "id_invoice_detail") values (827, 9, '2017-2-5 2:57:42', 437);

insert into INVOICE ("id_invoice", "id_paiment_type", "purchase_time", "id_invoice_detail") values (814, 7, '2017-11-7 17:31:30', 544);

insert into INVOICE ("id_invoice", "id_paiment_type", "purchase_time", "id_invoice_detail") values (59, 7, '2017-4-25 7:7:4', 135);

insert into INVOICE ("id_invoice", "id_paiment_type", "purchase_time", "id_invoice_detail") values (53, 1, '2018-2-26 23:15:1', 203);

insert into INVOICE ("id_invoice", "id_paiment_type", "purchase_time", "id_invoice_detail") values (580, 1, '2018-2-6 22:11:48', 135);

insert into INVOICE ("id_invoice", "id_paiment_type", "purchase_time", "id_invoice_detail") values (61, 7, '2017-11-8 17:33:59', 437);

insert into INVOICE ("id_invoice", "id_paiment_type", "purchase_time", "id_invoice_detail") values (822, 3, '2018-1-5 20:39:36', 15);

insert into INVOICE ("id_invoice", "id_paiment_type", "purchase_time", "id_invoice_detail") values (940, 1, '2017-8-25 13:40:44', 718);

insert into INVOICE ("id_invoice", "id_paiment_type", "purchase_time", "id_invoice_detail") values (389, 1, '2017-4-3 5:58:3', 424);

insert into INVOICE ("id_invoice", "id_paiment_type", "purchase_time", "id_invoice_detail") values (856, 4, '2017-3-22 5:18:1', 203);

insert into INVOICE ("id_invoice", "id_paiment_type", "purchase_time", "id_invoice_detail") values (998, 9, '2017-10-14 16:16:49', 135);

insert into INVOICE ("id_invoice", "id_paiment_type", "purchase_time", "id_invoice_detail") values (108, 5, '2017-11-25 18:29:29', 203);

insert into INVOICE ("id_invoice", "id_paiment_type", "purchase_time", "id_invoice_detail") values (878, 1, '2017-4-18 6:45:9', 718);

insert into INVOICE ("id_invoice", "id_paiment_type", "purchase_time", "id_invoice_detail") values (401, 3, '2017-12-9 19:17:14', 718);

insert into INVOICE ("id_invoice", "id_paiment_type", "purchase_time", "id_invoice_detail") values (433, 3, '2017-11-17 18:2:11', 437);

insert into INVOICE ("id_invoice", "id_paiment_type", "purchase_time", "id_invoice_detail") values (901, 8, '2017-1-4 1:13:13', 424);

insert into INVOICE ("id_invoice", "id_paiment_type", "purchase_time", "id_invoice_detail") values (219, 9, '2017-5-18 8:21:28', 544);

insert into INVOICE ("id_invoice", "id_paiment_type", "purchase_time", "id_invoice_detail") values (601, 8, '2017-2-15 3:27:56', 424);

insert into INVOICE ("id_invoice", "id_paiment_type", "purchase_time", "id_invoice_detail") values (603, 9, '2017-9-2 14:6:12', 15);

insert into INVOICE ("id_invoice", "id_paiment_type", "purchase_time", "id_invoice_detail") values (906, 1, '2017-4-4 6:1:11', 437);

insert into INVOICE ("id_invoice", "id_paiment_type", "purchase_time", "id_invoice_detail") values (981, 4, '2017-6-13 9:37:8', 982);

insert into INVOICE ("id_invoice", "id_paiment_type", "purchase_time", "id_invoice_detail") values (617, 2, '2017-9-27 15:23:53', 135);

insert into INVOICE ("id_invoice", "id_paiment_type", "purchase_time", "id_invoice_detail") values (703, 3, '2017-6-1 8:59:52', 437);

insert into INVOICE ("id_invoice", "id_paiment_type", "purchase_time", "id_invoice_detail") values (921, 7, '2017-9-24 15:15:27', 982);

insert into INVOICE ("id_invoice", "id_paiment_type", "purchase_time", "id_invoice_detail") values (697, 1, '2017-8-10 12:41:54', 437);

insert into INVOICE ("id_invoice", "id_paiment_type", "purchase_time", "id_invoice_detail") values (995, 2, '2017-5-15 8:12:17', 544);

insert into INVOICE ("id_invoice", "id_paiment_type", "purchase_time", "id_invoice_detail") values (211, 2, '2017-10-16 16:24:33', 718);

insert into INVOICE ("id_invoice", "id_paiment_type", "purchase_time", "id_invoice_detail") values (868, 1, '2018-1-14 21:3:25', 203);

insert into INVOICE ("id_invoice", "id_paiment_type", "purchase_time", "id_invoice_detail") values (485, 8, '2017-10-7 15:52:40', 135);

insert into INVOICE ("id_invoice", "id_paiment_type", "purchase_time", "id_invoice_detail") values (256, 7, '2017-8-12 12:53:0', 437);

insert into INVOICE ("id_invoice", "id_paiment_type", "purchase_time", "id_invoice_detail") values (706, 7, '2018-1-3 20:34:24', 718);

insert into INVOICE ("id_invoice", "id_paiment_type", "purchase_time", "id_invoice_detail") values (524, 8, '2017-12-16 19:42:1', 135);

insert into INVOICE ("id_invoice", "id_paiment_type", "purchase_time", "id_invoice_detail") values (409, 8, '2017-7-3 10:40:1', 424);

insert into INVOICE ("id_invoice", "id_paiment_type", "purchase_time", "id_invoice_detail") values (470, 8, '2017-9-4 14:10:46', 203);

insert into INVOICE ("id_invoice", "id_paiment_type", "purchase_time", "id_invoice_detail") values (767, 7, '2017-8-30 13:56:15', 437);

insert into INVOICE ("id_invoice", "id_paiment_type", "purchase_time", "id_invoice_detail") values (587, 8, '2017-10-14 16:18:29', 135);

insert into INVOICE ("id_invoice", "id_paiment_type", "purchase_time", "id_invoice_detail") values (658, 1, '2017-3-25 5:28:33', 718);

insert into INVOICE ("id_invoice", "id_paiment_type", "purchase_time", "id_invoice_detail") values (648, 3, '2017-10-3 15:42:53', 544);

insert into INVOICE ("id_invoice", "id_paiment_type", "purchase_time", "id_invoice_detail") values (882, 8, '2017-8-1 12:9:45', 437);

insert into INVOICE ("id_invoice", "id_paiment_type", "purchase_time", "id_invoice_detail") values (985, 5, '2017-6-6 9:16:18', 203);

insert into INVOICE ("id_invoice", "id_paiment_type", "purchase_time", "id_invoice_detail") values (922, 4, '2017-12-14 19:35:6', 135);

insert into INVOICE ("id_invoice", "id_paiment_type", "purchase_time", "id_invoice_detail") values (188, 4, '2017-9-19 14:59:26', 424);

insert into INVOICE ("id_invoice", "id_paiment_type", "purchase_time", "id_invoice_detail") values (569, 2, '2017-11-5 17:26:54', 437);

insert into INVOICE ("id_invoice", "id_paiment_type", "purchase_time", "id_invoice_detail") values (283, 9, '2017-9-29 15:27:17', 135);

insert into INVOICE ("id_invoice", "id_paiment_type", "purchase_time", "id_invoice_detail") values (36, 5, '2017-8-4 12:20:51', 982);

insert into INVOICE ("id_invoice", "id_paiment_type", "purchase_time", "id_invoice_detail") values (187, 4, '2018-2-18 22:48:3', 982);

insert into INVOICE ("id_invoice", "id_paiment_type", "purchase_time", "id_invoice_detail") values (305, 8, '2017-8-15 13:7:2', 424);

insert into INVOICE ("id_invoice", "id_paiment_type", "purchase_time", "id_invoice_detail") values (955, 8, '2017-11-13 17:51:44', 135);

insert into INVOICE ("id_invoice", "id_paiment_type", "purchase_time", "id_invoice_detail") values (278, 8, '2017-4-23 6:59:14', 15);

insert into INVOICE ("id_invoice", "id_paiment_type", "purchase_time", "id_invoice_detail") values (96, 8, '2017-1-20 2:6:59', 424);

insert into INVOICE ("id_invoice", "id_paiment_type", "purchase_time", "id_invoice_detail") values (996, 9, '2017-5-17 8:20:9', 424);

insert into INVOICE ("id_invoice", "id_paiment_type", "purchase_time", "id_invoice_detail") values (352, 7, '2017-12-15 19:39:24', 203);

insert into INVOICE ("id_invoice", "id_paiment_type", "purchase_time", "id_invoice_detail") values (734, 2, '2018-2-2 22:1:32', 544);

insert into INVOICE ("id_invoice", "id_paiment_type", "purchase_time", "id_invoice_detail") values (30, 9, '2017-4-19 6:47:57', 15);

insert into INVOICE ("id_invoice", "id_paiment_type", "purchase_time", "id_invoice_detail") values (557, 9, '2017-8-10 12:43:39', 424);

insert into INVOICE ("id_invoice", "id_paiment_type", "purchase_time", "id_invoice_detail") values (132, 8, '2017-1-6 1:18:35', 437);

insert into INVOICE ("id_invoice", "id_paiment_type", "purchase_time", "id_invoice_detail") values (958, 3, '2017-6-24 10:9:23', 544);

insert into INVOICE ("id_invoice", "id_paiment_type", "purchase_time", "id_invoice_detail") values (32, 5, '2017-4-15 6:37:1', 203);

insert into INVOICE ("id_invoice", "id_paiment_type", "purchase_time", "id_invoice_detail") values (62, 3, '2017-8-24 13:35:34', 203);

insert into INVOICE ("id_invoice", "id_paiment_type", "purchase_time", "id_invoice_detail") values (613, 7, '2018-3-1 23:25:18', 203);

insert into INVOICE ("id_invoice", "id_paiment_type", "purchase_time", "id_invoice_detail") values (394, 1, '2017-9-9 14:28:41', 437);

insert into INVOICE ("id_invoice", "id_paiment_type", "purchase_time", "id_invoice_detail") values (488, 2, '2017-10-24 16:47:4', 203);

insert into INVOICE ("id_invoice", "id_paiment_type", "purchase_time", "id_invoice_detail") values (723, 5, '2017-10-4 15:44:54', 203);

insert into INVOICE ("id_invoice", "id_paiment_type", "purchase_time", "id_invoice_detail") values (156, 5, '2017-11-25 18:28:40', 424);

insert into INVOICE ("id_invoice", "id_paiment_type", "purchase_time", "id_invoice_detail") values (402, 2, '2017-5-2 7:30:40', 15);

insert into INVOICE ("id_invoice", "id_paiment_type", "purchase_time", "id_invoice_detail") values (590, 4, '2017-12-15 19:38:2', 15);

insert into INVOICE ("id_invoice", "id_paiment_type", "purchase_time", "id_invoice_detail") values (178, 1, '2017-4-9 6:17:2', 437);

insert into INVOICE ("id_invoice", "id_paiment_type", "purchase_time", "id_invoice_detail") values (582, 1, '2017-10-30 17:7:13', 437);

insert into INVOICE ("id_invoice", "id_paiment_type", "purchase_time", "id_invoice_detail") values (105, 9, '2017-1-7 1:20:29', 15);

insert into INVOICE ("id_invoice", "id_paiment_type", "purchase_time", "id_invoice_detail") values (145, 9, '2017-8-15 13:4:21', 15);

insert into INVOICE ("id_invoice", "id_paiment_type", "purchase_time", "id_invoice_detail") values (210, 9, '2017-2-26 4:2:21', 135);

insert into INVOICE ("id_invoice", "id_paiment_type", "purchase_time", "id_invoice_detail") values (406, 1, '2017-6-29 10:22:31', 15);

insert into INVOICE ("id_invoice", "id_paiment_type", "purchase_time", "id_invoice_detail") values (926, 7, '2017-2-3 2:49:38', 544);

insert into INVOICE ("id_invoice", "id_paiment_type", "purchase_time", "id_invoice_detail") values (46, 5, '2017-7-9 10:58:32', 424);

insert into INVOICE ("id_invoice", "id_paiment_type", "purchase_time", "id_invoice_detail") values (695, 1, '2017-9-24 15:16:20', 437);

insert into INVOICE ("id_invoice", "id_paiment_type", "purchase_time", "id_invoice_detail") values (384, 9, '2017-8-17 13:9:41', 437);

insert into INVOICE ("id_invoice", "id_paiment_type", "purchase_time", "id_invoice_detail") values (510, 9, '2017-4-24 7:3:53', 718);

insert into INVOICE ("id_invoice", "id_paiment_type", "purchase_time", "id_invoice_detail") values (157, 1, '2017-5-29 8:51:17', 437);

insert into INVOICE ("id_invoice", "id_paiment_type", "purchase_time", "id_invoice_detail") values (324, 5, '2017-5-20 8:26:54', 424);

insert into INVOICE ("id_invoice", "id_paiment_type", "purchase_time", "id_invoice_detail") values (831, 8, '2017-1-27 2:31:17', 544);

insert into INVOICE ("id_invoice", "id_paiment_type", "purchase_time", "id_invoice_detail") values (621, 3, '2017-9-12 14:37:51', 718);

insert into INVOICE ("id_invoice", "id_paiment_type", "purchase_time", "id_invoice_detail") values (536, 9, '2017-12-29 20:18:15', 135);

insert into INVOICE ("id_invoice", "id_paiment_type", "purchase_time", "id_invoice_detail") values (330, 7, '2017-9-28 15:25:45', 718);

insert into INVOICE ("id_invoice", "id_paiment_type", "purchase_time", "id_invoice_detail") values (602, 9, '2017-10-18 16:30:15', 982);

insert into INVOICE ("id_invoice", "id_paiment_type", "purchase_time", "id_invoice_detail") values (18, 5, '2017-8-7 12:34:9', 544);

insert into INVOICE ("id_invoice", "id_paiment_type", "purchase_time", "id_invoice_detail") values (127, 1, '2017-7-1 10:30:33', 15);

insert into INVOICE ("id_invoice", "id_paiment_type", "purchase_time", "id_invoice_detail") values (172, 4, '2018-1-15 21:6:46', 135);

insert into INVOICE ("id_invoice", "id_paiment_type", "purchase_time", "id_invoice_detail") values (50, 2, '2017-10-25 16:51:59', 203);

insert into INVOICE ("id_invoice", "id_paiment_type", "purchase_time", "id_invoice_detail") values (501, 5, '2017-9-1 14:1:54', 424);

insert into INVOICE ("id_invoice", "id_paiment_type", "purchase_time", "id_invoice_detail") values (962, 5, '2017-1-20 2:8:29', 135);

insert into INVOICE ("id_invoice", "id_paiment_type", "purchase_time", "id_invoice_detail") values (806, 5, '2018-1-25 21:38:14', 135);

insert into INVOICE ("id_invoice", "id_paiment_type", "purchase_time", "id_invoice_detail") values (480, 7, '2017-10-22 16:42:16', 424);

insert into INVOICE ("id_invoice", "id_paiment_type", "purchase_time", "id_invoice_detail") values (948, 8, '2017-5-24 8:36:19', 544);

insert into INVOICE ("id_invoice", "id_paiment_type", "purchase_time", "id_invoice_detail") values (383, 5, '2017-7-22 11:36:47', 203);

insert into INVOICE ("id_invoice", "id_paiment_type", "purchase_time", "id_invoice_detail") values (928, 2, '2017-10-19 16:32:35', 437);

insert into INVOICE ("id_invoice", "id_paiment_type", "purchase_time", "id_invoice_detail") values (310, 7, '2017-2-12 3:21:2', 424);

insert into INVOICE ("id_invoice", "id_paiment_type", "purchase_time", "id_invoice_detail") values (854, 7, '2017-5-2 7:29:20', 544);

insert into INVOICE ("id_invoice", "id_paiment_type", "purchase_time", "id_invoice_detail") values (825, 5, '2017-2-2 2:46:42', 718);

insert into INVOICE ("id_invoice", "id_paiment_type", "purchase_time", "id_invoice_detail") values (628, 4, '2017-8-5 12:26:2', 424);

insert into INVOICE ("id_invoice", "id_paiment_type", "purchase_time", "id_invoice_detail") values (329, 3, '2017-5-3 7:32:5', 718);

insert into INVOICE ("id_invoice", "id_paiment_type", "purchase_time", "id_invoice_detail") values (130, 8, '2017-1-27 2:29:49', 135);

insert into INVOICE ("id_invoice", "id_paiment_type", "purchase_time", "id_invoice_detail") values (437, 4, '2017-1-26 2:26:44', 437);

insert into INVOICE ("id_invoice", "id_paiment_type", "purchase_time", "id_invoice_detail") values (436, 7, '2018-2-12 22:28:24', 15);

insert into INVOICE ("id_invoice", "id_paiment_type", "purchase_time", "id_invoice_detail") values (235, 1, '2017-8-18 13:15:26', 203);

insert into INVOICE ("id_invoice", "id_paiment_type", "purchase_time", "id_invoice_detail") values (745, 8, '2017-7-31 12:8:31', 437);

insert into INVOICE ("id_invoice", "id_paiment_type", "purchase_time", "id_invoice_detail") values (138, 5, '2017-12-30 20:20:56', 203);

insert into INVOICE ("id_invoice", "id_paiment_type", "purchase_time", "id_invoice_detail") values (117, 4, '2017-4-29 7:17:11', 982);

insert into INVOICE ("id_invoice", "id_paiment_type", "purchase_time", "id_invoice_detail") values (177, 4, '2017-11-11 17:46:56', 982);

insert into INVOICE ("id_invoice", "id_paiment_type", "purchase_time", "id_invoice_detail") values (91, 2, '2017-5-17 8:17:41', 982);

insert into INVOICE ("id_invoice", "id_paiment_type", "purchase_time", "id_invoice_detail") values (659, 5, '2017-7-14 11:18:40', 424);

insert into INVOICE ("id_invoice", "id_paiment_type", "purchase_time", "id_invoice_detail") values (477, 3, '2017-2-8 3:8:43', 982);

insert into INVOICE ("id_invoice", "id_paiment_type", "purchase_time", "id_invoice_detail") values (382, 1, '2017-6-28 10:19:11', 15);

insert into INVOICE ("id_invoice", "id_paiment_type", "purchase_time", "id_invoice_detail") values (339, 5, '2017-8-14 12:59:31', 982);

insert into INVOICE ("id_invoice", "id_paiment_type", "purchase_time", "id_invoice_detail") values (275, 4, '2018-1-30 21:53:29', 718);

insert into INVOICE ("id_invoice", "id_paiment_type", "purchase_time", "id_invoice_detail") values (947, 9, '2017-12-4 19:0:4', 544);

insert into INVOICE ("id_invoice", "id_paiment_type", "purchase_time", "id_invoice_detail") values (353, 1, '2017-11-20 18:9:58', 718);

insert into INVOICE ("id_invoice", "id_paiment_type", "purchase_time", "id_invoice_detail") values (315, 9, '2017-7-1 10:31:43', 544);

insert into INVOICE ("id_invoice", "id_paiment_type", "purchase_time", "id_invoice_detail") values (43, 4, '2017-11-28 18:37:3', 203);

insert into INVOICE ("id_invoice", "id_paiment_type", "purchase_time", "id_invoice_detail") values (229, 8, '2017-10-1 15:32:32', 544);

insert into INVOICE ("id_invoice", "id_paiment_type", "purchase_time", "id_invoice_detail") values (189, 8, '2018-1-23 21:32:56', 437);

insert into INVOICE ("id_invoice", "id_paiment_type", "purchase_time", "id_invoice_detail") values (175, 2, '2017-1-4 1:12:12', 718);

insert into INVOICE ("id_invoice", "id_paiment_type", "purchase_time", "id_invoice_detail") values (754, 9, '2018-2-14 22:36:29', 437);

insert into INVOICE ("id_invoice", "id_paiment_type", "purchase_time", "id_invoice_detail") values (660, 4, '2017-8-21 13:22:5', 135);

insert into INVOICE ("id_invoice", "id_paiment_type", "purchase_time", "id_invoice_detail") values (692, 5, '2017-8-23 13:33:1', 135);

insert into INVOICE ("id_invoice", "id_paiment_type", "purchase_time", "id_invoice_detail") values (378, 9, '2017-3-13 4:48:29', 982);

insert into INVOICE ("id_invoice", "id_paiment_type", "purchase_time", "id_invoice_detail") values (537, 7, '2018-1-6 20:42:32', 437);

insert into INVOICE ("id_invoice", "id_paiment_type", "purchase_time", "id_invoice_detail") values (633, 4, '2018-2-19 22:50:55', 982);

insert into INVOICE ("id_invoice", "id_paiment_type", "purchase_time", "id_invoice_detail") values (664, 2, '2018-3-2 23:26:27', 437);

insert into INVOICE ("id_invoice", "id_paiment_type", "purchase_time", "id_invoice_detail") values (23, 4, '2017-1-11 1:34:8', 982);

insert into INVOICE ("id_invoice", "id_paiment_type", "purchase_time", "id_invoice_detail") values (243, 1, '2018-3-3 23:33:32', 544);

insert into INVOICE ("id_invoice", "id_paiment_type", "purchase_time", "id_invoice_detail") values (255, 8, '2017-10-20 16:35:47', 544);

insert into INVOICE ("id_invoice", "id_paiment_type", "purchase_time", "id_invoice_detail") values (639, 3, '2018-3-3 23:32:43', 544);

insert into INVOICE ("id_invoice", "id_paiment_type", "purchase_time", "id_invoice_detail") values (749, 1, '2017-7-28 11:54:58', 544);

insert into INVOICE ("id_invoice", "id_paiment_type", "purchase_time", "id_invoice_detail") values (997, 8, '2017-7-2 10:36:31', 424);

insert into INVOICE ("id_invoice", "id_paiment_type", "purchase_time", "id_invoice_detail") values (554, 4, '2017-6-6 9:14:21', 718);

insert into INVOICE ("id_invoice", "id_paiment_type", "purchase_time", "id_invoice_detail") values (944, 2, '2017-4-1 5:53:45', 424);

insert into INVOICE ("id_invoice", "id_paiment_type", "purchase_time", "id_invoice_detail") values (236, 1, '2017-1-1 1:2:54', 437);

insert into INVOICE ("id_invoice", "id_paiment_type", "purchase_time", "id_invoice_detail") values (295, 7, '2017-3-5 4:25:39', 718);

insert into INVOICE ("id_invoice", "id_paiment_type", "purchase_time", "id_invoice_detail") values (717, 1, '2017-9-19 14:57:58', 135);

insert into INVOICE ("id_invoice", "id_paiment_type", "purchase_time", "id_invoice_detail") values (186, 8, '2017-3-10 4:40:32', 982);

insert into INVOICE ("id_invoice", "id_paiment_type", "purchase_time", "id_invoice_detail") values (969, 5, '2017-1-22 2:15:22', 135);

insert into INVOICE ("id_invoice", "id_paiment_type", "purchase_time", "id_invoice_detail") values (390, 8, '2017-8-30 13:54:25', 135);

insert into INVOICE ("id_invoice", "id_paiment_type", "purchase_time", "id_invoice_detail") values (599, 2, '2017-10-24 16:49:24', 135);

insert into INVOICE ("id_invoice", "id_paiment_type", "purchase_time", "id_invoice_detail") values (74, 7, '2017-5-12 7:58:30', 982);

insert into INVOICE ("id_invoice", "id_paiment_type", "purchase_time", "id_invoice_detail") values (519, 2, '2018-1-24 21:33:42', 718);

insert into INVOICE ("id_invoice", "id_paiment_type", "purchase_time", "id_invoice_detail") values (514, 1, '2017-5-1 7:23:48', 203);

insert into INVOICE ("id_invoice", "id_paiment_type", "purchase_time", "id_invoice_detail") values (959, 8, '2018-3-2 23:27:58', 203);

insert into INVOICE ("id_invoice", "id_paiment_type", "purchase_time", "id_invoice_detail") values (195, 4, '2017-12-27 20:13:32', 203);

insert into INVOICE ("id_invoice", "id_paiment_type", "purchase_time", "id_invoice_detail") values (212, 4, '2018-1-20 21:19:10', 718);

insert into INVOICE ("id_invoice", "id_paiment_type", "purchase_time", "id_invoice_detail") values (534, 2, '2017-4-24 7:5:18', 424);

insert into INVOICE ("id_invoice", "id_paiment_type", "purchase_time", "id_invoice_detail") values (693, 4, '2017-12-25 20:6:57', 982);

insert into INVOICE ("id_invoice", "id_paiment_type", "purchase_time", "id_invoice_detail") values (417, 4, '2017-4-29 7:18:59', 424);

insert into INVOICE ("id_invoice", "id_paiment_type", "purchase_time", "id_invoice_detail") values (380, 2, '2017-6-17 9:50:12', 424);

insert into INVOICE ("id_invoice", "id_paiment_type", "purchase_time", "id_invoice_detail") values (655, 5, '2017-2-12 3:20:8', 718);

insert into INVOICE ("id_invoice", "id_paiment_type", "purchase_time", "id_invoice_detail") values (331, 7, '2017-8-3 12:17:44', 718);

insert into INVOICE ("id_invoice", "id_paiment_type", "purchase_time", "id_invoice_detail") values (532, 2, '2017-10-8 15:55:57', 718);

insert into INVOICE ("id_invoice", "id_paiment_type", "purchase_time", "id_invoice_detail") values (667, 8, '2017-3-16 4:58:17', 203);

insert into INVOICE ("id_invoice", "id_paiment_type", "purchase_time", "id_invoice_detail") values (976, 4, '2017-12-3 18:56:47', 203);

insert into INVOICE ("id_invoice", "id_paiment_type", "purchase_time", "id_invoice_detail") values (646, 3, '2017-4-27 7:12:29', 135);

insert into INVOICE ("id_invoice", "id_paiment_type", "purchase_time", "id_invoice_detail") values (495, 7, '2017-12-27 20:10:44', 424);

insert into INVOICE ("id_invoice", "id_paiment_type", "purchase_time", "id_invoice_detail") values (846, 1, '2017-2-5 2:55:18', 203);

insert into INVOICE ("id_invoice", "id_paiment_type", "purchase_time", "id_invoice_detail") values (95, 5, '2017-12-26 20:9:37', 203);

insert into INVOICE ("id_invoice", "id_paiment_type", "purchase_time", "id_invoice_detail") values (291, 7, '2017-10-31 17:12:20', 718);

insert into INVOICE ("id_invoice", "id_paiment_type", "purchase_time", "id_invoice_detail") values (374, 8, '2017-7-27 11:52:7', 544);

insert into INVOICE ("id_invoice", "id_paiment_type", "purchase_time", "id_invoice_detail") values (202, 5, '2018-2-13 22:31:45', 15);

insert into INVOICE ("id_invoice", "id_paiment_type", "purchase_time", "id_invoice_detail") values (11, 2, '2017-10-15 16:20:9', 424);

insert into INVOICE ("id_invoice", "id_paiment_type", "purchase_time", "id_invoice_detail") values (904, 4, '2017-2-9 3:10:56', 424);

insert into INVOICE ("id_invoice", "id_paiment_type", "purchase_time", "id_invoice_detail") values (970, 4, '2018-2-6 22:12:51', 424);

insert into INVOICE ("id_invoice", "id_paiment_type", "purchase_time", "id_invoice_detail") values (435, 3, '2018-1-12 20:57:44', 437);

insert into INVOICE ("id_invoice", "id_paiment_type", "purchase_time", "id_invoice_detail") values (666, 3, '2017-7-16 11:22:11', 135);

insert into INVOICE ("id_invoice", "id_paiment_type", "purchase_time", "id_invoice_detail") values (781, 7, '2017-9-13 14:40:35', 203);

insert into INVOICE ("id_invoice", "id_paiment_type", "purchase_time", "id_invoice_detail") values (776, 9, '2017-1-6 1:16:58', 135);

insert into INVOICE ("id_invoice", "id_paiment_type", "purchase_time", "id_invoice_detail") values (645, 9, '2017-10-1 15:34:29', 718);

insert into INVOICE ("id_invoice", "id_paiment_type", "purchase_time", "id_invoice_detail") values (919, 7, '2017-4-25 7:6:3', 424);

insert into INVOICE ("id_invoice", "id_paiment_type", "purchase_time", "id_invoice_detail") values (540, 8, '2017-1-23 2:19:31', 424);

insert into INVOICE ("id_invoice", "id_paiment_type", "purchase_time", "id_invoice_detail") values (90, 4, '2017-10-27 16:58:20', 718);

insert into INVOICE ("id_invoice", "id_paiment_type", "purchase_time", "id_invoice_detail") values (170, 8, '2017-10-24 16:48:13', 437);

insert into INVOICE ("id_invoice", "id_paiment_type", "purchase_time", "id_invoice_detail") values (322, 2, '2017-1-2 1:5:23', 203);

insert into INVOICE ("id_invoice", "id_paiment_type", "purchase_time", "id_invoice_detail") values (715, 8, '2017-11-24 18:27:13', 718);

insert into INVOICE ("id_invoice", "id_paiment_type", "purchase_time", "id_invoice_detail") values (455, 3, '2017-10-5 15:49:57', 424);

insert into INVOICE ("id_invoice", "id_paiment_type", "purchase_time", "id_invoice_detail") values (863, 1, '2017-5-24 8:34:56', 15);

insert into INVOICE ("id_invoice", "id_paiment_type", "purchase_time", "id_invoice_detail") values (808, 1, '2017-2-8 3:9:52', 437);

insert into INVOICE ("id_invoice", "id_paiment_type", "purchase_time", "id_invoice_detail") values (323, 4, '2017-8-21 13:23:52', 15);

insert into INVOICE ("id_invoice", "id_paiment_type", "purchase_time", "id_invoice_detail") values (546, 1, '2017-11-20 18:11:47', 15);

insert into INVOICE ("id_invoice", "id_paiment_type", "purchase_time", "id_invoice_detail") values (789, 9, '2017-7-19 11:28:41', 15);

